,image_id,person_id
0,000001.jpg,2880
14,000015.jpg,1854
15,000016.jpg,4905
17,000018.jpg,2464
33,000034.jpg,1603
51,000052.jpg,3896
87,000088.jpg,5578
99,000100.jpg,6746
102,000103.jpg,273
114,000115.jpg,6802
128,000129.jpg,59
131,000132.jpg,5173
134,000135.jpg,2522
139,000140.jpg,5151
146,000147.jpg,3485
149,000150.jpg,6568
152,000153.jpg,4099
153,000154.jpg,6565
156,000157.jpg,5311
161,000162.jpg,3055
167,000168.jpg,2463
170,000171.jpg,78
171,000172.jpg,6844
178,000179.jpg,4258
187,000188.jpg,142
194,000195.jpg,3376
204,000205.jpg,4811
211,000212.jpg,6718
236,000237.jpg,7524
250,000251.jpg,9213
257,000258.jpg,5489
266,000267.jpg,6440
272,000273.jpg,2136
280,000281.jpg,9027
284,000285.jpg,6394
293,000294.jpg,2522
302,000303.jpg,2249
322,000323.jpg,3875
325,000326.jpg,2239
327,000328.jpg,6351
342,000343.jpg,2134
343,000344.jpg,975
362,000363.jpg,951
380,000381.jpg,6023
403,000404.jpg,2880
411,000412.jpg,147
419,000420.jpg,6858
431,000432.jpg,1362
435,000436.jpg,3029
441,000442.jpg,2063
443,000444.jpg,6792
463,000464.jpg,3027
480,000481.jpg,22
533,000534.jpg,6803
535,000536.jpg,2930
561,000562.jpg,2097
579,000580.jpg,2897
584,000585.jpg,6792
598,000599.jpg,6691
604,000605.jpg,32
613,000614.jpg,3055
617,000618.jpg,3431
621,000622.jpg,6546
626,000627.jpg,1811
630,000631.jpg,5235
638,000639.jpg,7524
648,000649.jpg,5341
650,000651.jpg,6718
664,000665.jpg,3148
667,000668.jpg,9023
672,000673.jpg,2611
674,000675.jpg,3149
722,000723.jpg,6546
746,000747.jpg,2518
751,000752.jpg,2524
758,000759.jpg,9184
772,000773.jpg,4334
790,000791.jpg,8627
794,000795.jpg,7294
800,000801.jpg,10000
818,000819.jpg,8722
828,000829.jpg,1272
839,000840.jpg,5833
848,000849.jpg,2250
852,000853.jpg,492
870,000871.jpg,5361
871,000872.jpg,5311
889,000890.jpg,1137
894,000895.jpg,5706
907,000908.jpg,4236
912,000913.jpg,6546
968,000969.jpg,4094
981,000982.jpg,2472
989,000990.jpg,9084
992,000993.jpg,1938
1000,001001.jpg,2231
1002,001003.jpg,1811
1010,001011.jpg,2242
1015,001016.jpg,8831
1019,001020.jpg,4532
1029,001030.jpg,3847
1034,001035.jpg,3130
1035,001036.jpg,6802
1053,001054.jpg,8947
1062,001063.jpg,3569
1070,001071.jpg,7178
1096,001097.jpg,3522
1097,001098.jpg,5086
1119,001120.jpg,4719
1147,001148.jpg,303
1149,001150.jpg,4543
1156,001157.jpg,5706
1172,001173.jpg,3620
1205,001206.jpg,6986
1207,001208.jpg,2509
1216,001217.jpg,6492
1228,001229.jpg,6036
1235,001236.jpg,6532
1242,001243.jpg,234
1246,001247.jpg,1947
1250,001251.jpg,2433
1276,001277.jpg,1289
1293,001294.jpg,6394
1298,001299.jpg,9923
1331,001332.jpg,992
1335,001336.jpg,6110
1349,001350.jpg,4014
1352,001353.jpg,10050
1358,001359.jpg,2235
1368,001369.jpg,1711
1379,001380.jpg,6300
1381,001382.jpg,7320
1387,001388.jpg,3130
1396,001397.jpg,8932
1401,001402.jpg,10093
1406,001407.jpg,6989
1408,001409.jpg,5018
1409,001410.jpg,5866
1419,001420.jpg,2996
1423,001424.jpg,4955
1433,001434.jpg,6624
1450,001451.jpg,4913
1456,001457.jpg,10135
1458,001459.jpg,5866
1486,001487.jpg,9023
1493,001494.jpg,2235
1494,001495.jpg,9179
1496,001497.jpg,3431
1499,001500.jpg,4027
1509,001510.jpg,4975
1515,001516.jpg,7119
1526,001527.jpg,160
1529,001530.jpg,10000
1540,001541.jpg,3130
1553,001554.jpg,4414
1566,001567.jpg,5833
1577,001578.jpg,5479
1579,001580.jpg,1875
1583,001584.jpg,3696
1588,001589.jpg,6543
1590,001591.jpg,951
1592,001593.jpg,69
1636,001637.jpg,8566
1643,001644.jpg,69
1660,001661.jpg,6806
1663,001664.jpg,4433
1676,001677.jpg,22
1698,001699.jpg,4724
1726,001727.jpg,1585
1733,001734.jpg,2263
1736,001737.jpg,2006
1737,001738.jpg,9821
1748,001749.jpg,2334
1756,001757.jpg,4094
1761,001762.jpg,1811
1763,001764.jpg,3862
1769,001770.jpg,5140
1790,001791.jpg,4924
1806,001807.jpg,4554
1809,001810.jpg,7755
1814,001815.jpg,2072
1820,001821.jpg,147
1827,001828.jpg,9687
1833,001834.jpg,6624
1841,001842.jpg,6449
1842,001843.jpg,9542
1845,001846.jpg,1929
1858,001859.jpg,6792
1880,001881.jpg,487
1899,001900.jpg,4099
1903,001904.jpg,10044
1926,001927.jpg,1852
1944,001945.jpg,2433
1957,001958.jpg,2443
1965,001966.jpg,4543
1978,001979.jpg,1648
1979,001980.jpg,2996
1987,001988.jpg,6562
2002,002003.jpg,4087
2006,002007.jpg,10135
2011,002012.jpg,4719
2012,002013.jpg,6563
2014,002015.jpg,5765
2017,002018.jpg,4814
2018,002019.jpg,2443
2023,002024.jpg,8460
2029,002030.jpg,2509
2038,002039.jpg,5342
2057,002058.jpg,7335
2069,002070.jpg,9023
2076,002077.jpg,6688
2079,002080.jpg,5291
2099,002100.jpg,2914
2100,002101.jpg,3853
2109,002110.jpg,2263
2133,002134.jpg,3400
2142,002143.jpg,2792
2168,002169.jpg,8380
2178,002179.jpg,2231
2191,002192.jpg,3708
2194,002195.jpg,6665
2229,002230.jpg,3522
2235,002236.jpg,5247
2239,002240.jpg,6681
2260,002261.jpg,5311
2266,002267.jpg,6725
2270,002271.jpg,7786
2280,002281.jpg,3648
2284,002285.jpg,2235
2288,002289.jpg,8796
2289,002290.jpg,1936
2291,002292.jpg,1761
2301,002302.jpg,5765
2376,002377.jpg,5291
2389,002390.jpg,6351
2391,002392.jpg,2072
2398,002399.jpg,6665
2399,002400.jpg,1700
2433,002434.jpg,8878
2441,002442.jpg,10044
2443,002444.jpg,1648
2452,002453.jpg,6100
2465,002466.jpg,4814
2492,002493.jpg,4549
2513,002514.jpg,6188
2571,002572.jpg,7755
2599,002600.jpg,8676
2603,002604.jpg,5391
2605,002606.jpg,1951
2607,002608.jpg,8742
2623,002624.jpg,2335
2627,002628.jpg,9923
2661,002662.jpg,5489
2672,002673.jpg,1844
2673,002674.jpg,3052
2675,002676.jpg,4913
2678,002679.jpg,5238
2692,002693.jpg,8733
2720,002721.jpg,10093
2723,002724.jpg,3727
2732,002733.jpg,47
2735,002736.jpg,1852
2754,002755.jpg,2464
2764,002765.jpg,6792
2765,002766.jpg,47
2787,002788.jpg,4924
2791,002792.jpg,5489
2795,002796.jpg,2072
2802,002803.jpg,1871
2805,002806.jpg,10085
2816,002817.jpg,2883
2821,002822.jpg,273
2822,002823.jpg,9211
2849,002850.jpg,1383
2857,002858.jpg,6394
2861,002862.jpg,1956
2862,002863.jpg,1986
2863,002864.jpg,5334
2876,002877.jpg,9921
2878,002879.jpg,8468
2896,002897.jpg,5204
2911,002912.jpg,8521
2917,002918.jpg,4511
2922,002923.jpg,2537
2933,002934.jpg,8679
2951,002952.jpg,2235
2977,002978.jpg,5361
2992,002993.jpg,7209
2994,002995.jpg,4549
3002,003003.jpg,2914
3014,003015.jpg,10071
3019,003020.jpg,8742
3021,003022.jpg,10000
3024,003025.jpg,5353
3032,003033.jpg,8380
3038,003039.jpg,21
3075,003076.jpg,9687
3111,003112.jpg,8926
3126,003127.jpg,2910
3151,003152.jpg,7178
3155,003156.jpg,6860
3178,003179.jpg,2445
3180,003181.jpg,8460
3182,003183.jpg,4448
3215,003216.jpg,4814
3216,003217.jpg,9023
3224,003225.jpg,5318
3225,003226.jpg,8460
3227,003228.jpg,7013
3232,003233.jpg,3480
3239,003240.jpg,3853
3245,003246.jpg,6665
3247,003248.jpg,2243
3255,003256.jpg,5291
3272,003273.jpg,32
3276,003277.jpg,6547
3290,003291.jpg,6555
3310,003311.jpg,9087
3330,003331.jpg,2897
3337,003338.jpg,10044
3374,003375.jpg,1815
3408,003409.jpg,4258
3414,003415.jpg,2880
3415,003416.jpg,5190
3423,003424.jpg,5532
3427,003428.jpg,1854
3429,003430.jpg,492
3461,003462.jpg,4251
3478,003479.jpg,5140
3534,003535.jpg,6603
3535,003536.jpg,8733
3543,003544.jpg,4842
3544,003545.jpg,7786
3568,003569.jpg,1383
3576,003577.jpg,6803
3582,003583.jpg,2914
3642,003643.jpg,2134
3664,003665.jpg,7786
3667,003668.jpg,59
3668,003669.jpg,1305
3676,003677.jpg,17
3678,003679.jpg,6558
3688,003689.jpg,8468
3689,003690.jpg,3010
3695,003696.jpg,160
3697,003698.jpg,6449
3717,003718.jpg,5353
3736,003737.jpg,6417
3741,003742.jpg,8460
3753,003754.jpg,5311
3766,003767.jpg,993
3792,003793.jpg,632
3810,003811.jpg,679
3822,003823.jpg,4913
3831,003832.jpg,8878
3842,003843.jpg,1603
3857,003858.jpg,6543
3868,003869.jpg,2243
3902,003903.jpg,2952
3938,003939.jpg,7320
3949,003950.jpg,7178
3970,003971.jpg,993
3982,003983.jpg,3478
3985,003986.jpg,1443
3994,003995.jpg,5190
4013,004014.jpg,8072
4033,004034.jpg,6928
4038,004039.jpg,5142
4055,004056.jpg,5386
4089,004090.jpg,8528
4091,004092.jpg,1944
4092,004093.jpg,7294
4100,004101.jpg,4924
4141,004142.jpg,3847
4151,004152.jpg,8644
4163,004164.jpg,5581
4187,004188.jpg,9084
4200,004201.jpg,3862
4204,004205.jpg,8860
4216,004217.jpg,8817
4240,004241.jpg,2231
4243,004244.jpg,4414
4245,004246.jpg,9401
4255,004256.jpg,2235
4277,004278.jpg,8430
4287,004288.jpg,6394
4291,004292.jpg,487
4302,004303.jpg,2910
4317,004318.jpg,4905
4320,004321.jpg,3959
4334,004335.jpg,5833
4347,004348.jpg,234
4354,004355.jpg,4532
4377,004378.jpg,6440
4387,004388.jpg,2349
4389,004390.jpg,2880
4399,004400.jpg,9184
4403,004404.jpg,5452
4519,004520.jpg,2235
4526,004527.jpg,3052
4532,004533.jpg,5198
4548,004549.jpg,6023
4549,004550.jpg,2406
4557,004558.jpg,1815
4561,004562.jpg,3278
4565,004566.jpg,5142
4567,004568.jpg,21
4572,004573.jpg,1648
4586,004587.jpg,3477
4636,004637.jpg,2019
4655,004656.jpg,1711
4658,004659.jpg,2472
4659,004660.jpg,6704
4671,004672.jpg,4433
4685,004686.jpg,2243
4696,004697.jpg,1137
4710,004711.jpg,3708
4738,004739.jpg,7426
4743,004744.jpg,3896
4746,004747.jpg,3928
4768,004769.jpg,4955
4778,004779.jpg,5140
4782,004783.jpg,3862
4810,004811.jpg,8796
4814,004815.jpg,4637
4838,004839.jpg,8618
4840,004841.jpg,6555
4853,004854.jpg,2406
4899,004900.jpg,248
4910,004911.jpg,5247
4930,004931.jpg,8127
4948,004949.jpg,1303
4959,004960.jpg,2772
5027,005028.jpg,4934
5047,005048.jpg,3875
5053,005054.jpg,5291
5095,005096.jpg,2914
5111,005112.jpg,10071
5112,005113.jpg,1589
5119,005120.jpg,6858
5120,005121.jpg,3960
5126,005127.jpg,8663
5150,005151.jpg,4258
5167,005168.jpg,4924
5172,005173.jpg,9542
5263,005264.jpg,9821
5273,005274.jpg,6725
5284,005285.jpg,5342
5295,005296.jpg,3730
5310,005311.jpg,5386
5329,005330.jpg,21
5333,005334.jpg,1289
5394,005395.jpg,8722
5402,005403.jpg,4236
5408,005409.jpg,2097
5415,005416.jpg,6562
5456,005457.jpg,3376
5468,005469.jpg,1842
5486,005487.jpg,5235
5504,005505.jpg,1871
5553,005554.jpg,6394
5560,005561.jpg,8440
5571,005572.jpg,2084
5573,005574.jpg,3055
5593,005594.jpg,632
5635,005636.jpg,8831
5649,005650.jpg,7716
5678,005679.jpg,69
5680,005681.jpg,6894
5689,005690.jpg,3875
5699,005700.jpg,17
5718,005719.jpg,8932
5726,005727.jpg,5242
5728,005729.jpg,4414
5730,005731.jpg,2509
5738,005739.jpg,4070
5815,005816.jpg,8468
5836,005837.jpg,1474
5839,005840.jpg,7209
5863,005864.jpg,273
5875,005876.jpg,9210
5880,005881.jpg,1648
5887,005888.jpg,8878
5892,005893.jpg,8831
5895,005896.jpg,1944
5901,005902.jpg,8011
5919,005920.jpg,1938
5924,005925.jpg,5198
5936,005937.jpg,9183
5959,005960.jpg,6547
5960,005961.jpg,9830
5972,005973.jpg,5173
5974,005975.jpg,4174
5976,005977.jpg,8632
5977,005978.jpg,487
5981,005982.jpg,5153
6003,006004.jpg,6152
6008,006009.jpg,6351
6017,006018.jpg,2433
6040,006041.jpg,3648
6046,006047.jpg,3727
6084,006085.jpg,22
6088,006089.jpg,4975
6093,006094.jpg,3708
6152,006153.jpg,4473
6161,006162.jpg,1180
6167,006168.jpg,2433
6169,006170.jpg,6543
6174,006175.jpg,1370
6191,006192.jpg,6928
6212,006213.jpg,142
6225,006226.jpg,3911
6242,006243.jpg,5291
6246,006247.jpg,3478
6256,006257.jpg,4724
6273,006274.jpg,3928
6274,006275.jpg,4070
6282,006283.jpg,3029
6302,006303.jpg,6351
6310,006311.jpg,918
6319,006320.jpg,2429
6346,006347.jpg,8679
6355,006356.jpg,1743
6358,006359.jpg,1270
6359,006360.jpg,7119
6363,006364.jpg,4473
6380,006381.jpg,8722
6389,006390.jpg,4473
6397,006398.jpg,8632
6406,006407.jpg,2117
6413,006414.jpg,1224
6415,006416.jpg,10085
6442,006443.jpg,8626
6466,006467.jpg,632
6477,006478.jpg,4258
6509,006510.jpg,1305
6523,006524.jpg,4811
6542,006543.jpg,142
6561,006562.jpg,8712
6569,006570.jpg,47
6571,006572.jpg,7786
6580,006581.jpg,1025
6584,006585.jpg,2235
6589,006590.jpg,7786
6591,006592.jpg,9039
6596,006597.jpg,3127
6642,006643.jpg,3708
6644,006645.jpg,9921
6689,006690.jpg,6702
6695,006696.jpg,5342
6703,006704.jpg,1305
6719,006720.jpg,9023
6724,006725.jpg,6704
6744,006745.jpg,7294
6749,006750.jpg,3641
6753,006754.jpg,1648
6768,006769.jpg,5263
6811,006812.jpg,1443
6814,006815.jpg,9041
6821,006822.jpg,6688
6844,006845.jpg,5504
6852,006853.jpg,6603
6857,006858.jpg,9179
6862,006863.jpg,5361
6868,006869.jpg,9039
6877,006878.jpg,2897
6891,006892.jpg,9041
6893,006894.jpg,4190
6916,006917.jpg,6878
6921,006922.jpg,142
6929,006930.jpg,3911
6939,006940.jpg,8521
6941,006942.jpg,9533
6957,006958.jpg,4251
6969,006970.jpg,1224
6970,006971.jpg,2443
6982,006983.jpg,6803
6993,006994.jpg,2084
7012,007013.jpg,4450
7022,007023.jpg,2518
7026,007027.jpg,1474
7043,007044.jpg,6058
7064,007065.jpg,9183
7065,007066.jpg,8878
7093,007094.jpg,4924
7095,007096.jpg,10044
7121,007122.jpg,1743
7122,007123.jpg,2349
7125,007126.jpg,6558
7127,007128.jpg,10135
7131,007132.jpg,9965
7133,007134.jpg,1811
7135,007136.jpg,6214
7156,007157.jpg,4562
7158,007159.jpg,6624
7170,007171.jpg,4220
7175,007176.jpg,6803
7205,007206.jpg,3896
7206,007207.jpg,6429
7217,007218.jpg,1289
7228,007229.jpg,8812
7239,007240.jpg,6860
7248,007249.jpg,6024
7264,007265.jpg,2996
7339,007340.jpg,1560
7348,007349.jpg,6811
7375,007376.jpg,8636
7380,007381.jpg,5247
7385,007386.jpg,3960
7388,007389.jpg,32
7395,007396.jpg,1936
7409,007410.jpg,4811
7446,007447.jpg,5581
7450,007451.jpg,1181
7453,007454.jpg,6624
7461,007462.jpg,1711
7478,007479.jpg,3928
7492,007493.jpg,69
7499,007500.jpg,1871
7524,007525.jpg,6558
7535,007536.jpg,2522
7546,007547.jpg,7320
7566,007567.jpg,3641
7576,007577.jpg,6440
7577,007578.jpg,8644
7579,007580.jpg,8127
7583,007584.jpg,1914
7594,007595.jpg,3620
7639,007640.jpg,2141
7647,007648.jpg,4874
7648,007649.jpg,1929
7652,007653.jpg,5291
7658,007659.jpg,5235
7695,007696.jpg,1180
7741,007742.jpg,2136
7750,007751.jpg,5318
7788,007789.jpg,5151
7805,007806.jpg,3853
7816,007817.jpg,8460
7827,007828.jpg,69
7831,007832.jpg,4636
7848,007849.jpg,6714
7852,007853.jpg,6110
7868,007869.jpg,951
7870,007871.jpg,8286
7877,007878.jpg,10093
7885,007886.jpg,6574
7887,007888.jpg,1711
7902,007903.jpg,3324
7911,007912.jpg,1303
7915,007916.jpg,6718
7941,007942.jpg,1383
7962,007963.jpg,10071
7981,007982.jpg,4874
7982,007983.jpg,7209
7984,007985.jpg,6583
7991,007992.jpg,1383
7997,007998.jpg,3875
8011,008012.jpg,9946
8025,008026.jpg,993
8043,008044.jpg,5202
8044,008045.jpg,6583
8064,008065.jpg,3400
8086,008087.jpg,8944
8087,008088.jpg,6811
8112,008113.jpg,4874
8115,008116.jpg,6044
8151,008152.jpg,5311
8175,008176.jpg,2231
8187,008188.jpg,3485
8199,008200.jpg,6878
8206,008207.jpg,9401
8208,008209.jpg,6947
8209,008210.jpg,2463
8222,008223.jpg,9039
8226,008227.jpg,8528
8229,008230.jpg,8011
8251,008252.jpg,5078
8259,008260.jpg,8430
8278,008279.jpg,3959
8280,008281.jpg,3875
8296,008297.jpg,1761
8298,008299.jpg,1180
8314,008315.jpg,8722
8316,008317.jpg,1743
8327,008328.jpg,5479
8367,008368.jpg,1815
8393,008394.jpg,6858
8398,008399.jpg,5428
8409,008410.jpg,7755
8447,008448.jpg,2136
8457,008458.jpg,1270
8483,008484.jpg,5581
8516,008517.jpg,6563
8556,008557.jpg,9946
8561,008562.jpg,9158
8593,008594.jpg,4719
8600,008601.jpg,2249
8609,008610.jpg,6714
8653,008654.jpg,6443
8661,008662.jpg,6420
8666,008667.jpg,1181
8667,008668.jpg,6688
8691,008692.jpg,2914
8692,008693.jpg,7178
8698,008699.jpg,5866
8706,008707.jpg,492
8730,008731.jpg,1589
8733,008734.jpg,5221
8739,008740.jpg,2006
8745,008746.jpg,5519
8747,008748.jpg,1061
8749,008750.jpg,4719
8767,008768.jpg,7119
8789,008790.jpg,8632
8811,008812.jpg,4448
8813,008814.jpg,4087
8829,008830.jpg,9700
8859,008860.jpg,2611
8867,008868.jpg,7294
8895,008896.jpg,3641
8899,008900.jpg,10000
8908,008909.jpg,9213
8918,008919.jpg,4672
8919,008920.jpg,8460
8935,008936.jpg,3701
8944,008945.jpg,4805
8958,008959.jpg,2537
8982,008983.jpg,6718
8983,008984.jpg,7755
8993,008994.jpg,2332
9010,009011.jpg,5242
9017,009018.jpg,5078
9046,009047.jpg,8733
9060,009061.jpg,6704
9075,009076.jpg,9533
9076,009077.jpg,1914
9078,009079.jpg,3696
9101,009102.jpg,6044
9109,009110.jpg,5581
9119,009120.jpg,6351
9133,009134.jpg,5353
9138,009139.jpg,5202
9169,009170.jpg,4521
9173,009174.jpg,8566
9174,009175.jpg,1585
9195,009196.jpg,6681
9208,009209.jpg,3915
9209,009210.jpg,6860
9249,009250.jpg,1383
9251,009252.jpg,8860
9260,009261.jpg,9211
9281,009282.jpg,6417
9297,009298.jpg,2225
9304,009305.jpg,6152
9311,009312.jpg,4357
9335,009336.jpg,10050
9338,009339.jpg,6860
9354,009355.jpg,8831
9364,009365.jpg,5242
9375,009376.jpg,2263
9386,009387.jpg,2897
9425,009426.jpg,303
9430,009431.jpg,7516
9463,009464.jpg,2952
9472,009473.jpg,3623
9474,009475.jpg,4637
9475,009476.jpg,2243
9480,009481.jpg,3480
9497,009498.jpg,9087
9562,009563.jpg,2225
9563,009564.jpg,9179
9592,009593.jpg,5353
9595,009596.jpg,6562
9612,009613.jpg,2643
9619,009620.jpg,4805
9625,009626.jpg,7881
9638,009639.jpg,4975
9646,009647.jpg,632
9649,009650.jpg,9158
9654,009655.jpg,6300
9712,009713.jpg,4934
9716,009717.jpg,9700
9719,009720.jpg,1929
9724,009725.jpg,1370
9733,009734.jpg,3130
9735,009736.jpg,2433
9753,009754.jpg,4637
9775,009776.jpg,679
9777,009778.jpg,4955
9801,009802.jpg,5386
9804,009805.jpg,9821
9805,009806.jpg,2472
9817,009818.jpg,5341
9854,009855.jpg,3010
9857,009858.jpg,2574
9862,009863.jpg,2235
9883,009884.jpg,492
9894,009895.jpg,6803
9898,009899.jpg,6688
9900,009901.jpg,1956
9902,009903.jpg,6803
9936,009937.jpg,6214
9961,009962.jpg,1914
9974,009975.jpg,4236
9980,009981.jpg,7320
9988,009989.jpg,2063
9996,009997.jpg,1272
10016,010017.jpg,2792
10024,010025.jpg,5173
10031,010032.jpg,1986
10036,010037.jpg,2443
10040,010041.jpg,3477
10056,010057.jpg,2334
10069,010070.jpg,3959
10078,010079.jpg,2019
10086,010087.jpg,4842
10094,010095.jpg,2084
10101,010102.jpg,4905
10156,010157.jpg,8632
10167,010168.jpg,6603
10176,010177.jpg,5353
10181,010182.jpg,5202
10205,010206.jpg,6492
10210,010211.jpg,9533
10225,010226.jpg,4532
10260,010261.jpg,1998
10262,010263.jpg,8812
10264,010265.jpg,9211
10268,010269.jpg,2472
10292,010293.jpg,5706
10320,010321.jpg,4236
10332,010333.jpg,7673
10382,010383.jpg,3478
10388,010389.jpg,3569
10402,010403.jpg,8812
10405,010406.jpg,1051
10469,010470.jpg,10071
10477,010478.jpg,7516
10480,010481.jpg,7238
10504,010505.jpg,6718
10518,010519.jpg,5173
10531,010532.jpg,8636
10567,010568.jpg,10050
10609,010610.jpg,2429
10629,010630.jpg,3730
10631,010632.jpg,6128
10647,010648.jpg,5238
10664,010665.jpg,4874
10685,010686.jpg,10050
10688,010689.jpg,8440
10722,010723.jpg,6492
10724,010725.jpg,2295
10726,010727.jpg,2130
10733,010734.jpg,4547
10738,010739.jpg,951
10751,010752.jpg,9041
10802,010803.jpg,5247
10808,010809.jpg,6681
10809,010810.jpg,9183
10818,010819.jpg,1711
10832,010833.jpg,7013
10854,010855.jpg,4163
10918,010919.jpg,7145
10920,010921.jpg,1560
10928,010929.jpg,2509
10931,010932.jpg,8733
10938,010939.jpg,1305
10946,010947.jpg,3648
10971,010972.jpg,8528
10980,010981.jpg,6688
10981,010982.jpg,9533
10986,010987.jpg,9211
11005,011006.jpg,6403
11021,011022.jpg,21
11042,011043.jpg,1272
11049,011050.jpg,4521
11051,011052.jpg,4164
11060,011061.jpg,5449
11083,011084.jpg,5173
11086,011087.jpg,7145
11090,011091.jpg,6858
11105,011106.jpg,2130
11106,011107.jpg,4719
11115,011116.jpg,6562
11120,011121.jpg,2516
11146,011147.jpg,1025
11156,011157.jpg,3485
11164,011165.jpg,5504
11166,011167.jpg,6128
11167,011168.jpg,8566
11180,011181.jpg,6024
11182,011183.jpg,4811
11184,011185.jpg,7426
11211,011212.jpg,5386
11215,011216.jpg,3148
11218,011219.jpg,5313
11221,011222.jpg,5391
11255,011256.jpg,15
11265,011266.jpg,2296
11270,011271.jpg,3480
11286,011287.jpg,987
11311,011312.jpg,303
11318,011319.jpg,2516
11319,011320.jpg,3010
11334,011335.jpg,1956
11340,011341.jpg,10000
11341,011342.jpg,1947
11342,011343.jpg,1051
11357,011358.jpg,4891
11369,011370.jpg,1854
11373,011374.jpg,6714
11381,011382.jpg,4450
11382,011383.jpg,8712
11416,011417.jpg,8618
11431,011432.jpg,2332
11447,011448.jpg,1305
11456,011457.jpg,2231
11462,011463.jpg,992
11473,011474.jpg,1871
11503,011504.jpg,3853
11508,011509.jpg,234
11516,011517.jpg,5238
11526,011527.jpg,8562
11547,011548.jpg,6792
11563,011564.jpg,8676
11572,011573.jpg,4255
11578,011579.jpg,4955
11595,011596.jpg,4255
11608,011609.jpg,2263
11609,011610.jpg,4543
11612,011613.jpg,5247
11624,011625.jpg,47
11637,011638.jpg,2242
11639,011640.jpg,2296
11642,011643.jpg,9923
11673,011674.jpg,1811
11693,011694.jpg,6417
11703,011704.jpg,2242
11705,011706.jpg,3911
11712,011713.jpg,5190
11713,011714.jpg,3148
11716,011717.jpg,6574
11720,011721.jpg,234
11732,011733.jpg,47
11749,011750.jpg,10000
11765,011766.jpg,1852
11791,011792.jpg,7516
11812,011813.jpg,9039
11825,011826.jpg,2335
11842,011843.jpg,3052
11890,011891.jpg,4842
11908,011909.jpg,6844
11927,011928.jpg,9401
11968,011969.jpg,4562
11972,011973.jpg,2249
11980,011981.jpg,1474
11985,011986.jpg,5342
11988,011989.jpg,1288
11994,011995.jpg,8817
12006,012007.jpg,1956
12010,012011.jpg,4814
12068,012069.jpg,7516
12070,012071.jpg,4099
12089,012090.jpg,6583
12093,012094.jpg,2429
12104,012105.jpg,4511
12132,012133.jpg,7238
12134,012135.jpg,1383
12138,012139.jpg,6746
12152,012153.jpg,5732
12160,012161.jpg,6152
12175,012176.jpg,8796
12185,012186.jpg,6417
12202,012203.jpg,8627
12244,012245.jpg,3959
12269,012270.jpg,2231
12277,012278.jpg,5896
12285,012286.jpg,5140
12291,012292.jpg,1362
12308,012309.jpg,1951
12316,012317.jpg,1180
12317,012318.jpg,3620
12318,012319.jpg,9533
12331,012332.jpg,59
12335,012336.jpg,3400
12350,012351.jpg,5532
12374,012375.jpg,1914
12375,012376.jpg,7673
12384,012385.jpg,5078
12424,012425.jpg,2239
12426,012427.jpg,7178
12432,012433.jpg,6555
12447,012448.jpg,4293
12453,012454.jpg,4562
12512,012513.jpg,2416
12513,012514.jpg,6989
12522,012523.jpg,5221
12527,012528.jpg,4094
12543,012544.jpg,7238
12560,012561.jpg,3383
12585,012586.jpg,492
12604,012605.jpg,5247
12622,012623.jpg,4163
12637,012638.jpg,918
12651,012652.jpg,8566
12652,012653.jpg,3127
12668,012669.jpg,9119
12673,012674.jpg,5313
12688,012689.jpg,2472
12691,012692.jpg,9119
12692,012693.jpg,1998
12714,012715.jpg,1289
12717,012718.jpg,5361
12724,012725.jpg,4720
12733,012734.jpg,4811
12748,012749.jpg,2141
12767,012768.jpg,9687
12771,012772.jpg,6702
12772,012773.jpg,2295
12784,012785.jpg,2231
12796,012797.jpg,8528
12806,012807.jpg,6403
12809,012810.jpg,9039
12817,012818.jpg,1025
12821,012822.jpg,1137
12852,012853.jpg,8742
12865,012866.jpg,4070
12875,012876.jpg,1051
12901,012902.jpg,8618
12904,012905.jpg,3477
12910,012911.jpg,8072
12913,012914.jpg,975
12915,012916.jpg,5386
12927,012928.jpg,8676
12937,012938.jpg,21
12960,012961.jpg,2239
12966,012967.jpg,9026
12975,012976.jpg,3847
12976,012977.jpg,1270
13017,013018.jpg,5866
13029,013030.jpg,9183
13035,013036.jpg,7209
13043,013044.jpg,4814
13057,013058.jpg,6583
13075,013076.jpg,7294
13086,013087.jpg,4087
13097,013098.jpg,1852
13101,013102.jpg,1842
13105,013106.jpg,3478
13126,013127.jpg,1770
13131,013132.jpg,3522
13137,013138.jpg,15
13145,013146.jpg,5235
13146,013147.jpg,2083
13163,013164.jpg,6547
13186,013187.jpg,1025
13190,013191.jpg,273
13201,013202.jpg,5418
13213,013214.jpg,2996
13225,013226.jpg,6746
13227,013228.jpg,5092
13234,013235.jpg,5135
13278,013279.jpg,6044
13309,013310.jpg,5418
13328,013329.jpg,2335
13340,013341.jpg,8626
13345,013346.jpg,6714
13371,013372.jpg,2518
13400,013401.jpg,6576
13408,013409.jpg,2772
13427,013428.jpg,21
13437,013438.jpg,9087
13438,013439.jpg,8712
13479,013480.jpg,2952
13489,013490.jpg,1585
13525,013526.jpg,3148
13545,013546.jpg,2190
13552,013553.jpg,6802
13570,013571.jpg,1224
13574,013575.jpg,9965
13582,013583.jpg,6044
13583,013584.jpg,2072
13584,013585.jpg,2516
13627,013628.jpg,3862
13646,013647.jpg,1711
13666,013667.jpg,1224
13716,013717.jpg,5479
13724,013725.jpg,5135
13740,013741.jpg,2249
13770,013771.jpg,6492
13772,013773.jpg,6429
13776,013777.jpg,1956
13781,013782.jpg,7755
13795,013796.jpg,2349
13805,013806.jpg,4014
13823,013824.jpg,6403
13830,013831.jpg,69
13850,013851.jpg,142
13852,013853.jpg,5342
13859,013860.jpg,5078
13861,013862.jpg,6803
13872,013873.jpg,3477
13891,013892.jpg,4720
13892,013893.jpg,6351
13894,013895.jpg,1305
13898,013899.jpg,6543
13903,013904.jpg,3569
13907,013908.jpg,78
13939,013940.jpg,1956
13943,013944.jpg,8626
13945,013946.jpg,6725
13950,013951.jpg,1305
13968,013969.jpg,9211
13971,013972.jpg,8460
13989,013990.jpg,4511
13991,013992.jpg,1657
14005,014006.jpg,9087
14038,014039.jpg,5732
14044,014045.jpg,2296
14062,014063.jpg,4164
14075,014076.jpg,2136
14101,014102.jpg,1272
14106,014107.jpg,5334
14114,014115.jpg,4357
14131,014132.jpg,2611
14149,014150.jpg,4174
14192,014193.jpg,2643
14202,014203.jpg,8460
14205,014206.jpg,987
14206,014207.jpg,6417
14211,014212.jpg,7335
14227,014228.jpg,1854
14230,014231.jpg,8733
14238,014239.jpg,4163
14257,014258.jpg,10085
14260,014261.jpg,2250
14265,014266.jpg,1944
14297,014298.jpg,3648
14310,014311.jpg,3853
14316,014317.jpg,4357
14322,014323.jpg,4825
14325,014326.jpg,9183
14330,014331.jpg,5313
14343,014344.jpg,4027
14361,014362.jpg,6403
14362,014363.jpg,6989
14363,014364.jpg,1474
14386,014387.jpg,78
14453,014454.jpg,3641
14535,014536.jpg,142
14537,014538.jpg,1648
14554,014555.jpg,2063
14563,014564.jpg,3052
14564,014565.jpg,992
14574,014575.jpg,4697
14576,014577.jpg,4099
14584,014585.jpg,6746
14585,014586.jpg,1998
14594,014595.jpg,7294
14596,014597.jpg,9119
14600,014601.jpg,5135
14601,014602.jpg,951
14623,014624.jpg,7881
14634,014635.jpg,8712
14635,014636.jpg,1011
14669,014670.jpg,6576
14704,014705.jpg,2443
14708,014709.jpg,2235
14717,014718.jpg,6449
14727,014728.jpg,6568
14751,014752.jpg,2910
14766,014767.jpg,3027
14779,014780.jpg,5018
14786,014787.jpg,1589
14795,014796.jpg,4825
14801,014802.jpg,6792
14804,014805.jpg,5479
14807,014808.jpg,1770
14823,014824.jpg,1842
14835,014836.jpg,6691
14837,014838.jpg,5101
14851,014852.jpg,2063
14852,014853.jpg,5479
14876,014877.jpg,3491
14905,014906.jpg,2072
14910,014911.jpg,8380
14940,014941.jpg,1844
14963,014964.jpg,6420
15008,015009.jpg,9687
15019,015020.jpg,9179
15029,015030.jpg,3641
15043,015044.jpg,9087
15060,015061.jpg,8712
15068,015069.jpg,273
15086,015087.jpg,679
15103,015104.jpg,5092
15108,015109.jpg,992
15134,015135.jpg,6811
15141,015142.jpg,3862
15149,015150.jpg,9026
15168,015169.jpg,6894
15186,015187.jpg,7238
15188,015189.jpg,8676
15195,015196.jpg,8072
15218,015219.jpg,6128
15226,015227.jpg,8947
15227,015228.jpg,6583
15233,015234.jpg,987
15234,015235.jpg,4975
15247,015248.jpg,394
15249,015250.jpg,1370
15261,015262.jpg,8380
15264,015265.jpg,2509
15269,015270.jpg,4414
15273,015274.jpg,1875
15296,015297.jpg,2930
15298,015299.jpg,1811
15305,015306.jpg,1761
15328,015329.jpg,6417
15347,015348.jpg,2930
15352,015353.jpg,2190
15366,015367.jpg,9923
15375,015376.jpg,3278
15381,015382.jpg,9211
15398,015399.jpg,4511
15399,015400.jpg,6023
15401,015402.jpg,5086
15405,015406.jpg,1956
15416,015417.jpg,1303
15428,015429.jpg,4027
15444,015445.jpg,171
15473,015474.jpg,5428
15474,015475.jpg,7013
15497,015498.jpg,5135
15504,015505.jpg,4532
15513,015514.jpg,248
15517,015518.jpg,8878
15537,015538.jpg,7335
15541,015542.jpg,5353
15544,015545.jpg,2006
15545,015546.jpg,2072
15549,015550.jpg,4672
15570,015571.jpg,1844
15602,015603.jpg,9965
15619,015620.jpg,4236
15620,015621.jpg,5765
15661,015662.jpg,3027
15689,015690.jpg,6574
15717,015718.jpg,4448
15729,015730.jpg,5238
15735,015736.jpg,6044
15760,015761.jpg,2242
15774,015775.jpg,1761
15781,015782.jpg,4164
15792,015793.jpg,6624
15835,015836.jpg,2574
15842,015843.jpg,5190
15854,015855.jpg,7516
15880,015881.jpg,1842
15912,015913.jpg,4532
15914,015915.jpg,9039
15937,015938.jpg,147
15939,015940.jpg,5353
15944,015945.jpg,2537
15955,015956.jpg,8712
15962,015963.jpg,1303
15977,015978.jpg,4719
15980,015981.jpg,1986
15982,015983.jpg,6688
15989,015990.jpg,6718
15990,015991.jpg,2235
15992,015993.jpg,4547
15994,015995.jpg,9830
16026,016027.jpg,4433
16032,016033.jpg,1560
16061,016062.jpg,6928
16101,016102.jpg,6429
16121,016122.jpg,4521
16122,016123.jpg,9821
16130,016131.jpg,8626
16142,016143.jpg,6576
16151,016152.jpg,2249
16170,016171.jpg,2914
16194,016195.jpg,9700
16201,016202.jpg,10135
16217,016218.jpg,6440
16218,016219.jpg,8676
16231,016232.jpg,4087
16241,016242.jpg,9119
16243,016244.jpg,17
16250,016251.jpg,6532
16261,016262.jpg,6546
16263,016264.jpg,7755
16270,016271.jpg,4913
16271,016272.jpg,1929
16284,016285.jpg,1025
16287,016288.jpg,1998
16308,016309.jpg,6492
16310,016311.jpg,4913
16313,016314.jpg,6802
16320,016321.jpg,9542
16329,016330.jpg,4087
16370,016371.jpg,2516
16381,016382.jpg,6725
16435,016436.jpg,2124
16453,016454.jpg,2225
16456,016457.jpg,8468
16459,016460.jpg,4891
16472,016473.jpg,6691
16473,016474.jpg,5092
16476,016477.jpg,4913
16486,016487.jpg,8380
16494,016495.jpg,8440
16495,016496.jpg,8710
16496,016497.jpg,6394
16526,016527.jpg,3911
16534,016535.jpg,5153
16537,016538.jpg,6152
16543,016544.jpg,6023
16552,016553.jpg,4562
16571,016572.jpg,5198
16578,016579.jpg,487
16620,016621.jpg,1844
16626,016627.jpg,4414
16628,016629.jpg,2445
16634,016635.jpg,6188
16636,016637.jpg,3875
16648,016649.jpg,3648
16653,016654.jpg,2242
16655,016656.jpg,2063
16660,016661.jpg,10000
16676,016677.jpg,3130
16677,016678.jpg,3648
16685,016686.jpg,9401
16707,016708.jpg,3376
16726,016727.jpg,5452
16741,016742.jpg,8468
16742,016743.jpg,3960
16744,016745.jpg,1956
16750,016751.jpg,6449
16773,016774.jpg,4905
16806,016807.jpg,2509
16824,016825.jpg,6858
16836,016837.jpg,4164
16854,016855.jpg,4174
16877,016878.jpg,5101
16927,016928.jpg,2141
16936,016937.jpg,4414
16981,016982.jpg,2537
16984,016985.jpg,3376
16999,017000.jpg,9401
17014,017015.jpg,8667
17035,017036.jpg,6024
17046,017047.jpg,4448
17059,017060.jpg,9687
17066,017067.jpg,9946
17079,017080.jpg,1871
17080,017081.jpg,1956
17095,017096.jpg,2006
17150,017151.jpg,4070
17162,017163.jpg,6576
17172,017173.jpg,8860
17198,017199.jpg,3911
17200,017201.jpg,5489
17219,017220.jpg,2263
17224,017225.jpg,8712
17242,017243.jpg,8706
17243,017244.jpg,2952
17250,017251.jpg,2134
17251,017252.jpg,2235
17258,017259.jpg,7743
17259,017260.jpg,2930
17325,017326.jpg,1224
17337,017338.jpg,5342
17353,017354.jpg,4498
17357,017358.jpg,5142
17361,017362.jpg,6576
17365,017366.jpg,4913
17366,017367.jpg,3896
17371,017372.jpg,2084
17374,017375.jpg,8742
17406,017407.jpg,5190
17427,017428.jpg,234
17454,017455.jpg,2235
17457,017458.jpg,6860
17475,017476.jpg,7178
17509,017510.jpg,7881
17511,017512.jpg,4164
17521,017522.jpg,8627
17543,017544.jpg,3623
17551,017552.jpg,2349
17566,017567.jpg,8627
17575,017576.jpg,2952
17590,017591.jpg,8926
17611,017612.jpg,3148
17617,017618.jpg,5706
17618,017619.jpg,1025
17634,017635.jpg,78
17635,017636.jpg,3641
17647,017648.jpg,5418
17652,017653.jpg,234
17666,017667.jpg,6558
17691,017692.jpg,3701
17692,017693.jpg,6440
17723,017724.jpg,8286
17727,017728.jpg,9946
17732,017733.jpg,7786
17734,017735.jpg,3730
17735,017736.jpg,2445
17758,017759.jpg,142
17759,017760.jpg,3928
17776,017777.jpg,4975
17799,017800.jpg,4814
17826,017827.jpg,6624
17834,017835.jpg,21
17847,017848.jpg,8932
17848,017849.jpg,6585
17853,017854.jpg,5018
17887,017888.jpg,2141
17900,017901.jpg,6440
17901,017902.jpg,5202
17909,017910.jpg,6702
17917,017918.jpg,2332
17919,017920.jpg,8644
17926,017927.jpg,6811
17938,017939.jpg,2772
17961,017962.jpg,3431
17967,017968.jpg,3376
17968,017969.jpg,9945
17969,017970.jpg,8011
17981,017982.jpg,2130
17988,017989.jpg,8072
18000,018001.jpg,1061
18017,018018.jpg,6844
18023,018024.jpg,6665
18056,018057.jpg,8626
18060,018061.jpg,1589
18061,018062.jpg,2880
18093,018094.jpg,3480
18102,018103.jpg,1224
18115,018116.jpg,2231
18121,018122.jpg,15
18130,018131.jpg,993
18132,018133.jpg,2429
18153,018154.jpg,2136
18166,018167.jpg,1025
18177,018178.jpg,2537
18192,018193.jpg,6532
18211,018212.jpg,5247
18213,018214.jpg,5198
18253,018254.jpg,3052
18268,018269.jpg,6440
18281,018282.jpg,9213
18284,018285.jpg,7320
18293,018294.jpg,8878
18305,018306.jpg,8742
18315,018316.jpg,8460
18319,018320.jpg,4473
18330,018331.jpg,4220
18355,018356.jpg,1947
18375,018376.jpg,1585
18377,018378.jpg,6844
18381,018382.jpg,1272
18403,018404.jpg,993
18418,018419.jpg,4805
18419,018420.jpg,6300
18438,018439.jpg,3875
18452,018453.jpg,8860
18457,018458.jpg,1929
18463,018464.jpg,3730
18482,018483.jpg,3478
18498,018499.jpg,2083
18508,018509.jpg,5418
18529,018530.jpg,4070
18538,018539.jpg,21
18546,018547.jpg,1854
18552,018553.jpg,6576
18574,018575.jpg,1700
18580,018581.jpg,7426
18609,018610.jpg,4220
18614,018615.jpg,9821
18618,018619.jpg,47
18651,018652.jpg,6574
18677,018678.jpg,3960
18681,018682.jpg,5578
18696,018697.jpg,2429
18703,018704.jpg,2117
18735,018736.jpg,4562
18738,018739.jpg,2311
18764,018765.jpg,3641
18771,018772.jpg,9184
18788,018789.jpg,6681
18798,018799.jpg,4975
18812,018813.jpg,5418
18818,018819.jpg,4811
18830,018831.jpg,4814
18831,018832.jpg,2130
18834,018835.jpg,918
18898,018899.jpg,6558
18904,018905.jpg,9184
18910,018911.jpg,2464
18914,018915.jpg,6058
18918,018919.jpg,6492
18930,018931.jpg,5479
18956,018957.jpg,4027
18990,018991.jpg,6725
19003,019004.jpg,9041
19005,019006.jpg,8926
19008,019009.jpg,8072
19023,019024.jpg,1944
19029,019030.jpg,1585
19030,019031.jpg,2930
19045,019046.jpg,4190
19058,019059.jpg,6928
19083,019084.jpg,1938
19088,019089.jpg,3480
19089,019090.jpg,4637
19090,019091.jpg,1947
19101,019102.jpg,6576
19102,019103.jpg,3960
19117,019118.jpg,3376
19130,019131.jpg,3052
19139,019140.jpg,5449
19142,019143.jpg,3027
19169,019170.jpg,2311
19195,019196.jpg,3620
19198,019199.jpg,6036
19203,019204.jpg,9087
19206,019207.jpg,3915
19214,019215.jpg,7145
19217,019218.jpg,2083
19225,019226.jpg,4163
19242,019243.jpg,7426
19276,019277.jpg,3853
19298,019299.jpg,6152
19306,019307.jpg,1224
19310,019311.jpg,4027
19316,019317.jpg,8460
19332,019333.jpg,8440
19364,019365.jpg,4975
19366,019367.jpg,4511
19374,019375.jpg,9184
19376,019377.jpg,5202
19397,019398.jpg,10044
19401,019402.jpg,4543
19406,019407.jpg,1936
19407,019408.jpg,2235
19442,019443.jpg,4450
19471,019472.jpg,1743
19482,019483.jpg,8519
19516,019517.jpg,6128
19534,019535.jpg,7320
19536,019537.jpg,5153
19538,019539.jpg,6543
19557,019558.jpg,5238
19566,019567.jpg,2472
19576,019577.jpg,9533
19599,019600.jpg,7426
19615,019616.jpg,9687
19633,019634.jpg,2295
19634,019635.jpg,8430
19657,019658.jpg,6547
19672,019673.jpg,7320
19673,019674.jpg,6565
19680,019681.jpg,9211
19710,019711.jpg,1842
19711,019712.jpg,8676
19714,019715.jpg,9542
19715,019716.jpg,3400
19728,019729.jpg,3149
19741,019742.jpg,4879
19744,019745.jpg,2518
19747,019748.jpg,5140
19758,019759.jpg,3485
19765,019766.jpg,1770
19778,019779.jpg,4448
19787,019788.jpg,5479
19788,019789.jpg,2311
19828,019829.jpg,4549
19831,019832.jpg,8626
19833,019834.jpg,3130
19871,019872.jpg,5489
19885,019886.jpg,2952
19896,019897.jpg,1986
19930,019931.jpg,171
19932,019933.jpg,4724
19959,019960.jpg,2083
19995,019996.jpg,2433
20015,020016.jpg,8632
20034,020035.jpg,59
20037,020038.jpg,4293
20041,020042.jpg,7013
20057,020058.jpg,2516
20074,020075.jpg,8966
20081,020082.jpg,5342
20165,020166.jpg,7786
20166,020167.jpg,59
20176,020177.jpg,2019
20182,020183.jpg,2063
20229,020230.jpg,4549
20260,020261.jpg,1914
20261,020262.jpg,3847
20282,020283.jpg,6044
20287,020288.jpg,1272
20291,020292.jpg,394
20297,020298.jpg,6562
20312,020313.jpg,5151
20350,020351.jpg,8468
20357,020358.jpg,7335
20401,020402.jpg,4220
20405,020406.jpg,5896
20410,020411.jpg,4842
20412,020413.jpg,9687
20427,020428.jpg,4543
20435,020436.jpg,6152
20454,020455.jpg,1011
20467,020468.jpg,1303
20478,020479.jpg,8072
20508,020509.jpg,4842
20519,020520.jpg,6110
20531,020532.jpg,6188
20544,020545.jpg,5353
20548,020549.jpg,22
20550,020551.jpg,9401
20551,020552.jpg,1929
20552,020553.jpg,2509
20560,020561.jpg,2124
20585,020586.jpg,2296
20595,020596.jpg,6691
20602,020603.jpg,6568
20627,020628.jpg,10135
20646,020647.jpg,4094
20657,020658.jpg,6878
20672,020673.jpg,9211
20693,020694.jpg,4934
20703,020704.jpg,7238
20714,020715.jpg,1061
20728,020729.jpg,1362
20738,020739.jpg,3324
20744,020745.jpg,2952
20745,020746.jpg,7426
20762,020763.jpg,2225
20770,020771.jpg,394
20777,020778.jpg,1270
20792,020793.jpg,1929
20802,020803.jpg,2996
20808,020809.jpg,2443
20810,020811.jpg,8679
20831,020832.jpg,1589
20847,020848.jpg,4934
20861,020862.jpg,4190
20868,020869.jpg,2574
20874,020875.jpg,6702
20878,020879.jpg,8966
20879,020880.jpg,5078
20880,020881.jpg,1947
20915,020916.jpg,8944
20932,020933.jpg,5142
20933,020934.jpg,9700
20954,020955.jpg,8796
20964,020965.jpg,8562
20965,020966.jpg,394
20983,020984.jpg,7320
20993,020994.jpg,3862
20996,020997.jpg,6555
21001,021002.jpg,8468
21049,021050.jpg,6928
21060,021061.jpg,9158
21075,021076.jpg,2643
21086,021087.jpg,492
21121,021122.jpg,5018
21150,021151.jpg,6704
21157,021158.jpg,3278
21182,021183.jpg,9965
21190,021191.jpg,5153
21203,021204.jpg,8011
21207,021208.jpg,7294
21211,021212.jpg,4027
21244,021245.jpg,2332
21247,021248.jpg,4554
21248,021249.jpg,8519
21271,021272.jpg,8460
21275,021276.jpg,6110
21278,021279.jpg,6429
21282,021283.jpg,6058
21318,021319.jpg,3130
21330,021331.jpg,6152
21335,021336.jpg,2141
21339,021340.jpg,5361
21358,021359.jpg,6803
21377,021378.jpg,7743
21401,021402.jpg,2134
21420,021421.jpg,9687
21426,021427.jpg,2406
21433,021434.jpg,2429
21451,021452.jpg,8468
21454,021455.jpg,2570
21481,021482.jpg,6449
21485,021486.jpg,4251
21520,021521.jpg,5078
21525,021526.jpg,7013
21547,021548.jpg,9027
21569,021570.jpg,4934
21596,021597.jpg,9179
21611,021612.jpg,6547
21615,021616.jpg,9039
21627,021628.jpg,234
21639,021640.jpg,4842
21641,021642.jpg,6351
21642,021643.jpg,6546
21656,021657.jpg,5386
21657,021658.jpg,1181
21665,021666.jpg,7013
21670,021671.jpg,7209
21673,021674.jpg,4450
21724,021725.jpg,3491
21734,021735.jpg,8644
21745,021746.jpg,2406
21749,021750.jpg,3862
21765,021766.jpg,6725
21768,021769.jpg,6562
21779,021780.jpg,3324
21782,021783.jpg,5242
21792,021793.jpg,6806
21795,021796.jpg,394
21804,021805.jpg,3708
21814,021815.jpg,5263
21843,021844.jpg,6036
21856,021857.jpg,5418
21866,021867.jpg,3701
21874,021875.jpg,5018
21884,021885.jpg,1305
21889,021890.jpg,1137
21892,021893.jpg,1711
21900,021901.jpg,9158
21902,021903.jpg,6152
21925,021926.jpg,9119
21945,021946.jpg,248
21952,021953.jpg,8733
21960,021961.jpg,2130
22001,022002.jpg,9119
22004,022005.jpg,8796
22024,022025.jpg,1875
22049,022050.jpg,6574
22050,022051.jpg,8011
22059,022060.jpg,8072
22064,022065.jpg,8812
22129,022130.jpg,1011
22142,022143.jpg,8878
22174,022175.jpg,5578
22176,022177.jpg,2463
22178,022179.jpg,1770
22199,022200.jpg,8966
22209,022210.jpg,4414
22222,022223.jpg,7881
22226,022227.jpg,4014
22228,022229.jpg,8679
22233,022234.jpg,5532
22236,022237.jpg,6725
22237,022238.jpg,3055
22278,022279.jpg,9965
22293,022294.jpg,1224
22323,022324.jpg,2263
22331,022332.jpg,5866
22342,022343.jpg,4975
22361,022362.jpg,7013
22367,022368.jpg,4547
22397,022398.jpg,8072
22411,022412.jpg,2083
22413,022414.jpg,3278
22414,022415.jpg,5153
22438,022439.jpg,4532
22440,022441.jpg,6555
22444,022445.jpg,1871
22447,022448.jpg,5418
22448,022449.jpg,7320
22453,022454.jpg,2472
22477,022478.jpg,1289
22515,022516.jpg,2097
22516,022517.jpg,1986
22523,022524.jpg,2910
22571,022572.jpg,8627
22586,022587.jpg,1951
22610,022611.jpg,4532
22612,022613.jpg,2084
22613,022614.jpg,951
22614,022615.jpg,4094
22616,022617.jpg,3148
22622,022623.jpg,9946
22635,022636.jpg,1370
22640,022641.jpg,4905
22655,022656.jpg,3149
22669,022670.jpg,4891
22681,022682.jpg,5247
22690,022691.jpg,2295
22691,022692.jpg,5706
22737,022738.jpg,1474
22747,022748.jpg,2124
22793,022794.jpg,8860
22823,022824.jpg,918
22837,022838.jpg,4825
22839,022840.jpg,487
22873,022874.jpg,1951
22887,022888.jpg,1998
22903,022904.jpg,5140
22913,022914.jpg,2295
22925,022926.jpg,1986
22931,022932.jpg,8430
22954,022955.jpg,8521
22985,022986.jpg,975
22998,022999.jpg,1998
23005,023006.jpg,1443
23013,023014.jpg,492
23018,023019.jpg,6100
23028,023029.jpg,2792
23044,023045.jpg,5353
23048,023049.jpg,4811
23062,023063.jpg,9184
23063,023064.jpg,5153
23064,023065.jpg,5238
23065,023066.jpg,4511
23084,023085.jpg,4087
23135,023136.jpg,9023
23136,023137.jpg,6128
23139,023140.jpg,6806
23152,023153.jpg,1383
23161,023162.jpg,8072
23206,023207.jpg,7524
23212,023213.jpg,10000
23218,023219.jpg,8710
23228,023229.jpg,5489
23242,023243.jpg,5018
23257,023258.jpg,5341
23259,023260.jpg,1589
23272,023273.jpg,6546
23299,023300.jpg,4521
23304,023305.jpg,7178
23313,023314.jpg,4891
23326,023327.jpg,4357
23327,023328.jpg,7786
23328,023329.jpg,2097
23335,023336.jpg,4334
23336,023337.jpg,4190
23341,023342.jpg,3862
23342,023343.jpg,8667
23354,023355.jpg,5242
23358,023359.jpg,8627
23389,023390.jpg,4255
23404,023405.jpg,6440
23405,023406.jpg,1914
23438,023439.jpg,5153
23439,023440.jpg,5391
23473,023474.jpg,1362
23496,023497.jpg,4913
23500,023501.jpg,4636
23507,023508.jpg,21
23513,023514.jpg,492
23533,023534.jpg,1025
23542,023543.jpg,5198
23572,023573.jpg,6492
23575,023576.jpg,7516
23590,023591.jpg,10135
23610,023611.jpg,8519
23645,023646.jpg,2883
23652,023653.jpg,5101
23669,023670.jpg,6429
23694,023695.jpg,1585
23703,023704.jpg,17
23704,023705.jpg,9041
23721,023722.jpg,4532
23729,023730.jpg,6576
23734,023735.jpg,5101
23763,023764.jpg,303
23766,023767.jpg,4913
23789,023790.jpg,6023
23796,023797.jpg,6714
23799,023800.jpg,6394
23848,023849.jpg,5190
23861,023862.jpg,6702
23877,023878.jpg,992
23884,023885.jpg,8566
23888,023889.jpg,3853
23893,023894.jpg,22
23912,023913.jpg,5866
23914,023915.jpg,3522
23921,023922.jpg,3959
23952,023953.jpg,6583
23963,023964.jpg,6583
23994,023995.jpg,2429
23995,023996.jpg,6128
24010,024011.jpg,8966
24025,024026.jpg,2574
24039,024040.jpg,3127
24057,024058.jpg,10050
24059,024060.jpg,6058
24073,024074.jpg,2249
24080,024081.jpg,2243
24081,024082.jpg,6417
24125,024126.jpg,2334
24134,024135.jpg,5018
24137,024138.jpg,6214
24146,024147.jpg,2910
24148,024149.jpg,6110
24172,024173.jpg,5833
24193,024194.jpg,10085
24203,024204.jpg,4087
24210,024211.jpg,5221
24211,024212.jpg,9023
24225,024226.jpg,1061
24257,024258.jpg,6624
24260,024261.jpg,5318
24265,024266.jpg,2611
24292,024293.jpg,1951
24319,024320.jpg,8831
24322,024323.jpg,6492
24328,024329.jpg,2063
24358,024359.jpg,8286
24395,024396.jpg,1474
24412,024413.jpg,7524
24416,024417.jpg,2472
24435,024436.jpg,6565
24442,024443.jpg,9119
24486,024487.jpg,2072
24489,024490.jpg,59
24497,024498.jpg,3477
24512,024513.jpg,1936
24544,024545.jpg,2019
24546,024547.jpg,2349
24552,024553.jpg,6555
24580,024581.jpg,2311
24587,024588.jpg,5386
24601,024602.jpg,32
24604,024605.jpg,4099
24628,024629.jpg,2524
24634,024635.jpg,6986
24640,024641.jpg,2243
24641,024642.jpg,10085
24643,024644.jpg,10093
24664,024665.jpg,1383
24674,024675.jpg,3148
24683,024684.jpg,10135
24689,024690.jpg,3915
24691,024692.jpg,10135
24703,024704.jpg,1947
24720,024721.jpg,7506
24727,024728.jpg,6603
24734,024735.jpg,4334
24780,024781.jpg,9213
24788,024789.jpg,6214
24833,024834.jpg,6585
24867,024868.jpg,1383
24890,024891.jpg,273
24896,024897.jpg,6718
24924,024925.jpg,1657
24954,024955.jpg,1998
24975,024976.jpg,9026
24978,024979.jpg,3278
24990,024991.jpg,5318
24996,024997.jpg,6300
25012,025013.jpg,2611
25018,025019.jpg,1648
25051,025052.jpg,3149
25062,025063.jpg,47
25068,025069.jpg,5342
25071,025072.jpg,5101
25083,025084.jpg,9213
25091,025092.jpg,5247
25100,025101.jpg,1589
25101,025102.jpg,3278
25102,025103.jpg,1288
25107,025108.jpg,4814
25120,025121.jpg,3148
25127,025128.jpg,4027
25146,025147.jpg,5479
25150,025151.jpg,2006
25152,025153.jpg,2296
25197,025198.jpg,8860
25206,025207.jpg,2509
25243,025244.jpg,2880
25261,025262.jpg,4220
25265,025266.jpg,4094
25274,025275.jpg,5198
25297,025298.jpg,4293
25299,025300.jpg,6443
25303,025304.jpg,6036
25309,025310.jpg,9184
25324,025325.jpg,3431
25340,025341.jpg,2136
25344,025345.jpg,9183
25359,025360.jpg,2239
25371,025372.jpg,3620
25381,025382.jpg,4498
25388,025389.jpg,9945
25396,025397.jpg,1180
25405,025406.jpg,3875
25406,025407.jpg,4498
25421,025422.jpg,2334
25424,025425.jpg,1871
25449,025450.jpg,4099
25450,025451.jpg,6583
25465,025466.jpg,6878
25494,025495.jpg,918
25520,025521.jpg,9023
25523,025524.jpg,6036
25528,025529.jpg,8710
25542,025543.jpg,2463
25543,025544.jpg,3708
25576,025577.jpg,7392
25611,025612.jpg,5479
25620,025621.jpg,2072
25626,025627.jpg,2243
25652,025653.jpg,5519
25653,025654.jpg,10085
25666,025667.jpg,2084
25675,025676.jpg,4498
25682,025683.jpg,3149
25689,025690.jpg,3324
25714,025715.jpg,9542
25720,025721.jpg,2349
25723,025724.jpg,6811
25734,025735.jpg,2019
25736,025737.jpg,5291
25737,025738.jpg,3148
25738,025739.jpg,1871
25748,025749.jpg,1951
25754,025755.jpg,147
25785,025786.jpg,160
25793,025794.jpg,6878
25810,025811.jpg,1474
25820,025821.jpg,5532
25864,025865.jpg,2930
25874,025875.jpg,9084
25878,025879.jpg,1998
25881,025882.jpg,3696
25883,025884.jpg,8072
25889,025890.jpg,2433
25890,025891.jpg,4163
25904,025905.jpg,6110
25912,025913.jpg,7716
25918,025919.jpg,2574
25924,025925.jpg,22
25932,025933.jpg,1929
25939,025940.jpg,6746
25974,025975.jpg,5353
26001,026002.jpg,2445
26009,026010.jpg,4255
26012,026013.jpg,10044
26017,026018.jpg,6024
26021,026022.jpg,8947
26028,026029.jpg,10093
26055,026056.jpg,7238
26059,026060.jpg,7673
26066,026067.jpg,9023
26068,026069.jpg,9027
26082,026083.jpg,5428
26112,026113.jpg,4334
26115,026116.jpg,4719
26118,026119.jpg,3431
26123,026124.jpg,6100
26147,026148.jpg,6058
26176,026177.jpg,1998
26184,026185.jpg,6012
26185,026186.jpg,2295
26197,026198.jpg,3130
26206,026207.jpg,3055
26209,026210.jpg,5291
26210,026211.jpg,1854
26212,026213.jpg,632
26220,026221.jpg,5896
26227,026228.jpg,8710
26228,026229.jpg,6548
26236,026237.jpg,4014
26242,026243.jpg,2883
26244,026245.jpg,6394
26248,026249.jpg,3491
26257,026258.jpg,2509
26265,026266.jpg,394
26285,026286.jpg,1648
26287,026288.jpg,1811
26293,026294.jpg,6718
26294,026295.jpg,8566
26296,026297.jpg,4087
26323,026324.jpg,679
26348,026349.jpg,4070
26363,026364.jpg,4975
26365,026366.jpg,4473
26372,026373.jpg,2239
26403,026404.jpg,8867
26425,026426.jpg,6802
26427,026428.jpg,9923
26436,026437.jpg,15
26445,026446.jpg,6806
26487,026488.jpg,8947
26501,026502.jpg,6558
26509,026510.jpg,1362
26514,026515.jpg,4258
26527,026528.jpg,8626
26534,026535.jpg,2643
26546,026547.jpg,9023
26580,026581.jpg,1011
26590,026591.jpg,3010
26598,026599.jpg,2433
26612,026613.jpg,1929
26617,026618.jpg,394
26658,026659.jpg,1025
26661,026662.jpg,3127
26665,026666.jpg,5263
26677,026678.jpg,9119
26679,026680.jpg,6811
26681,026682.jpg,9965
26685,026686.jpg,8947
26696,026697.jpg,3960
26702,026703.jpg,8710
26708,026709.jpg,2242
26720,026721.jpg,987
26777,026778.jpg,7209
26786,026787.jpg,9027
26802,026803.jpg,5452
26803,026804.jpg,4905
26808,026809.jpg,3928
26827,026828.jpg,4414
26837,026838.jpg,1743
26842,026843.jpg,1224
26869,026870.jpg,4879
26880,026881.jpg,2263
26882,026883.jpg,2433
26893,026894.jpg,7426
26903,026904.jpg,2231
26908,026909.jpg,1929
26922,026923.jpg,4094
26928,026929.jpg,1844
26931,026932.jpg,4334
26950,026951.jpg,487
26970,026971.jpg,8011
26982,026983.jpg,8636
27001,027002.jpg,10135
27014,027015.jpg,9401
27024,027025.jpg,6532
27045,027046.jpg,9183
27054,027055.jpg,9210
27094,027095.jpg,69
27106,027107.jpg,5018
27117,027118.jpg,5242
27129,027130.jpg,10085
27185,027186.jpg,3928
27205,027206.jpg,2518
27214,027215.jpg,6688
27226,027227.jpg,4521
27232,027233.jpg,6603
27235,027236.jpg,5135
27236,027237.jpg,9923
27237,027238.jpg,2463
27239,027240.jpg,5313
27241,027242.jpg,6548
27249,027250.jpg,4357
27261,027262.jpg,2124
27272,027273.jpg,1914
27281,027282.jpg,2445
27283,027284.jpg,3400
27284,027285.jpg,9183
27327,027328.jpg,4511
27332,027333.jpg,9542
27335,027336.jpg,6704
27339,027340.jpg,5311
27350,027351.jpg,7392
27363,027364.jpg,6714
27366,027367.jpg,8644
27370,027371.jpg,8667
27411,027412.jpg,4258
27445,027446.jpg,3148
27462,027463.jpg,5247
27465,027466.jpg,1303
27470,027471.jpg,3400
27485,027486.jpg,3730
27493,027494.jpg,3485
27509,027510.jpg,9687
27519,027520.jpg,9087
27526,027527.jpg,1854
27548,027549.jpg,1011
27554,027555.jpg,8867
27566,027567.jpg,7178
27575,027576.jpg,9965
27579,027580.jpg,5449
27594,027595.jpg,5101
27609,027610.jpg,1585
27613,027614.jpg,5173
27619,027620.jpg,2014
27623,027624.jpg,6691
27630,027631.jpg,4805
27656,027657.jpg,8676
27663,027664.jpg,1474
27665,027666.jpg,1951
27668,027669.jpg,6894
27699,027700.jpg,6665
27713,027714.jpg,6440
27726,027727.jpg,7716
27730,027731.jpg,2463
27756,027757.jpg,8667
27757,027758.jpg,9946
27770,027771.jpg,2880
27776,027777.jpg,9084
27777,027778.jpg,3052
27785,027786.jpg,8519
27786,027787.jpg,487
27789,027790.jpg,10093
27793,027794.jpg,5263
27823,027824.jpg,9158
27857,027858.jpg,1181
27862,027863.jpg,8440
27871,027872.jpg,4521
27892,027893.jpg,4814
27895,027896.jpg,4814
27944,027945.jpg,7743
27946,027947.jpg,9027
27948,027949.jpg,2243
27966,027967.jpg,1272
28004,028005.jpg,8626
28037,028038.jpg,2883
28056,028057.jpg,4220
28063,028064.jpg,6036
28065,028066.jpg,7392
28074,028075.jpg,3027
28075,028076.jpg,9946
28078,028079.jpg,2249
28087,028088.jpg,8644
28091,028092.jpg,6704
28111,028112.jpg,6548
28117,028118.jpg,171
28119,028120.jpg,8860
28126,028127.jpg,1560
28129,028130.jpg,1137
28145,028146.jpg,303
28170,028171.jpg,4448
28198,028199.jpg,1875
28210,028211.jpg,1011
28211,028212.jpg,7392
28223,028224.jpg,59
28224,028225.jpg,8867
28245,028246.jpg,4162
28247,028248.jpg,8926
28248,028249.jpg,6548
28250,028251.jpg,2416
28282,028283.jpg,5391
28345,028346.jpg,7426
28349,028350.jpg,171
28356,028357.jpg,8636
28365,028366.jpg,8636
28368,028369.jpg,2334
28380,028381.jpg,10000
28389,028390.jpg,7013
28391,028392.jpg,2792
28415,028416.jpg,8676
28417,028418.jpg,7178
28426,028427.jpg,2930
28429,028430.jpg,6583
28430,028431.jpg,993
28432,028433.jpg,9945
28447,028448.jpg,2910
28465,028466.jpg,8460
28496,028497.jpg,2443
28503,028504.jpg,6702
28553,028554.jpg,2242
28565,028566.jpg,10085
28569,028570.jpg,1743
28571,028572.jpg,9821
28600,028601.jpg,2332
28604,028605.jpg,4924
28608,028609.jpg,8626
28609,028610.jpg,1844
28622,028623.jpg,8817
28639,028640.jpg,6547
28645,028646.jpg,5341
28651,028652.jpg,4547
28656,028657.jpg,1761
28670,028671.jpg,1181
28692,028693.jpg,6792
28695,028696.jpg,4825
28712,028713.jpg,5581
28730,028731.jpg,6858
28738,028739.jpg,2518
28740,028741.jpg,8286
28742,028743.jpg,6574
28758,028759.jpg,6989
28786,028787.jpg,6704
28807,028808.jpg,9213
28812,028813.jpg,7145
28816,028817.jpg,4255
28827,028828.jpg,3029
28831,028832.jpg,6555
28837,028838.jpg,5452
28841,028842.jpg,6583
28848,028849.jpg,10050
28873,028874.jpg,248
28876,028877.jpg,2334
28893,028894.jpg,4162
28902,028903.jpg,2295
28905,028906.jpg,32
28918,028919.jpg,2235
28928,028929.jpg,2516
28936,028937.jpg,5238
28946,028947.jpg,1936
28949,028950.jpg,6803
28953,028954.jpg,6878
28994,028995.jpg,6714
28998,028999.jpg,32
28999,029000.jpg,3149
29001,029002.jpg,1051
29008,029009.jpg,2509
29012,029013.jpg,1180
29026,029027.jpg,1288
29056,029057.jpg,3862
29071,029072.jpg,3278
29074,029075.jpg,1137
29097,029098.jpg,4924
29098,029099.jpg,9700
29106,029107.jpg,6023
29107,029108.jpg,1811
29111,029112.jpg,4163
29126,029127.jpg,7516
29133,029134.jpg,7881
29134,029135.jpg,2242
29151,029152.jpg,4220
29184,029185.jpg,9183
29191,029192.jpg,2406
29203,029204.jpg,6568
29205,029206.jpg,3620
29212,029213.jpg,6894
29237,029238.jpg,1711
29243,029244.jpg,6894
29266,029267.jpg,487
29271,029272.jpg,2263
29289,029290.jpg,4450
29293,029294.jpg,6394
29311,029312.jpg,7335
29326,029327.jpg,1137
29376,029377.jpg,1585
29384,029385.jpg,6802
29387,029388.jpg,1585
29423,029424.jpg,6986
29488,029489.jpg,147
29504,029505.jpg,4094
29516,029517.jpg,8932
29523,029524.jpg,5313
29527,029528.jpg,6665
29531,029532.jpg,3960
29532,029533.jpg,5018
29566,029567.jpg,1875
29574,029575.jpg,9921
29583,029584.jpg,8460
29587,029588.jpg,6443
29623,029624.jpg,3911
29626,029627.jpg,5519
29633,029634.jpg,7673
29642,029643.jpg,2124
29657,029658.jpg,7209
29661,029662.jpg,2083
29663,029664.jpg,5342
29674,029675.jpg,9921
29695,029696.jpg,1936
29698,029699.jpg,2996
29699,029700.jpg,15
29741,029742.jpg,6152
29760,029761.jpg,1936
29810,029811.jpg,6725
29818,029819.jpg,7881
29822,029823.jpg,679
29839,029840.jpg,6986
29851,029852.jpg,4164
29863,029864.jpg,1871
29868,029869.jpg,10071
29869,029870.jpg,5341
29879,029880.jpg,10050
29886,029887.jpg,5765
29898,029899.jpg,1711
29928,029929.jpg,951
29929,029930.jpg,8733
29959,029960.jpg,3130
29971,029972.jpg,6110
29980,029981.jpg,3148
29989,029990.jpg,10000
29990,029991.jpg,4099
30002,030003.jpg,2225
30018,030019.jpg,8618
30020,030021.jpg,78
30028,030029.jpg,1844
30033,030034.jpg,6547
30055,030056.jpg,8286
30097,030098.jpg,1871
30103,030104.jpg,6574
30105,030106.jpg,10044
30117,030118.jpg,6214
30121,030122.jpg,6811
30126,030127.jpg,1383
30159,030160.jpg,8618
30170,030171.jpg,9921
30175,030176.jpg,9184
30196,030197.jpg,4163
30231,030232.jpg,273
30233,030234.jpg,1051
30243,030244.jpg,993
30255,030256.jpg,8710
30261,030262.jpg,5086
30264,030265.jpg,3324
30266,030267.jpg,4697
30269,030270.jpg,9023
30273,030274.jpg,2225
30302,030303.jpg,6986
30323,030324.jpg,3862
30330,030331.jpg,6548
30331,030332.jpg,3480
30365,030366.jpg,2243
30367,030368.jpg,1137
30383,030384.jpg,6665
30398,030399.jpg,9946
30401,030402.jpg,1289
30441,030442.jpg,5334
30459,030460.jpg,2463
30469,030470.jpg,6844
30474,030475.jpg,10071
30479,030480.jpg,6585
30502,030503.jpg,2296
30530,030531.jpg,6858
30531,030532.jpg,8011
30542,030543.jpg,6403
30551,030552.jpg,993
30555,030556.jpg,8627
30561,030562.jpg,1947
30573,030574.jpg,6574
30579,030580.jpg,2063
30581,030582.jpg,8528
30590,030591.jpg,7524
30613,030614.jpg,3701
30633,030634.jpg,2250
30648,030649.jpg,8632
30655,030656.jpg,1854
30657,030658.jpg,9211
30659,030660.jpg,59
30664,030665.jpg,7506
30668,030669.jpg,22
30698,030699.jpg,5706
30699,030700.jpg,8566
30704,030705.jpg,1875
30707,030708.jpg,2433
30719,030720.jpg,7013
30720,030721.jpg,3127
30725,030726.jpg,8562
30726,030727.jpg,1603
30728,030729.jpg,2406
30745,030746.jpg,1871
30753,030754.jpg,4879
30778,030779.jpg,4814
30800,030801.jpg,59
30828,030829.jpg,8380
30838,030839.jpg,6928
30845,030846.jpg,8932
30849,030850.jpg,2239
30860,030861.jpg,4094
30861,030862.jpg,7392
30863,030864.jpg,2072
30868,030869.jpg,9087
30886,030887.jpg,4190
30892,030893.jpg,4874
30898,030899.jpg,3708
30901,030902.jpg,4924
30906,030907.jpg,10085
30928,030929.jpg,975
30935,030936.jpg,2643
30952,030953.jpg,918
30977,030978.jpg,492
30983,030984.jpg,5242
31001,031002.jpg,1844
31012,031013.jpg,78
31016,031017.jpg,248
31018,031019.jpg,32
31023,031024.jpg,1956
31025,031026.jpg,4637
31049,031050.jpg,5479
31053,031054.jpg,1998
31060,031061.jpg,8860
31079,031080.jpg,5341
31094,031095.jpg,6585
31138,031139.jpg,8626
31140,031141.jpg,4450
31145,031146.jpg,7426
31149,031150.jpg,10085
31171,031172.jpg,4473
31173,031174.jpg,5504
31182,031183.jpg,6803
31201,031202.jpg,2190
31206,031207.jpg,6718
31235,031236.jpg,2083
31248,031249.jpg,3915
31259,031260.jpg,2296
31260,031261.jpg,1842
31269,031270.jpg,4891
31278,031279.jpg,8947
31286,031287.jpg,5833
31287,031288.jpg,2130
31299,031300.jpg,6989
31310,031311.jpg,4174
31311,031312.jpg,2249
31319,031320.jpg,8733
31323,031324.jpg,6568
31327,031328.jpg,6024
31329,031330.jpg,2570
31341,031342.jpg,4891
31342,031343.jpg,4414
31349,031350.jpg,4637
31382,031383.jpg,6024
31395,031396.jpg,1998
31406,031407.jpg,6555
31430,031431.jpg,9923
31440,031441.jpg,5153
31450,031451.jpg,5018
31454,031455.jpg,9119
31474,031475.jpg,1474
31521,031522.jpg,6746
31524,031525.jpg,1443
31527,031528.jpg,5190
31538,031539.jpg,15
31540,031541.jpg,2464
31553,031554.jpg,4805
31593,031594.jpg,1025
31626,031627.jpg,4562
31628,031629.jpg,6351
31700,031701.jpg,9965
31711,031712.jpg,6568
31713,031714.jpg,6811
31718,031719.jpg,1383
31755,031756.jpg,8706
31761,031762.jpg,1842
31769,031770.jpg,8626
31775,031776.jpg,2019
31811,031812.jpg,3696
31816,031817.jpg,8706
31887,031888.jpg,6214
31894,031895.jpg,4094
31897,031898.jpg,2249
31921,031922.jpg,1181
31933,031934.jpg,2772
31974,031975.jpg,234
31987,031988.jpg,1944
31997,031998.jpg,7516
32003,032004.jpg,6624
32020,032021.jpg,5706
32028,032029.jpg,3324
32042,032043.jpg,1443
32043,032044.jpg,160
32053,032054.jpg,5313
32076,032077.jpg,5342
32087,032088.jpg,9119
32090,032091.jpg,6803
32091,032092.jpg,6718
32099,032100.jpg,8831
32120,032121.jpg,1270
32141,032142.jpg,5449
32155,032156.jpg,2433
32177,032178.jpg,6928
32178,032179.jpg,5732
32196,032197.jpg,2014
32203,032204.jpg,5018
32206,032207.jpg,8663
32213,032214.jpg,6603
32222,032223.jpg,9027
32226,032227.jpg,1936
32238,032239.jpg,4955
32246,032247.jpg,6583
32250,032251.jpg,69
32291,032292.jpg,5386
32295,032296.jpg,3960
32306,032307.jpg,7238
32327,032328.jpg,7178
32344,032345.jpg,1025
32346,032347.jpg,6989
32348,032349.jpg,5391
32357,032358.jpg,2141
32365,032366.jpg,6036
32372,032373.jpg,2243
32377,032378.jpg,487
32396,032397.jpg,5318
32404,032405.jpg,5452
32421,032422.jpg,4805
32440,032441.jpg,8011
32449,032450.jpg,7743
32465,032466.jpg,1370
32481,032482.jpg,3896
32485,032486.jpg,14
32502,032503.jpg,7320
32551,032552.jpg,3569
32569,032570.jpg,5078
32570,032571.jpg,992
32592,032593.jpg,2014
32595,032596.jpg,8926
32611,032612.jpg,4251
32616,032617.jpg,1761
32617,032618.jpg,6565
32619,032620.jpg,8676
32636,032637.jpg,8733
32655,032656.jpg,8796
32673,032674.jpg,6691
32675,032676.jpg,4879
32676,032677.jpg,2250
32705,032706.jpg,1061
32723,032724.jpg,2072
32730,032731.jpg,3491
32732,032733.jpg,303
32741,032742.jpg,4814
32748,032749.jpg,487
32757,032758.jpg,6844
32786,032787.jpg,8636
32792,032793.jpg,4811
32794,032795.jpg,4163
32815,032816.jpg,4258
32816,032817.jpg,3696
32824,032825.jpg,8712
32826,032827.jpg,9179
32832,032833.jpg,4174
32850,032851.jpg,6806
32855,032856.jpg,4547
32859,032860.jpg,2574
32870,032871.jpg,5706
32877,032878.jpg,2433
32879,032880.jpg,5732
32886,032887.jpg,8831
32895,032896.jpg,9213
32902,032903.jpg,1272
32924,032925.jpg,6860
32946,032947.jpg,8733
32991,032992.jpg,6725
33021,033022.jpg,8286
33027,033028.jpg,5386
33031,033032.jpg,6858
33047,033048.jpg,3376
33053,033054.jpg,1224
33073,033074.jpg,8644
33086,033087.jpg,4879
33090,033091.jpg,7209
33092,033093.jpg,2117
33169,033170.jpg,1938
33232,033233.jpg,6746
33239,033240.jpg,5342
33243,033244.jpg,6044
33261,033262.jpg,3641
33280,033281.jpg,2117
33303,033304.jpg,3727
33304,033305.jpg,8944
33318,033319.jpg,9041
33328,033329.jpg,6036
33339,033340.jpg,2772
33372,033373.jpg,10093
33378,033379.jpg,3853
33382,033383.jpg,2892
33385,033386.jpg,5140
33398,033399.jpg,4251
33399,033400.jpg,5452
33401,033402.jpg,7755
33404,033405.jpg,9213
33413,033414.jpg,2014
33414,033415.jpg,2429
33448,033449.jpg,1603
33450,033451.jpg,5142
33481,033482.jpg,147
33484,033485.jpg,2930
33507,033508.jpg,6449
33522,033523.jpg,3477
33526,033527.jpg,8644
33527,033528.jpg,160
33540,033541.jpg,8127
33559,033560.jpg,8460
33588,033589.jpg,1854
33600,033601.jpg,5086
33602,033603.jpg,1443
33613,033614.jpg,6443
33616,033617.jpg,5140
33620,033621.jpg,1854
33627,033628.jpg,5519
33638,033639.jpg,1700
33639,033640.jpg,6702
33650,033651.jpg,4874
33659,033660.jpg,8944
33661,033662.jpg,6440
33662,033663.jpg,8817
33666,033667.jpg,2263
33692,033693.jpg,2996
33701,033702.jpg,8528
33718,033719.jpg,987
33724,033725.jpg,6555
33725,033726.jpg,4805
33751,033752.jpg,6681
33761,033762.jpg,8712
33763,033764.jpg,6603
33770,033771.jpg,7209
33779,033780.jpg,5263
33784,033785.jpg,6947
33788,033789.jpg,9830
33795,033796.jpg,3522
33799,033800.jpg,5765
33827,033828.jpg,2190
33838,033839.jpg,3480
33859,033860.jpg,4672
33875,033876.jpg,2524
33899,033900.jpg,6576
33911,033912.jpg,8676
33921,033922.jpg,5489
33939,033940.jpg,7335
33973,033974.jpg,8860
33994,033995.jpg,3485
33995,033996.jpg,5221
34000,034001.jpg,2263
34004,034005.jpg,1875
34025,034026.jpg,6100
34032,034033.jpg,4448
34046,034047.jpg,4014
34070,034071.jpg,5706
34077,034078.jpg,2416
34079,034080.jpg,2242
34083,034084.jpg,6100
34089,034090.jpg,4164
34093,034094.jpg,15
34109,034110.jpg,2643
34146,034147.jpg,3055
34156,034157.jpg,1560
34173,034174.jpg,3623
34181,034182.jpg,4955
34192,034193.jpg,1051
34199,034200.jpg,2130
34203,034204.jpg,1951
34255,034256.jpg,4087
34261,034262.jpg,5153
34272,034273.jpg,8636
34292,034293.jpg,5221
34302,034303.jpg,4293
34304,034305.jpg,5765
34309,034310.jpg,4190
34315,034316.jpg,8812
34330,034331.jpg,1303
34384,034385.jpg,6417
34390,034391.jpg,3477
34404,034405.jpg,2537
34408,034409.jpg,4027
34423,034424.jpg,4636
34426,034427.jpg,5361
34432,034433.jpg,2910
34444,034445.jpg,2019
34465,034466.jpg,248
34467,034468.jpg,5581
34469,034470.jpg,5866
34489,034490.jpg,9087
34514,034515.jpg,6947
34546,034547.jpg,4549
34556,034557.jpg,4236
34565,034566.jpg,2910
34581,034582.jpg,1362
34604,034605.jpg,3730
34643,034644.jpg,8831
34646,034647.jpg,4255
34649,034650.jpg,8528
34676,034677.jpg,5765
34688,034689.jpg,2235
34700,034701.jpg,6989
34705,034706.jpg,5519
34710,034711.jpg,4190
34711,034712.jpg,1998
34713,034714.jpg,3149
34720,034721.jpg,8831
34722,034723.jpg,10044
34739,034740.jpg,2643
34744,034745.jpg,2574
34745,034746.jpg,1362
34755,034756.jpg,8812
34771,034772.jpg,4433
34775,034776.jpg,4905
34778,034779.jpg,2518
34796,034797.jpg,987
34803,034804.jpg,4636
34815,034816.jpg,4924
34832,034833.jpg,6702
34842,034843.jpg,1474
34857,034858.jpg,6543
34859,034860.jpg,9946
34863,034864.jpg,8632
34887,034888.jpg,3701
34891,034892.jpg,8676
34918,034919.jpg,4498
34920,034921.jpg,5153
34936,034937.jpg,3522
34937,034938.jpg,3708
34938,034939.jpg,4448
34967,034968.jpg,1947
34977,034978.jpg,8618
34978,034979.jpg,3376
34994,034995.jpg,4258
35047,035048.jpg,4934
35057,035058.jpg,1603
35067,035068.jpg,5581
35092,035093.jpg,1589
35109,035110.jpg,1811
35115,035116.jpg,9533
35129,035130.jpg,4450
35132,035133.jpg,3960
35136,035137.jpg,8817
35146,035147.jpg,4720
35162,035163.jpg,918
35169,035170.jpg,3029
35181,035182.jpg,3701
35201,035202.jpg,4874
35214,035215.jpg,6555
35217,035218.jpg,4070
35224,035225.jpg,5449
35229,035230.jpg,171
35244,035245.jpg,6351
35247,035248.jpg,5221
35248,035249.jpg,2537
35257,035258.jpg,2406
35266,035267.jpg,1474
35275,035276.jpg,6024
35295,035296.jpg,5135
35317,035318.jpg,1761
35320,035321.jpg,3708
35325,035326.jpg,5198
35337,035338.jpg,6894
35339,035340.jpg,3400
35352,035353.jpg,10093
35357,035358.jpg,1700
35361,035362.jpg,6214
35371,035372.jpg,5519
35394,035395.jpg,2463
35405,035406.jpg,7119
35411,035412.jpg,4511
35422,035423.jpg,6947
35433,035434.jpg,2464
35439,035440.jpg,8440
35444,035445.jpg,7145
35445,035446.jpg,9700
35451,035452.jpg,7294
35473,035474.jpg,32
35486,035487.jpg,6128
35498,035499.jpg,2130
35511,035512.jpg,47
35514,035515.jpg,2570
35529,035530.jpg,1711
35539,035540.jpg,8011
35571,035572.jpg,5391
35584,035585.jpg,2509
35590,035591.jpg,3911
35618,035619.jpg,8722
35649,035650.jpg,4027
35658,035659.jpg,3148
35661,035662.jpg,2883
35663,035664.jpg,6792
35676,035677.jpg,4094
35678,035679.jpg,6811
35700,035701.jpg,9923
35702,035703.jpg,4532
35707,035708.jpg,3148
35749,035750.jpg,6714
35752,035753.jpg,1947
35774,035775.jpg,1956
35775,035776.jpg,2349
35778,035779.jpg,6023
35781,035782.jpg,1061
35795,035796.jpg,4955
35807,035808.jpg,5153
35831,035832.jpg,6110
35833,035834.jpg,8566
35854,035855.jpg,2537
35856,035857.jpg,4027
35890,035891.jpg,6548
35913,035914.jpg,1951
35922,035923.jpg,1270
35941,035942.jpg,2332
35954,035955.jpg,8733
35955,035956.jpg,993
35977,035978.jpg,1929
35986,035987.jpg,9945
36017,036018.jpg,2063
36040,036041.jpg,5202
36042,036043.jpg,6440
36048,036049.jpg,234
36088,036089.jpg,2249
36097,036098.jpg,3911
36101,036102.jpg,4905
36105,036106.jpg,6152
36106,036107.jpg,2643
36114,036115.jpg,5489
36116,036117.jpg,1648
36130,036131.jpg,1815
36168,036169.jpg,3730
36177,036178.jpg,6492
36211,036212.jpg,5247
36212,036213.jpg,8072
36239,036240.jpg,21
36269,036270.jpg,7524
36270,036271.jpg,2190
36282,036283.jpg,1180
36293,036294.jpg,3324
36304,036305.jpg,1929
36306,036307.jpg,5311
36328,036329.jpg,4334
36338,036339.jpg,17
36341,036342.jpg,3641
36356,036357.jpg,5078
36364,036365.jpg,9830
36366,036367.jpg,1929
36369,036370.jpg,4293
36377,036378.jpg,4163
36391,036392.jpg,1289
36409,036410.jpg,6547
36416,036417.jpg,951
36421,036422.jpg,1560
36474,036475.jpg,2464
36486,036487.jpg,9921
36491,036492.jpg,8528
36496,036497.jpg,8562
36514,036515.jpg,7392
36547,036548.jpg,1711
36549,036550.jpg,2239
36567,036568.jpg,5341
36574,036575.jpg,2524
36586,036587.jpg,1842
36591,036592.jpg,8127
36619,036620.jpg,4814
36622,036623.jpg,69
36632,036633.jpg,5135
36636,036637.jpg,8663
36637,036638.jpg,8742
36639,036640.jpg,5318
36642,036643.jpg,4357
36654,036655.jpg,2516
36690,036691.jpg,1025
36691,036692.jpg,5504
36698,036699.jpg,7294
36723,036724.jpg,2570
36768,036769.jpg,6665
36770,036771.jpg,4879
36792,036793.jpg,15
36797,036798.jpg,9821
36800,036801.jpg,4636
36823,036824.jpg,6100
36838,036839.jpg,2537
36862,036863.jpg,3915
36866,036867.jpg,9210
36867,036868.jpg,2072
36876,036877.jpg,4975
36895,036896.jpg,4236
36898,036899.jpg,4498
36908,036909.jpg,6746
36915,036916.jpg,6394
36940,036941.jpg,8632
36952,036953.jpg,3383
36956,036957.jpg,2537
36957,036958.jpg,142
36973,036974.jpg,3875
36978,036979.jpg,8667
36979,036980.jpg,4547
36986,036987.jpg,6746
37004,037005.jpg,3730
37028,037029.jpg,9026
37038,037039.jpg,9041
37042,037043.jpg,8710
37084,037085.jpg,2130
37108,037109.jpg,5532
37112,037113.jpg,975
37113,037114.jpg,3324
37156,037157.jpg,234
37160,037161.jpg,7506
37170,037171.jpg,8812
37186,037187.jpg,2429
37196,037197.jpg,6532
37207,037208.jpg,9084
37209,037210.jpg,7392
37215,037216.jpg,7294
37216,037217.jpg,492
37219,037220.jpg,59
37225,037226.jpg,4905
37245,037246.jpg,8710
37257,037258.jpg,6989
37261,037262.jpg,4087
37274,037275.jpg,3911
37279,037280.jpg,8932
37293,037294.jpg,8521
37295,037296.jpg,7673
37315,037316.jpg,7320
37330,037331.jpg,5313
37333,037334.jpg,8733
37335,037336.jpg,9041
37369,037370.jpg,1815
37396,037397.jpg,5238
37418,037419.jpg,6714
37420,037421.jpg,6110
37442,037443.jpg,2930
37461,037462.jpg,2914
37466,037467.jpg,9821
37486,037487.jpg,6844
37490,037491.jpg,9700
37504,037505.jpg,3708
37505,037506.jpg,2084
37515,037516.jpg,5202
37516,037517.jpg,8380
37531,037532.jpg,7506
37532,037533.jpg,9084
37569,037570.jpg,4190
37577,037578.jpg,7743
37601,037602.jpg,1443
37606,037607.jpg,3569
37618,037619.jpg,3708
37638,037639.jpg,6532
37642,037643.jpg,10050
37690,037691.jpg,8072
37696,037697.jpg,5452
37710,037711.jpg,3027
37718,037719.jpg,4473
37724,037725.jpg,5242
37736,037737.jpg,2134
37748,037749.jpg,6555
37754,037755.jpg,2311
37757,037758.jpg,9965
37761,037762.jpg,8722
37764,037765.jpg,5263
37786,037787.jpg,6860
37795,037796.jpg,4811
37807,037808.jpg,1362
37814,037815.jpg,1011
37822,037823.jpg,4174
37832,037833.jpg,6443
37874,037875.jpg,5334
37922,037923.jpg,5190
37932,037933.jpg,1051
37955,037956.jpg,7673
37970,037971.jpg,7716
37971,037972.jpg,5092
37976,037977.jpg,2083
37986,037987.jpg,3960
37996,037997.jpg,3620
38011,038012.jpg,2406
38029,038030.jpg,3959
38043,038044.jpg,3730
38057,038058.jpg,1815
38064,038065.jpg,7506
38100,038101.jpg,6532
38113,038114.jpg,2019
38133,038134.jpg,9084
38137,038138.jpg,9945
38181,038182.jpg,2250
38201,038202.jpg,1051
38208,038209.jpg,1370
38249,038250.jpg,5190
38257,038258.jpg,3875
38268,038269.jpg,1842
38272,038273.jpg,5263
38273,038274.jpg,3648
38287,038288.jpg,1560
38288,038289.jpg,632
38292,038293.jpg,3029
38296,038297.jpg,6576
38298,038299.jpg,2516
38336,038337.jpg,7013
38345,038346.jpg,7209
38349,038350.jpg,3708
38357,038358.jpg,2243
38361,038362.jpg,1842
38372,038373.jpg,2335
38374,038375.jpg,8430
38395,038396.jpg,4562
38402,038403.jpg,7145
38403,038404.jpg,6704
38427,038428.jpg,3727
38435,038436.jpg,3052
38437,038438.jpg,3383
38456,038457.jpg,6188
38470,038471.jpg,7209
38476,038477.jpg,1811
38481,038482.jpg,4498
38488,038489.jpg,4293
38497,038498.jpg,8644
38502,038503.jpg,8430
38515,038516.jpg,2249
38526,038527.jpg,5428
38541,038542.jpg,2311
38570,038571.jpg,9039
38584,038585.jpg,2295
38599,038600.jpg,6128
38609,038610.jpg,5504
38621,038622.jpg,4547
38628,038629.jpg,9158
38634,038635.jpg,6878
38646,038647.jpg,9179
38665,038666.jpg,1137
38666,038667.jpg,7294
38667,038668.jpg,1951
38670,038671.jpg,6806
38706,038707.jpg,8812
38767,038768.jpg,10085
38769,038770.jpg,5353
38786,038787.jpg,5578
38812,038813.jpg,1305
38852,038853.jpg,2792
38857,038858.jpg,7013
38859,038860.jpg,918
38870,038871.jpg,3701
38877,038878.jpg,4099
38899,038900.jpg,4293
38900,038901.jpg,9533
38906,038907.jpg,9087
38931,038932.jpg,9023
38944,038945.jpg,6989
38959,038960.jpg,3130
38967,038968.jpg,3324
38971,038972.jpg,8932
38978,038979.jpg,5353
38981,038982.jpg,2416
38985,038986.jpg,9401
38994,038995.jpg,2522
38998,038999.jpg,5361
39019,039020.jpg,6110
39020,039021.jpg,4014
39041,039042.jpg,1770
39043,039044.jpg,6300
39044,039045.jpg,160
39047,039048.jpg,5202
39088,039089.jpg,5581
39096,039097.jpg,5504
39104,039105.jpg,8710
39112,039113.jpg,2190
39120,039121.jpg,8632
39122,039123.jpg,6702
39130,039131.jpg,3383
39140,039141.jpg,2443
39159,039160.jpg,3148
39182,039183.jpg,8878
39194,039195.jpg,2516
39209,039210.jpg,6188
39238,039239.jpg,2014
39239,039240.jpg,5479
39266,039267.jpg,5263
39287,039288.jpg,9183
39309,039310.jpg,8521
39320,039321.jpg,6558
39331,039332.jpg,2311
39354,039355.jpg,4258
39358,039359.jpg,5578
39365,039366.jpg,2443
39377,039378.jpg,1648
39381,039382.jpg,4891
39391,039392.jpg,6440
39392,039393.jpg,2880
39400,039401.jpg,9184
39408,039409.jpg,4905
39444,039445.jpg,6548
39484,039485.jpg,1362
39510,039511.jpg,8468
39511,039512.jpg,8860
39521,039522.jpg,2296
39525,039526.jpg,2083
39535,039536.jpg,2250
39543,039544.jpg,3400
39547,039548.jpg,3027
39558,039559.jpg,1061
39563,039564.jpg,1137
39582,039583.jpg,1711
39588,039589.jpg,679
39600,039601.jpg,6583
39606,039607.jpg,8519
39617,039618.jpg,5235
39627,039628.jpg,7294
39629,039630.jpg,7673
39634,039635.jpg,975
39636,039637.jpg,8817
39640,039641.jpg,3522
39653,039654.jpg,8966
39663,039664.jpg,1842
39667,039668.jpg,3911
39672,039673.jpg,2518
39683,039684.jpg,487
39698,039699.jpg,5018
39729,039730.jpg,5418
39732,039733.jpg,3847
39790,039791.jpg,5078
39791,039792.jpg,2124
39816,039817.jpg,2443
39822,039823.jpg,2952
39828,039829.jpg,5866
39840,039841.jpg,8430
39843,039844.jpg,2349
39864,039865.jpg,2433
39900,039901.jpg,1842
39902,039903.jpg,6546
39905,039906.jpg,9041
39913,039914.jpg,5140
39925,039926.jpg,5221
39927,039928.jpg,8932
39932,039933.jpg,4220
39933,039934.jpg,8733
39938,039939.jpg,9027
39948,039949.jpg,3055
39949,039950.jpg,8742
39956,039957.jpg,10000
39958,039959.jpg,1761
39965,039966.jpg,6844
39976,039977.jpg,3376
39977,039978.jpg,8521
39982,039983.jpg,3960
39989,039990.jpg,3278
39993,039994.jpg,1383
40001,040002.jpg,6110
40002,040003.jpg,1288
40007,040008.jpg,3701
40020,040021.jpg,8562
40023,040024.jpg,6023
40030,040031.jpg,1362
40034,040035.jpg,69
40037,040038.jpg,273
40056,040057.jpg,8380
40078,040079.jpg,1603
40082,040083.jpg,1700
40085,040086.jpg,142
40097,040098.jpg,6947
40104,040105.jpg,5361
40108,040109.jpg,394
40118,040119.jpg,9213
40141,040142.jpg,6023
40144,040145.jpg,1929
40152,040153.jpg,9921
40162,040163.jpg,9211
40193,040194.jpg,8944
40204,040205.jpg,4720
40209,040210.jpg,7786
40223,040224.jpg,2072
40242,040243.jpg,5263
40247,040248.jpg,1657
40257,040258.jpg,1951
40262,040263.jpg,4554
40268,040269.jpg,4562
40269,040270.jpg,3875
40271,040272.jpg,8286
40281,040282.jpg,6152
40282,040283.jpg,6555
40284,040285.jpg,10000
40292,040293.jpg,9211
40298,040299.jpg,3480
40303,040304.jpg,4879
40304,040305.jpg,4334
40306,040307.jpg,3730
40312,040313.jpg,2063
40317,040318.jpg,2006
40321,040322.jpg,5353
40330,040331.jpg,1474
40346,040347.jpg,6691
40351,040352.jpg,9687
40385,040386.jpg,2334
40390,040391.jpg,2311
40393,040394.jpg,8966
40430,040431.jpg,4554
40434,040435.jpg,3623
40444,040445.jpg,2930
40451,040452.jpg,3847
40460,040461.jpg,4357
40476,040477.jpg,5489
40497,040498.jpg,8944
40511,040512.jpg,1603
40514,040515.jpg,2537
40529,040530.jpg,2231
40531,040532.jpg,8860
40568,040569.jpg,15
40582,040583.jpg,993
40621,040622.jpg,6023
40644,040645.jpg,4164
40692,040693.jpg,8966
40714,040715.jpg,3127
40718,040719.jpg,2141
40731,040732.jpg,2518
40736,040737.jpg,5578
40753,040754.jpg,2006
40780,040781.jpg,987
40797,040798.jpg,2130
40804,040805.jpg,7524
40827,040828.jpg,6714
40916,040917.jpg,5341
40925,040926.jpg,1474
40940,040941.jpg,6023
40966,040967.jpg,9923
40969,040970.jpg,3730
40971,040972.jpg,273
40975,040976.jpg,9923
40990,040991.jpg,6188
41036,041037.jpg,3029
41057,041058.jpg,2141
41074,041075.jpg,4719
41084,041085.jpg,5101
41098,041099.jpg,3959
41110,041111.jpg,6532
41112,041113.jpg,951
41114,041115.jpg,2332
41140,041141.jpg,8733
41152,041153.jpg,6024
41164,041165.jpg,5361
41189,041190.jpg,8966
41215,041216.jpg,273
41224,041225.jpg,6894
41238,041239.jpg,5235
41280,041281.jpg,234
41292,041293.jpg,14
41293,041294.jpg,6547
41304,041305.jpg,2190
41314,041315.jpg,3324
41320,041321.jpg,5765
41328,041329.jpg,2332
41340,041341.jpg,2136
41341,041342.jpg,3491
41343,041344.jpg,9027
41350,041351.jpg,10085
41357,041358.jpg,8706
41364,041365.jpg,69
41378,041379.jpg,1854
41386,041387.jpg,8627
41394,041395.jpg,6562
41396,041397.jpg,6702
41424,041425.jpg,8011
41478,041479.jpg,5866
41483,041484.jpg,47
41484,041485.jpg,8127
41519,041520.jpg,4190
41531,041532.jpg,9184
41538,041539.jpg,8966
41552,041553.jpg,3383
41564,041565.jpg,4334
41587,041588.jpg,1854
41607,041608.jpg,8860
41615,041616.jpg,7335
41629,041630.jpg,5341
41635,041636.jpg,8627
41643,041644.jpg,4094
41647,041648.jpg,78
41648,041649.jpg,1181
41657,041658.jpg,6058
41661,041662.jpg,4070
41663,041664.jpg,5519
41667,041668.jpg,2124
41683,041684.jpg,8468
41711,041712.jpg,3853
41740,041741.jpg,2952
41751,041752.jpg,6576
41754,041755.jpg,3029
41767,041768.jpg,2516
41774,041775.jpg,8742
41788,041789.jpg,6585
41823,041824.jpg,8676
41838,041839.jpg,6858
41844,041845.jpg,5092
41850,041851.jpg,5318
41872,041873.jpg,5204
41879,041880.jpg,2334
41921,041922.jpg,3696
41931,041932.jpg,6012
41959,041960.jpg,1305
41980,041981.jpg,5318
41983,041984.jpg,6746
42011,042012.jpg,7119
42025,042026.jpg,3149
42034,042035.jpg,17
42039,042040.jpg,6058
42045,042046.jpg,6128
42047,042048.jpg,15
42061,042062.jpg,4924
42087,042088.jpg,4719
42089,042090.jpg,1025
42091,042092.jpg,3960
42116,042117.jpg,9700
42128,042129.jpg,4414
42136,042137.jpg,394
42141,042142.jpg,9923
42157,042158.jpg,6746
42164,042165.jpg,5532
42167,042168.jpg,2124
42178,042179.jpg,7320
42187,042188.jpg,2130
42189,042190.jpg,8722
42197,042198.jpg,6583
42218,042219.jpg,5353
42222,042223.jpg,4236
42233,042234.jpg,6691
42255,042256.jpg,1875
42261,042262.jpg,7392
42279,042280.jpg,2014
42285,042286.jpg,4070
42292,042293.jpg,6058
42305,042306.jpg,5242
42308,042309.jpg,1648
42310,042311.jpg,5190
42332,042333.jpg,4724
42340,042341.jpg,6532
42364,042365.jpg,2072
42372,042373.jpg,2463
42381,042382.jpg,6704
42393,042394.jpg,4549
42423,042424.jpg,3896
42433,042434.jpg,6562
42441,042442.jpg,6576
42446,042447.jpg,171
42454,042455.jpg,1589
42459,042460.jpg,3959
42462,042463.jpg,2518
42463,042464.jpg,1871
42470,042471.jpg,2611
42484,042485.jpg,2429
42485,042486.jpg,3010
42486,042487.jpg,8618
42489,042490.jpg,17
42514,042515.jpg,2537
42552,042553.jpg,1871
42572,042573.jpg,6023
42573,042574.jpg,8519
42575,042576.jpg,3149
42587,042588.jpg,8926
42610,042611.jpg,6044
42614,042615.jpg,8722
42629,042630.jpg,6803
42631,042632.jpg,3052
42655,042656.jpg,5489
42656,042657.jpg,5318
42662,042663.jpg,2130
42668,042669.jpg,3477
42669,042670.jpg,4805
42688,042689.jpg,4448
42713,042714.jpg,2249
42748,042749.jpg,6704
42765,042766.jpg,6555
42774,042775.jpg,1560
42820,042821.jpg,2416
42821,042822.jpg,3477
42839,042840.jpg,3477
42849,042850.jpg,1700
42856,042857.jpg,4805
42866,042867.jpg,6100
42880,042881.jpg,59
42895,042896.jpg,6558
42912,042913.jpg,1842
42916,042917.jpg,2334
42947,042948.jpg,2134
42950,042951.jpg,1303
42964,042965.jpg,3727
42987,042988.jpg,9210
42991,042992.jpg,1025
42995,042996.jpg,6583
43004,043005.jpg,3641
43011,043012.jpg,6188
43013,043014.jpg,6718
43015,043016.jpg,5489
43022,043023.jpg,5504
43035,043036.jpg,8468
43037,043038.jpg,8878
43045,043046.jpg,3959
43062,043063.jpg,5190
43064,043065.jpg,8742
43086,043087.jpg,4251
43103,043104.jpg,6443
43106,043107.jpg,3960
43128,043129.jpg,8663
43134,043135.jpg,5202
43136,043137.jpg,6492
43146,043147.jpg,3847
43173,043174.jpg,632
43192,043193.jpg,3130
43208,043209.jpg,6036
43210,043211.jpg,3959
43211,043212.jpg,9946
43213,043214.jpg,7516
43224,043225.jpg,2124
43228,043229.jpg,2242
43263,043264.jpg,6440
43297,043298.jpg,5204
43310,043311.jpg,2883
43313,043314.jpg,5833
43340,043341.jpg,6403
43353,043354.jpg,8742
43355,043356.jpg,2952
43364,043365.jpg,5418
43376,043377.jpg,1844
43379,043380.jpg,2141
43394,043395.jpg,3648
43415,043416.jpg,8796
43455,043456.jpg,2443
43456,043457.jpg,6351
43487,043488.jpg,8562
43502,043503.jpg,9946
43505,043506.jpg,2097
43539,043540.jpg,6585
43554,043555.jpg,8926
43598,043599.jpg,8878
43600,043601.jpg,4027
43617,043618.jpg,3431
43619,043620.jpg,1986
43622,043623.jpg,8528
43632,043633.jpg,9213
43645,043646.jpg,9687
43661,043662.jpg,9184
43664,043665.jpg,4842
43666,043667.jpg,2914
43684,043685.jpg,1224
43686,043687.jpg,8932
43691,043692.jpg,2792
43692,043693.jpg,21
43697,043698.jpg,1585
43719,043720.jpg,394
43721,043722.jpg,6858
43726,043727.jpg,5142
43738,043739.jpg,992
43744,043745.jpg,9119
43763,043764.jpg,3376
43776,043777.jpg,2019
43787,043788.jpg,8468
43799,043800.jpg,1852
43809,043810.jpg,2433
43822,043823.jpg,6543
43829,043830.jpg,2516
43831,043832.jpg,4825
43889,043890.jpg,4697
43905,043906.jpg,6128
43953,043954.jpg,3478
43956,043957.jpg,4094
43960,043961.jpg,2522
43964,043965.jpg,1288
43970,043971.jpg,2574
43981,043982.jpg,6563
43992,043993.jpg,4532
44007,044008.jpg,5291
44011,044012.jpg,3376
44019,044020.jpg,8468
44023,044024.jpg,171
44028,044029.jpg,1852
44035,044036.jpg,2416
44045,044046.jpg,8632
44080,044081.jpg,8860
44097,044098.jpg,171
44099,044100.jpg,6928
44108,044109.jpg,1914
44116,044117.jpg,69
44134,044135.jpg,10050
44169,044170.jpg,6878
44178,044179.jpg,2463
44191,044192.jpg,14
44197,044198.jpg,2239
44221,044222.jpg,2243
44245,044246.jpg,4637
44260,044261.jpg,1303
44334,044335.jpg,2524
44349,044350.jpg,3478
44357,044358.jpg,8380
44363,044364.jpg,10050
44367,044368.jpg,1770
44394,044395.jpg,5479
44405,044406.jpg,492
44419,044420.jpg,5101
44443,044444.jpg,4672
44459,044460.jpg,4099
44471,044472.jpg,147
44474,044475.jpg,1303
44486,044487.jpg,4251
44494,044495.jpg,3960
44496,044497.jpg,3431
44497,044498.jpg,6802
44522,044523.jpg,4251
44536,044537.jpg,5732
44544,044545.jpg,2892
44546,044547.jpg,2335
44554,044555.jpg,5204
44564,044565.jpg,6429
44582,044583.jpg,3480
44590,044591.jpg,142
44593,044594.jpg,2509
44596,044597.jpg,4924
44634,044635.jpg,1051
44638,044639.jpg,8380
44652,044653.jpg,4450
44674,044675.jpg,6300
44684,044685.jpg,1560
44708,044709.jpg,6420
44709,044710.jpg,3431
44744,044745.jpg,1842
44747,044748.jpg,47
44752,044753.jpg,4562
44753,044754.jpg,7881
44761,044762.jpg,4924
44762,044763.jpg,4162
44769,044770.jpg,3149
44776,044777.jpg,2516
44781,044782.jpg,6152
44782,044783.jpg,1474
44784,044785.jpg,5135
44800,044801.jpg,1443
44801,044802.jpg,4724
44819,044820.jpg,8468
44834,044835.jpg,5342
44842,044843.jpg,5318
44843,044844.jpg,6574
44863,044864.jpg,2130
44869,044870.jpg,3727
44877,044878.jpg,7743
44913,044914.jpg,5247
44922,044923.jpg,3730
44929,044930.jpg,4549
44936,044937.jpg,3727
44981,044982.jpg,3641
45001,045002.jpg,8966
45024,045025.jpg,5428
45050,045051.jpg,2083
45056,045057.jpg,6725
45066,045067.jpg,3928
45070,045071.jpg,5078
45081,045082.jpg,4805
45087,045088.jpg,5334
45095,045096.jpg,5242
45099,045100.jpg,5198
45107,045108.jpg,6704
45112,045113.jpg,992
45115,045116.jpg,5198
45119,045120.jpg,4955
45135,045136.jpg,3641
45161,045162.jpg,6603
45187,045188.jpg,6986
45193,045194.jpg,6894
45205,045206.jpg,3278
45216,045217.jpg,10050
45227,045228.jpg,6947
45232,045233.jpg,975
45237,045238.jpg,9965
45257,045258.jpg,9700
45264,045265.jpg,5235
45270,045271.jpg,6681
45271,045272.jpg,2250
45275,045276.jpg,4163
45281,045282.jpg,1998
45285,045286.jpg,8440
45328,045329.jpg,5142
45329,045330.jpg,6691
45337,045338.jpg,2084
45348,045349.jpg,1474
45381,045382.jpg,8440
45395,045396.jpg,234
45399,045400.jpg,3278
45422,045423.jpg,4879
45438,045439.jpg,2242
45439,045440.jpg,8468
45443,045444.jpg,9039
45445,045446.jpg,6802
45447,045448.jpg,32
45453,045454.jpg,8127
45460,045461.jpg,4913
45481,045482.jpg,69
45485,045486.jpg,2190
45489,045490.jpg,171
45505,045506.jpg,1761
45517,045518.jpg,4433
45528,045529.jpg,2406
45552,045553.jpg,4672
45613,045614.jpg,3522
45649,045650.jpg,6860
45656,045657.jpg,7238
45667,045668.jpg,6746
45697,045698.jpg,5247
45701,045702.jpg,3278
45705,045706.jpg,4511
45714,045715.jpg,1811
45729,045730.jpg,4672
45748,045749.jpg,4521
45762,045763.jpg,7881
45763,045764.jpg,3127
45775,045776.jpg,8636
45776,045777.jpg,5361
45791,045792.jpg,8796
45808,045809.jpg,2537
45814,045815.jpg,2019
45825,045826.jpg,2134
45837,045838.jpg,4879
45870,045871.jpg,273
45874,045875.jpg,1443
45877,045878.jpg,5418
45880,045881.jpg,2518
45899,045900.jpg,2429
45906,045907.jpg,8947
45914,045915.jpg,7516
45940,045941.jpg,5353
45942,045943.jpg,3959
45948,045949.jpg,4334
45979,045980.jpg,1585
46018,046019.jpg,9041
46020,046021.jpg,3431
46022,046023.jpg,3130
46030,046031.jpg,4162
46047,046048.jpg,6443
46052,046053.jpg,6417
46076,046077.jpg,5242
46115,046116.jpg,8286
46143,046144.jpg,147
46148,046149.jpg,5140
46163,046164.jpg,5896
46165,046166.jpg,9084
46172,046173.jpg,6928
46173,046174.jpg,5581
46186,046187.jpg,5342
46189,046190.jpg,4549
46209,046210.jpg,10050
46237,046238.jpg,303
46256,046257.jpg,2130
46266,046267.jpg,7238
46272,046273.jpg,2243
46348,046349.jpg,4672
46353,046354.jpg,1815
46361,046362.jpg,6928
46365,046366.jpg,3620
46449,046450.jpg,4719
46457,046458.jpg,4027
46466,046467.jpg,3148
46471,046472.jpg,6811
46472,046473.jpg,4532
46497,046498.jpg,2332
46500,046501.jpg,2472
46506,046507.jpg,3727
46522,046523.jpg,6012
46528,046529.jpg,2014
46540,046541.jpg,4190
46556,046557.jpg,5581
46596,046597.jpg,10093
46599,046600.jpg,4825
46613,046614.jpg,1811
46647,046648.jpg,4014
46660,046661.jpg,1383
46663,046664.jpg,8440
46677,046678.jpg,4251
46679,046680.jpg,3400
46690,046691.jpg,6947
46705,046706.jpg,9211
46726,046727.jpg,1711
46751,046752.jpg,5318
46756,046757.jpg,492
46759,046760.jpg,3010
46761,046762.jpg,6624
46764,046765.jpg,6806
46790,046791.jpg,2117
46812,046813.jpg,5263
46813,046814.jpg,4879
46822,046823.jpg,2063
46824,046825.jpg,9213
46877,046878.jpg,69
46917,046918.jpg,8932
46934,046935.jpg,2516
46940,046941.jpg,5361
46941,046942.jpg,2463
46959,046960.jpg,6802
46977,046978.jpg,4414
46985,046986.jpg,4014
46988,046989.jpg,5235
46994,046995.jpg,6806
47012,047013.jpg,1956
47022,047023.jpg,2231
47027,047028.jpg,4543
47031,047032.jpg,1842
47036,047037.jpg,3485
47052,047053.jpg,78
47055,047056.jpg,1362
47057,047058.jpg,6704
47077,047078.jpg,4825
47079,047080.jpg,8947
47092,047093.jpg,6546
47111,047112.jpg,5489
47112,047113.jpg,1443
47121,047122.jpg,6547
47126,047127.jpg,6558
47134,047135.jpg,2952
47144,047145.jpg,6811
47178,047179.jpg,3400
47220,047221.jpg,7209
47247,047248.jpg,6214
47248,047249.jpg,2249
47271,047272.jpg,6023
47275,047276.jpg,8867
47289,047290.jpg,2134
47296,047297.jpg,2072
47313,047314.jpg,2349
47320,047321.jpg,5391
47321,047322.jpg,6036
47344,047345.jpg,4532
47353,047354.jpg,4220
47364,047365.jpg,4174
47374,047375.jpg,6443
47412,047413.jpg,5489
47416,047417.jpg,5263
47425,047426.jpg,9213
47426,047427.jpg,2134
47429,047430.jpg,9119
47434,047435.jpg,303
47465,047466.jpg,4562
47481,047482.jpg,5428
47495,047496.jpg,4087
47502,047503.jpg,1288
47503,047504.jpg,6420
47508,047509.jpg,248
47509,047510.jpg,3569
47527,047528.jpg,4805
47537,047538.jpg,5896
47541,047542.jpg,3896
47542,047543.jpg,1871
47549,047550.jpg,5263
47574,047575.jpg,2509
47582,047583.jpg,4027
47584,047585.jpg,2296
47586,047587.jpg,5101
47596,047597.jpg,4825
47620,047621.jpg,2524
47632,047633.jpg,6100
47641,047642.jpg,5221
47645,047646.jpg,303
47649,047650.jpg,1289
47651,047652.jpg,1061
47657,047658.jpg,9946
47660,047661.jpg,6403
47675,047676.jpg,9087
47683,047684.jpg,3324
47697,047698.jpg,5428
47704,047705.jpg,5581
47712,047713.jpg,4554
47751,047752.jpg,4955
47761,047762.jpg,5221
47791,047792.jpg,3623
47798,047799.jpg,3127
47814,047815.jpg,2429
47830,047831.jpg,6702
47833,047834.jpg,8710
47834,047835.jpg,3701
47835,047836.jpg,9213
47838,047839.jpg,5235
47841,047842.jpg,5532
47844,047845.jpg,3915
47868,047869.jpg,8817
47893,047894.jpg,8812
47906,047907.jpg,2445
47932,047933.jpg,4719
47934,047935.jpg,1585
47949,047950.jpg,1383
47959,047960.jpg,10071
47960,047961.jpg,2643
47961,047962.jpg,5247
47962,047963.jpg,6547
47963,047964.jpg,3620
47977,047978.jpg,2880
47982,047983.jpg,2332
47996,047997.jpg,2464
47997,047998.jpg,3478
48000,048001.jpg,1370
48003,048004.jpg,1180
48033,048034.jpg,9946
48036,048037.jpg,6562
48048,048049.jpg,8521
48050,048051.jpg,8966
48054,048055.jpg,4511
48081,048082.jpg,3641
48104,048105.jpg,9179
48126,048127.jpg,6443
48129,048130.jpg,1180
48131,048132.jpg,7119
48152,048153.jpg,69
48159,048160.jpg,1648
48171,048172.jpg,8286
48174,048175.jpg,171
48177,048178.jpg,10071
48193,048194.jpg,1270
48201,048202.jpg,4874
48204,048205.jpg,2349
48209,048210.jpg,1875
48233,048234.jpg,5489
48235,048236.jpg,1938
48242,048243.jpg,1871
48274,048275.jpg,7755
48275,048276.jpg,6543
48289,048290.jpg,6665
48301,048302.jpg,6429
48312,048313.jpg,1270
48324,048325.jpg,4672
48325,048326.jpg,1383
48339,048340.jpg,3480
48343,048344.jpg,3052
48368,048369.jpg,1443
48392,048393.jpg,2225
48414,048415.jpg,2472
48421,048422.jpg,951
48422,048423.jpg,5238
48447,048448.jpg,2772
48462,048463.jpg,1811
48475,048476.jpg,7178
48486,048487.jpg,8636
48498,048499.jpg,1443
48505,048506.jpg,5334
48507,048508.jpg,4433
48511,048512.jpg,7178
48522,048523.jpg,2406
48528,048529.jpg,2524
48542,048543.jpg,2537
48547,048548.jpg,3928
48550,048551.jpg,8812
48561,048562.jpg,6947
48567,048568.jpg,6188
48572,048573.jpg,6058
48583,048584.jpg,1270
48593,048594.jpg,6688
48650,048651.jpg,1951
48652,048653.jpg,4825
48663,048664.jpg,3383
48666,048667.jpg,5313
48679,048680.jpg,1936
48695,048696.jpg,6624
48754,048755.jpg,5173
48762,048763.jpg,234
48765,048766.jpg,8566
48773,048774.jpg,4414
48776,048777.jpg,8627
48780,048781.jpg,6583
48794,048795.jpg,2296
48803,048804.jpg,234
48808,048809.jpg,6928
48823,048824.jpg,6563
48873,048874.jpg,5504
48875,048876.jpg,5313
48880,048881.jpg,4934
48890,048891.jpg,1947
48915,048916.jpg,5581
48918,048919.jpg,8663
48924,048925.jpg,2570
48927,048928.jpg,8127
48929,048930.jpg,2914
48938,048939.jpg,5765
48945,048946.jpg,6429
48949,048950.jpg,3149
48968,048969.jpg,1181
48993,048994.jpg,4498
49012,049013.jpg,2014
49016,049017.jpg,3915
49024,049025.jpg,6565
49027,049028.jpg,8521
49035,049036.jpg,3915
49045,049046.jpg,5361
49057,049058.jpg,7716
49067,049068.jpg,2914
49068,049069.jpg,1288
49081,049082.jpg,1289
49084,049085.jpg,4891
49085,049086.jpg,6858
49098,049099.jpg,632
49110,049111.jpg,6547
49117,049118.jpg,4190
49130,049131.jpg,2406
49141,049142.jpg,2880
49146,049147.jpg,6058
49149,049150.jpg,5765
49156,049157.jpg,1305
49173,049174.jpg,8966
49193,049194.jpg,9700
49214,049215.jpg,3730
49232,049233.jpg,7881
49251,049252.jpg,1589
49257,049258.jpg,5202
49258,049259.jpg,1844
49289,049290.jpg,3569
49296,049297.jpg,3477
49299,049300.jpg,1061
49324,049325.jpg,2134
49342,049343.jpg,6576
49371,049372.jpg,9542
49378,049379.jpg,1370
49408,049409.jpg,3278
49431,049432.jpg,8667
49437,049438.jpg,6394
49452,049453.jpg,4433
49454,049455.jpg,5135
49457,049458.jpg,6300
49459,049460.jpg,3875
49464,049465.jpg,3960
49467,049468.jpg,6214
49471,049472.jpg,5765
49477,049478.jpg,4874
49489,049490.jpg,7392
49493,049494.jpg,2263
49499,049500.jpg,3701
49522,049523.jpg,7238
49532,049533.jpg,1947
49541,049542.jpg,8679
49560,049561.jpg,4220
49561,049562.jpg,6565
49589,049590.jpg,7013
49611,049612.jpg,3324
49613,049614.jpg,3620
49636,049637.jpg,632
49654,049655.jpg,2897
49670,049671.jpg,7881
49710,049711.jpg,1362
49725,049726.jpg,6681
49731,049732.jpg,147
49736,049737.jpg,6691
49768,049769.jpg,2141
49773,049774.jpg,5086
49803,049804.jpg,8867
49842,049843.jpg,4163
49852,049853.jpg,4255
49859,049860.jpg,9542
49860,049861.jpg,2006
49863,049864.jpg,4511
49864,049865.jpg,5173
49878,049879.jpg,6440
49883,049884.jpg,6152
49889,049890.jpg,9700
49895,049896.jpg,6714
49900,049901.jpg,2072
49919,049920.jpg,3620
49947,049948.jpg,5235
49949,049950.jpg,8944
49952,049953.jpg,5418
49954,049955.jpg,5532
49959,049960.jpg,1852
49960,049961.jpg,5018
49983,049984.jpg,2063
49994,049995.jpg,4473
50003,050004.jpg,6585
50016,050017.jpg,8468
50023,050024.jpg,1011
50034,050035.jpg,1700
50051,050052.jpg,2124
50062,050063.jpg,3278
50093,050094.jpg,5173
50101,050102.jpg,9687
50127,050128.jpg,4825
50136,050137.jpg,3522
50139,050140.jpg,5896
50140,050141.jpg,4913
50155,050156.jpg,4498
50206,050207.jpg,5101
50213,050214.jpg,4636
50218,050219.jpg,6928
50224,050225.jpg,8926
50225,050226.jpg,6681
50246,050247.jpg,9027
50262,050263.jpg,3400
50280,050281.jpg,6947
50296,050297.jpg,5532
50302,050303.jpg,7320
50332,050333.jpg,8947
50361,050362.jpg,1947
50370,050371.jpg,4162
50380,050381.jpg,5247
50381,050382.jpg,5428
50385,050386.jpg,2472
50427,050428.jpg,5153
50428,050429.jpg,5018
50431,050432.jpg,5581
50445,050446.jpg,4697
50449,050450.jpg,4637
50461,050462.jpg,3130
50468,050469.jpg,8566
50484,050485.jpg,1383
50498,050499.jpg,8644
50501,050502.jpg,5151
50502,050503.jpg,6858
50503,050504.jpg,9830
50507,050508.jpg,4814
50515,050516.jpg,59
50539,050540.jpg,2242
50551,050552.jpg,8860
50555,050556.jpg,6023
50557,050558.jpg,1443
50564,050565.jpg,2239
50573,050574.jpg,7755
50583,050584.jpg,9183
50593,050594.jpg,9945
50603,050604.jpg,2296
50618,050619.jpg,8667
50633,050634.jpg,6214
50674,050675.jpg,6568
50684,050685.jpg,8519
50694,050695.jpg,3730
50697,050698.jpg,7506
50706,050707.jpg,3127
50711,050712.jpg,2097
50765,050766.jpg,5202
50780,050781.jpg,6351
50791,050792.jpg,6803
50807,050808.jpg,5452
50826,050827.jpg,4532
50832,050833.jpg,8947
50839,050840.jpg,1852
50879,050880.jpg,8286
50880,050881.jpg,4811
50881,050882.jpg,3959
50890,050891.jpg,6583
50901,050902.jpg,3896
50905,050906.jpg,4027
50911,050912.jpg,2349
50921,050922.jpg,3149
50929,050930.jpg,3376
50941,050942.jpg,6100
50956,050957.jpg,6583
50957,050958.jpg,6624
50959,050960.jpg,4934
50967,050968.jpg,8926
50971,050972.jpg,10093
50978,050979.jpg,6718
50986,050987.jpg,15
51010,051011.jpg,992
51056,051057.jpg,5428
51060,051061.jpg,2190
51064,051065.jpg,2249
51081,051082.jpg,1875
51092,051093.jpg,5140
51102,051103.jpg,3648
51116,051117.jpg,6718
51121,051122.jpg,3641
51123,051124.jpg,8440
51124,051125.jpg,142
51130,051131.jpg,8430
51133,051134.jpg,5221
51150,051151.jpg,5765
51169,051170.jpg,4087
51192,051193.jpg,3959
51212,051213.jpg,2643
51217,051218.jpg,1061
51231,051232.jpg,2574
51251,051252.jpg,8706
51255,051256.jpg,160
51258,051259.jpg,3480
51261,051262.jpg,142
51272,051273.jpg,3480
51278,051279.jpg,1871
51279,051280.jpg,2433
51280,051281.jpg,5190
51282,051283.jpg,3376
51287,051288.jpg,3491
51302,051303.jpg,2416
51303,051304.jpg,5140
51317,051318.jpg,2014
51321,051322.jpg,2772
51322,051323.jpg,78
51332,051333.jpg,1815
51347,051348.jpg,1061
51384,051385.jpg,3010
51391,051392.jpg,3641
51409,051410.jpg,5896
51432,051433.jpg,1761
51446,051447.jpg,7881
51463,051464.jpg,4955
51479,051480.jpg,7426
51480,051481.jpg,487
51485,051486.jpg,3696
51489,051490.jpg,2792
51496,051497.jpg,1743
51497,051498.jpg,3708
51510,051511.jpg,4697
51513,051514.jpg,1844
51514,051515.jpg,3696
51516,051517.jpg,3569
51528,051529.jpg,5353
51535,051536.jpg,6583
51543,051544.jpg,147
51552,051553.jpg,3915
51558,051559.jpg,2518
51570,051571.jpg,6300
51571,051572.jpg,1051
51580,051581.jpg,1998
51608,051609.jpg,8460
51623,051624.jpg,1936
51647,051648.jpg,2136
51656,051657.jpg,5391
51668,051669.jpg,1061
51683,051684.jpg,3875
51703,051704.jpg,4087
51706,051707.jpg,8562
51742,051743.jpg,5361
51743,051744.jpg,2883
51747,051748.jpg,6574
51775,051776.jpg,5092
51785,051786.jpg,2792
51791,051792.jpg,6718
51800,051801.jpg,9830
51808,051809.jpg,14
51815,051816.jpg,4811
51822,051823.jpg,5732
51828,051829.jpg,3915
51840,051841.jpg,6532
51865,051866.jpg,3620
51880,051881.jpg,6844
51888,051889.jpg,6548
51889,051890.jpg,142
51896,051897.jpg,273
51897,051898.jpg,171
51923,051924.jpg,8966
51924,051925.jpg,4190
51927,051928.jpg,5504
51949,051950.jpg,7881
51956,051957.jpg,6562
51975,051976.jpg,7392
51987,051988.jpg,1936
52017,052018.jpg,2295
52021,052022.jpg,3708
52028,052029.jpg,6214
52032,052033.jpg,1938
52062,052063.jpg,5135
52068,052069.jpg,1761
52069,052070.jpg,9039
52100,052101.jpg,2231
52105,052106.jpg,6543
52113,052114.jpg,2263
52117,052118.jpg,3431
52147,052148.jpg,248
52161,052162.jpg,6058
52172,052173.jpg,1956
52178,052179.jpg,7145
52201,052202.jpg,8644
52215,052216.jpg,4814
52217,052218.jpg,6351
52219,052220.jpg,4190
52228,052229.jpg,6714
52231,052232.jpg,10044
52234,052235.jpg,1700
52257,052258.jpg,4874
52269,052270.jpg,5318
52283,052284.jpg,4334
52304,052305.jpg,8742
52313,052314.jpg,6947
52325,052326.jpg,4547
52342,052343.jpg,3620
52343,052344.jpg,6429
52384,052385.jpg,2880
52394,052395.jpg,47
52415,052416.jpg,9923
52417,052418.jpg,6665
52493,052494.jpg,1474
52526,052527.jpg,2910
52544,052545.jpg,3623
52575,052576.jpg,6012
52599,052600.jpg,2464
52606,052607.jpg,8127
52608,052609.jpg,8468
52622,052623.jpg,2880
52626,052627.jpg,6878
52630,052631.jpg,2083
52644,052645.jpg,14
52645,052646.jpg,2892
52658,052659.jpg,9923
52660,052661.jpg,5896
52679,052680.jpg,1929
52682,052683.jpg,5153
52711,052712.jpg,2335
52712,052713.jpg,4014
52715,052716.jpg,9183
52736,052737.jpg,5086
52742,052743.jpg,5449
52743,052744.jpg,6718
52746,052747.jpg,5342
52751,052752.jpg,2295
52753,052754.jpg,9023
52758,052759.jpg,6543
52771,052772.jpg,2433
52778,052779.jpg,8812
52780,052781.jpg,7506
52811,052812.jpg,3569
52823,052824.jpg,9830
52827,052828.jpg,10093
52858,052859.jpg,1700
52895,052896.jpg,1711
52898,052899.jpg,9401
52912,052913.jpg,17
52933,052934.jpg,4070
52957,052958.jpg,7178
52958,052959.jpg,6152
52962,052963.jpg,6746
52969,052970.jpg,5896
52982,052983.jpg,6986
52996,052997.jpg,1875
53018,053019.jpg,3708
53027,053028.jpg,2014
53031,053032.jpg,4825
53051,053052.jpg,6576
53078,053079.jpg,1137
53105,053106.jpg,5866
53122,053123.jpg,1947
53123,053124.jpg,4637
53129,053130.jpg,4174
53149,053150.jpg,3127
53183,053184.jpg,2880
53208,053209.jpg,6449
53221,053222.jpg,1743
53224,053225.jpg,6152
53228,053229.jpg,1270
53235,053236.jpg,9179
53239,053240.jpg,2472
53257,053258.jpg,394
53262,053263.jpg,2772
53265,053266.jpg,8812
53267,053268.jpg,7881
53270,053271.jpg,3696
53276,053277.jpg,2643
53302,053303.jpg,4636
53310,053311.jpg,2880
53382,053383.jpg,3896
53391,053392.jpg,5078
53401,053402.jpg,1944
53426,053427.jpg,2084
53427,053428.jpg,492
53477,053478.jpg,632
53503,053504.jpg,6449
53509,053510.jpg,10044
53514,053515.jpg,8817
53516,053517.jpg,6989
53526,053527.jpg,6792
53536,053537.jpg,7320
53541,053542.jpg,5092
53544,053545.jpg,3569
53545,053546.jpg,3522
53557,053558.jpg,47
53567,053568.jpg,4251
53579,053580.jpg,5452
53602,053603.jpg,1998
53624,053625.jpg,1761
53625,053626.jpg,9687
53632,053633.jpg,1303
53652,053653.jpg,5361
53666,053667.jpg,8722
53668,053669.jpg,5242
53714,053715.jpg,9923
53723,053724.jpg,9039
53728,053729.jpg,3491
53743,053744.jpg,9923
53745,053746.jpg,7524
53756,053757.jpg,6558
53769,053770.jpg,160
53772,053773.jpg,1844
53777,053778.jpg,5732
53788,053789.jpg,5504
53793,053794.jpg,6802
53810,053811.jpg,1362
53832,053833.jpg,4549
53863,053864.jpg,8712
53871,053872.jpg,6563
53882,053883.jpg,8663
53912,053913.jpg,5151
53915,053916.jpg,3730
53927,053928.jpg,5151
53934,053935.jpg,6152
53952,053953.jpg,9210
53958,053959.jpg,2892
53964,053965.jpg,394
53971,053972.jpg,9211
53974,053975.jpg,2611
53980,053981.jpg,4697
53984,053985.jpg,4842
53994,053995.jpg,1998
53997,053998.jpg,7145
54023,054024.jpg,975
54037,054038.jpg,3491
54075,054076.jpg,7294
54096,054097.jpg,3400
54136,054137.jpg,4805
54152,054153.jpg,10000
54171,054172.jpg,1137
54178,054179.jpg,4636
54189,054190.jpg,3696
54199,054200.jpg,2897
54203,054204.jpg,5313
54220,054221.jpg,2892
54230,054231.jpg,3431
54231,054232.jpg,2524
54249,054250.jpg,3522
54264,054265.jpg,2006
54265,054266.jpg,5361
54269,054270.jpg,9830
54298,054299.jpg,4672
54309,054310.jpg,2574
54321,054322.jpg,6894
54330,054331.jpg,5311
54332,054333.jpg,1288
54337,054338.jpg,2416
54344,054345.jpg,7786
54368,054369.jpg,5428
54369,054370.jpg,5198
54376,054377.jpg,6563
54382,054383.jpg,975
54385,054386.jpg,918
54395,054396.jpg,8817
54403,054404.jpg,8618
54409,054410.jpg,6420
54420,054421.jpg,394
54441,054442.jpg,8127
54444,054445.jpg,918
54454,054455.jpg,9179
54462,054463.jpg,8521
54466,054467.jpg,5391
54472,054473.jpg,5833
54494,054495.jpg,5018
54509,054510.jpg,8460
54516,054517.jpg,2537
54539,054540.jpg,2509
54569,054570.jpg,2897
54581,054582.jpg,4549
54597,054598.jpg,234
54623,054624.jpg,6858
54629,054630.jpg,5078
54631,054632.jpg,9041
54657,054658.jpg,1944
54673,054674.jpg,5238
54680,054681.jpg,4099
54681,054682.jpg,6100
54697,054698.jpg,4549
54699,054700.jpg,6417
54714,054715.jpg,7516
54740,054741.jpg,6565
54749,054750.jpg,3623
54751,054752.jpg,2416
54753,054754.jpg,8618
54755,054756.jpg,7145
54757,054758.jpg,9401
54762,054763.jpg,8932
54768,054769.jpg,8127
54769,054770.jpg,1443
54789,054790.jpg,6603
54798,054799.jpg,2611
54807,054808.jpg,2472
54810,054811.jpg,248
54818,054819.jpg,6568
54832,054833.jpg,6860
54837,054838.jpg,8867
54842,054843.jpg,9211
54844,054845.jpg,951
54846,054847.jpg,5418
54862,054863.jpg,1288
54883,054884.jpg,6417
54896,054897.jpg,6394
54902,054903.jpg,2117
54912,054913.jpg,2611
54931,054932.jpg,1700
54941,054942.jpg,7881
54982,054983.jpg,4532
54993,054994.jpg,4805
55028,055029.jpg,5418
55032,055033.jpg,2311
55034,055035.jpg,7178
55043,055044.jpg,5142
55050,055051.jpg,8468
55071,055072.jpg,6603
55106,055107.jpg,918
55107,055108.jpg,3055
55118,055119.jpg,4448
55144,055145.jpg,5247
55157,055158.jpg,2792
55164,055165.jpg,6806
55168,055169.jpg,4357
55174,055175.jpg,6803
55188,055189.jpg,3431
55191,055192.jpg,4164
55227,055228.jpg,3324
55244,055245.jpg,1180
55253,055254.jpg,4934
55255,055256.jpg,7426
55271,055272.jpg,8566
55298,055299.jpg,2083
55314,055315.jpg,5018
55316,055317.jpg,9401
55327,055328.jpg,8860
55341,055342.jpg,3027
55344,055345.jpg,3478
55369,055370.jpg,9158
55384,055385.jpg,6878
55402,055403.jpg,2772
55423,055424.jpg,7426
55426,055427.jpg,8460
55437,055438.jpg,1224
55448,055449.jpg,5142
55457,055458.jpg,6128
55461,055462.jpg,9158
55462,055463.jpg,3055
55465,055466.jpg,6989
55498,055499.jpg,6574
55506,055507.jpg,4162
55512,055513.jpg,4070
55514,055515.jpg,2134
55524,055525.jpg,1370
55525,055526.jpg,4255
55540,055541.jpg,2263
55571,055572.jpg,6440
55572,055573.jpg,3896
55592,055593.jpg,9179
55593,055594.jpg,5135
55621,055622.jpg,6036
55624,055625.jpg,5204
55634,055635.jpg,6563
55640,055641.jpg,2570
55641,055642.jpg,1474
55646,055647.jpg,6492
55649,055650.jpg,9158
55652,055653.jpg,9084
55658,055659.jpg,2910
55663,055664.jpg,1270
55669,055670.jpg,2611
55701,055702.jpg,1871
55719,055720.jpg,6152
55726,055727.jpg,3727
55735,055736.jpg,2117
55740,055741.jpg,2263
55745,055746.jpg,5247
55747,055748.jpg,1761
55751,055752.jpg,21
55757,055758.jpg,679
55758,055759.jpg,2190
55783,055784.jpg,15
55787,055788.jpg,3708
55812,055813.jpg,2524
55817,055818.jpg,5291
55832,055833.jpg,6562
55833,055834.jpg,2880
55843,055844.jpg,2014
55859,055860.jpg,6565
55882,055883.jpg,9158
55895,055896.jpg,4087
55898,055899.jpg,14
55906,055907.jpg,4532
55911,055912.jpg,8878
55920,055921.jpg,4879
55929,055930.jpg,3055
55937,055938.jpg,5479
55969,055970.jpg,7743
55984,055985.jpg,9946
55989,055990.jpg,2509
56009,056010.jpg,4450
56021,056022.jpg,8627
56022,056023.jpg,4554
56032,056033.jpg,1560
56035,056036.jpg,2772
56038,056039.jpg,1288
56046,056047.jpg,8742
56062,056063.jpg,2996
56076,056077.jpg,3915
56095,056096.jpg,6568
56100,056101.jpg,5142
56103,056104.jpg,9830
56114,056115.jpg,9026
56159,056160.jpg,4562
56173,056174.jpg,987
56177,056178.jpg,975
56179,056180.jpg,9087
56191,056192.jpg,5896
56205,056206.jpg,4450
56217,056218.jpg,4162
56218,056219.jpg,15
56225,056226.jpg,4220
56241,056242.jpg,17
56280,056281.jpg,9211
56319,056320.jpg,4891
56320,056321.jpg,8286
56323,056324.jpg,2243
56341,056342.jpg,2019
56372,056373.jpg,3727
56378,056379.jpg,9119
56379,056380.jpg,4814
56388,056389.jpg,9401
56394,056395.jpg,9945
56401,056402.jpg,1914
56417,056418.jpg,5202
56418,056419.jpg,5361
56422,056423.jpg,6989
56424,056425.jpg,1761
56442,056443.jpg,7716
56465,056466.jpg,6449
56513,056514.jpg,6443
56515,056516.jpg,3027
56524,056525.jpg,9821
56531,056532.jpg,3491
56539,056540.jpg,9027
56561,056562.jpg,1811
56583,056584.jpg,10093
56587,056588.jpg,1761
56589,056590.jpg,4014
56605,056606.jpg,2249
56619,056620.jpg,6394
56627,056628.jpg,2892
56630,056631.jpg,679
56647,056648.jpg,9027
56664,056665.jpg,4450
56701,056702.jpg,9087
56710,056711.jpg,8460
56724,056725.jpg,10071
56727,056728.jpg,8944
56735,056736.jpg,8440
56758,056759.jpg,6725
56772,056773.jpg,3648
56795,056796.jpg,1711
56817,056818.jpg,47
56825,056826.jpg,3491
56842,056843.jpg,6806
56848,056849.jpg,7755
56850,056851.jpg,6058
56872,056873.jpg,6568
56905,056906.jpg,2524
56912,056913.jpg,3491
56923,056924.jpg,7506
56932,056933.jpg,8663
56968,056969.jpg,5318
56993,056994.jpg,6394
57000,057001.jpg,1289
57022,057023.jpg,4724
57035,057036.jpg,6860
57053,057054.jpg,8712
57067,057068.jpg,5581
57092,057093.jpg,6802
57093,057094.jpg,3960
57097,057098.jpg,6718
57102,057103.jpg,9210
57125,057126.jpg,2883
57144,057145.jpg,4450
57165,057166.jpg,1944
57179,057180.jpg,8712
57201,057202.jpg,4473
57207,057208.jpg,4163
57221,057222.jpg,9183
57248,057249.jpg,1711
57256,057257.jpg,6558
57258,057259.jpg,2243
57274,057275.jpg,171
57278,057279.jpg,6691
57293,057294.jpg,7392
57345,057346.jpg,1929
57350,057351.jpg,8430
57375,057376.jpg,9923
57391,057392.jpg,6555
57397,057398.jpg,6802
57404,057405.jpg,8430
57417,057418.jpg,1288
57438,057439.jpg,4825
57440,057441.jpg,6152
57443,057444.jpg,9179
57457,057458.jpg,5198
57466,057467.jpg,5190
57474,057475.jpg,2930
57478,057479.jpg,5238
57479,057480.jpg,2134
57488,057489.jpg,975
57499,057500.jpg,4672
57508,057509.jpg,69
57523,057524.jpg,4554
57530,057531.jpg,492
57533,057534.jpg,4532
57536,057537.jpg,8722
57554,057555.jpg,4805
57585,057586.jpg,8679
57610,057611.jpg,7755
57640,057641.jpg,4672
57673,057674.jpg,5581
57677,057678.jpg,4814
57685,057686.jpg,9023
57695,057696.jpg,9211
57710,057711.jpg,951
57713,057714.jpg,4724
57716,057717.jpg,4162
57738,057739.jpg,7786
57751,057752.jpg,7716
57759,057760.jpg,5765
57760,057761.jpg,2570
57797,057798.jpg,4498
57803,057804.jpg,1743
57814,057815.jpg,10135
57819,057820.jpg,59
57833,057834.jpg,4334
57874,057875.jpg,2019
57875,057876.jpg,6188
57876,057877.jpg,3485
57892,057893.jpg,9533
57937,057938.jpg,2335
57938,057939.jpg,1844
57942,057943.jpg,4357
57949,057950.jpg,8380
57959,057960.jpg,918
57989,057990.jpg,9026
58018,058019.jpg,3485
58031,058032.jpg,4825
58032,058033.jpg,8636
58034,058035.jpg,8468
58058,058059.jpg,3959
58090,058091.jpg,3959
58108,058109.jpg,8710
58111,058112.jpg,1603
58129,058130.jpg,8722
58137,058138.jpg,9923
58140,058141.jpg,9184
58143,058144.jpg,4697
58144,058145.jpg,1603
58149,058150.jpg,3027
58167,058168.jpg,6449
58184,058185.jpg,8519
58187,058188.jpg,2880
58188,058189.jpg,2509
58194,058195.jpg,4975
58222,058223.jpg,2643
58224,058225.jpg,5242
58225,058226.jpg,8644
58233,058234.jpg,1180
58238,058239.jpg,8812
58241,058242.jpg,4014
58242,058243.jpg,1938
58285,058286.jpg,5449
58300,058301.jpg,8667
58305,058306.jpg,1603
58306,058307.jpg,1585
58329,058330.jpg,9039
58345,058346.jpg,1603
58346,058347.jpg,9023
58347,058348.jpg,6110
58362,058363.jpg,8710
58380,058381.jpg,4697
58382,058383.jpg,7320
58384,058385.jpg,7743
58386,058387.jpg,2472
58400,058401.jpg,8636
58413,058414.jpg,4719
58415,058416.jpg,9041
58418,058419.jpg,5386
58433,058434.jpg,8663
58435,058436.jpg,2416
58442,058443.jpg,1560
58449,058450.jpg,6894
58453,058454.jpg,6532
58464,058465.jpg,7426
58467,058468.jpg,5353
58468,058469.jpg,6860
58473,058474.jpg,3648
58486,058487.jpg,4162
58487,058488.jpg,4672
58489,058490.jpg,1770
58494,058495.jpg,3148
58506,058507.jpg,2910
58535,058536.jpg,6811
58541,058542.jpg,5418
58547,058548.jpg,8618
58552,058553.jpg,6110
58581,058582.jpg,3431
58590,058591.jpg,1270
58593,058594.jpg,4433
58594,058595.jpg,2433
58597,058598.jpg,4511
58611,058612.jpg,5092
58622,058623.jpg,3278
58636,058637.jpg,1180
58667,058668.jpg,2130
58675,058676.jpg,4874
58693,058694.jpg,1711
58703,058704.jpg,2141
58721,058722.jpg,5765
58737,058738.jpg,4190
58743,058744.jpg,1181
58745,058746.jpg,4162
58764,058765.jpg,5519
58771,058772.jpg,3052
58781,058782.jpg,3915
58784,058785.jpg,6714
58796,058797.jpg,3641
58863,058864.jpg,8796
58864,058865.jpg,6702
58869,058870.jpg,8380
58879,058880.jpg,2263
58934,058935.jpg,1589
58940,058941.jpg,7426
58982,058983.jpg,4433
58984,058985.jpg,10044
58992,058993.jpg,3278
59007,059008.jpg,6394
59019,059020.jpg,6844
59035,059036.jpg,2242
59038,059039.jpg,1289
59052,059053.jpg,5173
59084,059085.jpg,10085
59089,059090.jpg,4498
59099,059100.jpg,5732
59100,059101.jpg,2518
59129,059130.jpg,2250
59143,059144.jpg,3875
59162,059163.jpg,5140
59178,059179.jpg,2518
59182,059183.jpg,1944
59183,059184.jpg,6894
59197,059198.jpg,147
59202,059203.jpg,6417
59203,059204.jpg,2225
59209,059210.jpg,4543
59223,059224.jpg,4934
59248,059249.jpg,2295
59270,059271.jpg,6214
59276,059277.jpg,4014
59297,059298.jpg,4162
59305,059306.jpg,3730
59344,059345.jpg,9158
59347,059348.jpg,2190
59356,059357.jpg,8817
59373,059374.jpg,3847
59375,059376.jpg,4637
59409,059410.jpg,9965
59432,059433.jpg,3569
59436,059437.jpg,6417
59440,059441.jpg,7524
59447,059448.jpg,10000
59464,059465.jpg,2570
59467,059468.jpg,5221
59473,059474.jpg,3911
59510,059511.jpg,9542
59515,059516.jpg,9027
59523,059524.jpg,6704
59526,059527.jpg,975
59536,059537.jpg,3431
59554,059555.jpg,5242
59575,059576.jpg,8519
59588,059589.jpg,9213
59597,059598.jpg,8562
59616,059617.jpg,9158
59629,059630.jpg,2570
59642,059643.jpg,6989
59643,059644.jpg,1947
59644,059645.jpg,7755
59649,059650.jpg,1288
59653,059654.jpg,7145
59660,059661.jpg,8667
59663,059664.jpg,1815
59686,059687.jpg,4975
59723,059724.jpg,5086
59731,059732.jpg,1875
59734,059735.jpg,1589
59736,059737.jpg,1844
59740,059741.jpg,5353
59786,059787.jpg,1951
59804,059805.jpg,2014
59838,059839.jpg,5418
59839,059840.jpg,6894
59840,059841.jpg,5706
59847,059848.jpg,6718
59861,059862.jpg,2892
59873,059874.jpg,2643
59881,059882.jpg,6681
59900,059901.jpg,4879
59916,059917.jpg,6543
59920,059921.jpg,4975
59949,059950.jpg,7506
59951,059952.jpg,7294
59953,059954.jpg,1370
59964,059965.jpg,3569
59969,059970.jpg,5242
59987,059988.jpg,4547
59998,059999.jpg,2574
60001,060002.jpg,6688
60018,060019.jpg,4414
60035,060036.jpg,5235
60075,060076.jpg,5732
60089,060090.jpg,5204
60107,060108.jpg,4637
60108,060109.jpg,9179
60115,060116.jpg,5504
60134,060135.jpg,2772
60145,060146.jpg,5386
60171,060172.jpg,7743
60192,060193.jpg,6691
60201,060202.jpg,2334
60211,060212.jpg,8430
60238,060239.jpg,1657
60241,060242.jpg,5391
60251,060252.jpg,8966
60258,060259.jpg,59
60259,060260.jpg,4174
60268,060269.jpg,4251
60270,060271.jpg,1986
60273,060274.jpg,4014
60289,060290.jpg,1842
60293,060294.jpg,4814
60319,060320.jpg,9921
60347,060348.jpg,9084
60362,060363.jpg,2097
60384,060385.jpg,78
60452,060453.jpg,2296
60459,060460.jpg,5263
60491,060492.jpg,1474
60511,060512.jpg,2014
60513,060514.jpg,6878
60514,060515.jpg,4014
60523,060524.jpg,171
60531,060532.jpg,6429
60562,060563.jpg,2239
60579,060580.jpg,8860
60588,060589.jpg,4433
60590,060591.jpg,6986
60630,060631.jpg,4879
60659,060660.jpg,6803
60693,060694.jpg,5135
60695,060696.jpg,3278
60705,060706.jpg,3569
60726,060727.jpg,3708
60728,060729.jpg,6803
60741,060742.jpg,1051
60765,060766.jpg,1842
60789,060790.jpg,2524
60793,060794.jpg,3052
60797,060798.jpg,7881
60804,060805.jpg,2072
60842,060843.jpg,4357
60850,060851.jpg,1137
60859,060860.jpg,4094
60878,060879.jpg,6928
60889,060890.jpg,9821
60900,060901.jpg,4099
60921,060922.jpg,1936
60922,060923.jpg,4637
60942,060943.jpg,5204
60944,060945.jpg,5519
60948,060949.jpg,4293
60956,060957.jpg,1589
60957,060958.jpg,1224
60987,060988.jpg,10085
60990,060991.jpg,1657
60996,060997.jpg,8722
61002,061003.jpg,5221
61012,061013.jpg,6725
61013,061014.jpg,2996
61016,061017.jpg,32
61029,061030.jpg,1914
61048,061049.jpg,4955
61053,061054.jpg,2883
61056,061057.jpg,9401
61057,061058.jpg,6351
61058,061059.jpg,5706
61069,061070.jpg,8796
61100,061101.jpg,8440
61102,061103.jpg,4414
61106,061107.jpg,3055
61108,061109.jpg,9821
61120,061121.jpg,2522
61127,061128.jpg,5318
61140,061141.jpg,6565
61172,061173.jpg,1770
61174,061175.jpg,394
61177,061178.jpg,10071
61203,061204.jpg,8710
61225,061226.jpg,3730
61227,061228.jpg,6449
61242,061243.jpg,7755
61243,061244.jpg,5342
61247,061248.jpg,6989
61251,061252.jpg,6806
61256,061257.jpg,6568
61268,061269.jpg,5833
61275,061276.jpg,3491
61282,061283.jpg,8566
61287,061288.jpg,6802
61308,061309.jpg,1998
61313,061314.jpg,487
61314,061315.jpg,5386
61318,061319.jpg,4220
61319,061320.jpg,6565
61358,061359.jpg,1956
61366,061367.jpg,4720
61379,061380.jpg,8860
61388,061389.jpg,8710
61399,061400.jpg,7145
61427,061428.jpg,2516
61428,061429.jpg,4070
61430,061431.jpg,2880
61438,061439.jpg,951
61447,061448.jpg,5190
61467,061468.jpg,4174
61479,061480.jpg,6036
61483,061484.jpg,1743
61493,061494.jpg,15
61500,061501.jpg,5142
61501,061502.jpg,10044
61524,061525.jpg,2097
61546,061547.jpg,2063
61549,061550.jpg,6806
61597,061598.jpg,2406
61598,061599.jpg,9183
61605,061606.jpg,9921
61628,061629.jpg,1844
61633,061634.jpg,7716
61641,061642.jpg,3376
61662,061663.jpg,8632
61680,061681.jpg,8860
61688,061689.jpg,4255
61691,061692.jpg,171
61700,061701.jpg,5263
61756,061757.jpg,2897
61780,061781.jpg,8860
61787,061788.jpg,4955
61801,061802.jpg,6665
61811,061812.jpg,6562
61821,061822.jpg,4975
61833,061834.jpg,2524
61838,061839.jpg,2537
61897,061898.jpg,8618
61900,061901.jpg,8812
61905,061906.jpg,69
61906,061907.jpg,2914
61938,061939.jpg,7178
61951,061952.jpg,4511
61952,061953.jpg,4162
61963,061964.jpg,10135
61964,061965.jpg,9921
61971,061972.jpg,9542
61972,061973.jpg,2243
61992,061993.jpg,3055
61995,061996.jpg,47
62002,062003.jpg,9533
62007,062008.jpg,9687
62013,062014.jpg,5153
62015,062016.jpg,171
62025,062026.jpg,2249
62036,062037.jpg,6878
62046,062047.jpg,2443
62058,062059.jpg,4293
62062,062063.jpg,9179
62081,062082.jpg,6417
62090,062091.jpg,2334
62103,062104.jpg,6058
62120,062121.jpg,1560
62145,062146.jpg,2570
62146,062147.jpg,5504
62149,062150.jpg,3960
62160,062161.jpg,14
62161,062162.jpg,5151
62162,062163.jpg,6714
62167,062168.jpg,3522
62174,062175.jpg,9041
62215,062216.jpg,6986
62263,062264.jpg,9965
62270,062271.jpg,3052
62295,062296.jpg,2472
62321,062322.jpg,7320
62323,062324.jpg,3727
62334,062335.jpg,5732
62342,062343.jpg,9119
62344,062345.jpg,1842
62361,062362.jpg,6718
62393,062394.jpg,6691
62394,062395.jpg,4498
62403,062404.jpg,6548
62405,062406.jpg,5361
62423,062424.jpg,4842
62428,062429.jpg,9158
62448,062449.jpg,1986
62455,062456.jpg,9830
62464,062465.jpg,4874
62468,062469.jpg,3148
62471,062472.jpg,6986
62501,062502.jpg,1914
62514,062515.jpg,5519
62518,062519.jpg,5386
62525,062526.jpg,9821
62533,062534.jpg,6351
62534,062535.jpg,1986
62565,062566.jpg,1700
62567,062568.jpg,5391
62577,062578.jpg,2335
62604,062605.jpg,3896
62621,062622.jpg,8742
62630,062631.jpg,3847
62646,062647.jpg,1657
62650,062651.jpg,6547
62664,062665.jpg,1585
62676,062677.jpg,5833
62700,062701.jpg,1700
62723,062724.jpg,4805
62752,062753.jpg,1051
62772,062773.jpg,5361
62773,062774.jpg,10071
62805,062806.jpg,5313
62818,062819.jpg,2570
62822,062823.jpg,1956
62826,062827.jpg,5135
62829,062830.jpg,6100
62834,062835.jpg,4433
62840,062841.jpg,5341
62845,062846.jpg,8011
62853,062854.jpg,8127
62854,062855.jpg,1443
62861,062862.jpg,2429
62862,062863.jpg,6858
62868,062869.jpg,5581
62872,062873.jpg,2296
62880,062881.jpg,2537
62895,062896.jpg,7516
62900,062901.jpg,5263
62905,062906.jpg,2464
62929,062930.jpg,5242
62932,062933.jpg,6844
62939,062940.jpg,7524
62949,062950.jpg,9027
62953,062954.jpg,3911
62954,062955.jpg,6624
62979,062980.jpg,8706
62990,062991.jpg,3400
63013,063014.jpg,1871
63020,063021.jpg,3727
63022,063023.jpg,4473
63024,063025.jpg,4164
63028,063029.jpg,1914
63029,063030.jpg,5151
63069,063070.jpg,1871
63084,063085.jpg,4811
63115,063116.jpg,3278
63130,063131.jpg,8947
63148,063149.jpg,8932
63159,063160.jpg,6558
63165,063166.jpg,6576
63168,063169.jpg,7335
63169,063170.jpg,2083
63171,063172.jpg,7013
63176,063177.jpg,248
63190,063191.jpg,2433
63211,063212.jpg,3862
63217,063218.jpg,1875
63222,063223.jpg,8706
63287,063288.jpg,1956
63319,063320.jpg,3896
63346,063347.jpg,6986
63360,063361.jpg,1951
63363,063364.jpg,5578
63388,063389.jpg,6555
63392,063393.jpg,2231
63393,063394.jpg,2239
63403,063404.jpg,6563
63424,063425.jpg,9084
63425,063426.jpg,951
63429,063430.jpg,6986
63437,063438.jpg,171
63445,063446.jpg,5504
63449,063450.jpg,7209
63462,063463.jpg,5238
63464,063465.jpg,4543
63481,063482.jpg,8663
63503,063504.jpg,248
63510,063511.jpg,992
63512,063513.jpg,8867
63514,063515.jpg,10044
63518,063519.jpg,7786
63532,063533.jpg,3875
63545,063546.jpg,394
63569,063570.jpg,6443
63575,063576.jpg,7335
63588,063589.jpg,4258
63606,063607.jpg,6563
63609,063610.jpg,4934
63613,063614.jpg,6403
63627,063628.jpg,6802
63645,063646.jpg,9041
63664,063665.jpg,1761
63666,063667.jpg,7013
63688,063689.jpg,8947
63721,063722.jpg,2472
63737,063738.jpg,2406
63770,063771.jpg,4720
63777,063778.jpg,5018
63794,063795.jpg,4448
63800,063801.jpg,1761
63811,063812.jpg,5833
63835,063836.jpg,2235
63846,063847.jpg,2019
63871,063872.jpg,2117
63874,063875.jpg,5318
63877,063878.jpg,6417
63885,063886.jpg,8644
63894,063895.jpg,6665
63897,063898.jpg,4720
63898,063899.jpg,6718
63905,063906.jpg,1270
63908,063909.jpg,9965
63915,063916.jpg,8528
63937,063938.jpg,2235
63949,063950.jpg,4334
63968,063969.jpg,6746
63969,063970.jpg,2295
63970,063971.jpg,6429
63971,063972.jpg,992
63985,063986.jpg,3959
63986,063987.jpg,1811
64008,064009.jpg,4874
64041,064042.jpg,6548
64050,064051.jpg,2335
64056,064057.jpg,6576
64061,064062.jpg,4805
64068,064069.jpg,1585
64087,064088.jpg,2574
64108,064109.jpg,632
64133,064134.jpg,6394
64169,064170.jpg,5318
64171,064172.jpg,7716
64199,064200.jpg,8460
64212,064213.jpg,8867
64225,064226.jpg,4554
64239,064240.jpg,7506
64249,064250.jpg,22
64255,064256.jpg,59
64263,064264.jpg,160
64308,064309.jpg,4672
64312,064313.jpg,6110
64354,064355.jpg,9946
64356,064357.jpg,1875
64388,064389.jpg,5092
64394,064395.jpg,1770
64398,064399.jpg,5519
64406,064407.jpg,2250
64416,064417.jpg,6803
64426,064427.jpg,2124
64427,064428.jpg,4070
64429,064430.jpg,3478
64433,064434.jpg,6548
64447,064448.jpg,8618
64450,064451.jpg,4258
64458,064459.jpg,3928
64460,064461.jpg,1011
64471,064472.jpg,8926
64530,064531.jpg,8966
64534,064535.jpg,1986
64541,064542.jpg,8817
64555,064556.jpg,9184
64571,064572.jpg,3400
64573,064574.jpg,6492
64574,064575.jpg,8468
64616,064617.jpg,3928
64629,064630.jpg,4842
64643,064644.jpg,6986
64656,064657.jpg,4549
64663,064664.jpg,1061
64666,064667.jpg,5489
64669,064670.jpg,1956
64693,064694.jpg,6802
64698,064699.jpg,6624
64710,064711.jpg,6024
64729,064730.jpg,4636
64754,064755.jpg,9039
64756,064757.jpg,1947
64757,064758.jpg,4554
64769,064770.jpg,6429
64771,064772.jpg,5334
64776,064777.jpg,1875
64781,064782.jpg,6128
64785,064786.jpg,4027
64800,064801.jpg,5581
64810,064811.jpg,6691
64833,064834.jpg,47
64868,064869.jpg,8706
64872,064873.jpg,5313
64944,064945.jpg,8566
64953,064954.jpg,3127
64956,064957.jpg,6044
64960,064961.jpg,6547
64972,064973.jpg,6024
64993,064994.jpg,5078
65002,065003.jpg,6100
65013,065014.jpg,1854
65020,065021.jpg,1181
65025,065026.jpg,1585
65028,065029.jpg,3477
65052,065053.jpg,1947
65060,065061.jpg,7119
65094,065095.jpg,6989
65130,065131.jpg,4236
65143,065144.jpg,8528
65149,065150.jpg,679
65176,065177.jpg,6214
65177,065178.jpg,2516
65207,065208.jpg,9700
65214,065215.jpg,1811
65229,065230.jpg,5198
65235,065236.jpg,5204
65273,065274.jpg,14
65280,065281.jpg,3862
65292,065293.jpg,5151
65295,065296.jpg,6532
65309,065310.jpg,5242
65355,065356.jpg,8676
65369,065370.jpg,3896
65405,065406.jpg,9158
65407,065408.jpg,5896
65421,065422.jpg,22
65465,065466.jpg,47
65486,065487.jpg,4891
65493,065494.jpg,9533
65499,065500.jpg,7238
65514,065515.jpg,987
65515,065516.jpg,7294
65532,065533.jpg,2225
65540,065541.jpg,4164
65552,065553.jpg,6351
65563,065564.jpg,6986
65566,065567.jpg,9401
65569,065570.jpg,5428
65571,065572.jpg,32
65572,065573.jpg,5151
65600,065601.jpg,2242
65612,065613.jpg,5263
65619,065620.jpg,5190
65620,065621.jpg,4547
65627,065628.jpg,6986
65646,065647.jpg,1811
65656,065657.jpg,4934
65688,065689.jpg,5101
65711,065712.jpg,8127
65712,065713.jpg,4255
65713,065714.jpg,5353
65720,065721.jpg,8286
65732,065733.jpg,3928
65744,065745.jpg,6188
65753,065754.jpg,8440
65784,065785.jpg,1811
65840,065841.jpg,5452
65846,065847.jpg,5142
65847,065848.jpg,2883
65863,065864.jpg,9179
65879,065880.jpg,5418
65897,065898.jpg,6547
65907,065908.jpg,2952
65911,065912.jpg,6012
65913,065914.jpg,6585
65915,065916.jpg,4697
65946,065947.jpg,9821
65952,065953.jpg,1929
65962,065963.jpg,7743
65974,065975.jpg,3477
65977,065978.jpg,8867
65982,065983.jpg,4924
65989,065990.jpg,9210
66031,066032.jpg,5142
66050,066051.jpg,78
66078,066079.jpg,9830
66081,066082.jpg,3029
66090,066091.jpg,6844
66104,066105.jpg,3485
66105,066106.jpg,3127
66111,066112.jpg,2509
66127,066128.jpg,1603
66140,066141.jpg,3928
66159,066160.jpg,8636
66174,066175.jpg,8521
66236,066237.jpg,5140
66243,066244.jpg,2910
66252,066253.jpg,3928
66265,066266.jpg,6665
66271,066272.jpg,8566
66291,066292.jpg,1875
66312,066313.jpg,5353
66318,066319.jpg,4547
66319,066320.jpg,9945
66328,066329.jpg,6986
66355,066356.jpg,2792
66360,066361.jpg,6429
66361,066362.jpg,2914
66376,066377.jpg,6665
66377,066378.jpg,8011
66380,066381.jpg,4293
66400,066401.jpg,2930
66403,066404.jpg,5318
66433,066434.jpg,5418
66435,066436.jpg,4805
66438,066439.jpg,1589
66475,066476.jpg,5140
66486,066487.jpg,1842
66516,066517.jpg,6548
66518,066519.jpg,6574
66519,066520.jpg,2772
66525,066526.jpg,9041
66527,066528.jpg,6110
66529,066530.jpg,4636
66540,066541.jpg,4473
66545,066546.jpg,1289
66555,066556.jpg,4220
66561,066562.jpg,3928
66576,066577.jpg,4636
66579,066580.jpg,2141
66588,066589.jpg,8521
66618,066619.jpg,78
66623,066624.jpg,4891
66626,066627.jpg,2772
66645,066646.jpg,2243
66661,066662.jpg,7238
66668,066669.jpg,9184
66669,066670.jpg,6574
66672,066673.jpg,1474
66673,066674.jpg,1061
66677,066678.jpg,4874
66681,066682.jpg,4258
66704,066705.jpg,6811
66705,066706.jpg,6023
66726,066727.jpg,951
66739,066740.jpg,4450
66747,066748.jpg,5318
66772,066773.jpg,5198
66790,066791.jpg,1998
66796,066797.jpg,6878
66797,066798.jpg,3928
66811,066812.jpg,6725
66817,066818.jpg,14
66822,066823.jpg,2311
66828,066829.jpg,1585
66848,066849.jpg,8440
66876,066877.jpg,8733
66882,066883.jpg,2225
66883,066884.jpg,3383
66896,066897.jpg,7506
66904,066905.jpg,5391
66927,066928.jpg,2231
66953,066954.jpg,6058
66975,066976.jpg,8430
66986,066987.jpg,7320
67020,067021.jpg,2014
67027,067028.jpg,679
67028,067029.jpg,7392
67047,067048.jpg,4334
67048,067049.jpg,5204
67087,067088.jpg,7238
67099,067100.jpg,10071
67103,067104.jpg,1289
67105,067106.jpg,2516
67132,067133.jpg,4636
67136,067137.jpg,5263
67143,067144.jpg,6563
67144,067145.jpg,4357
67159,067160.jpg,6583
67197,067198.jpg,4236
67201,067202.jpg,6704
67203,067204.jpg,1914
67207,067208.jpg,6429
67208,067209.jpg,3029
67218,067219.jpg,10044
67228,067229.jpg,4955
67251,067252.jpg,5452
67288,067289.jpg,6624
67294,067295.jpg,4636
67302,067303.jpg,59
67314,067315.jpg,171
67337,067338.jpg,3431
67356,067357.jpg,2097
67360,067361.jpg,2243
67364,067365.jpg,6806
67371,067372.jpg,4805
67387,067388.jpg,7294
67393,067394.jpg,8796
67408,067409.jpg,3480
67417,067418.jpg,142
67419,067420.jpg,1951
67445,067446.jpg,1947
67456,067457.jpg,5866
67477,067478.jpg,1815
67493,067494.jpg,5765
67550,067551.jpg,4554
67554,067555.jpg,5504
67593,067594.jpg,160
67600,067601.jpg,7755
67622,067623.jpg,6546
67627,067628.jpg,1289
67644,067645.jpg,2443
67655,067656.jpg,4724
67658,067659.jpg,4724
67663,067664.jpg,6714
67670,067671.jpg,5235
67673,067674.jpg,2335
67678,067679.jpg,8562
67697,067698.jpg,4975
67706,067707.jpg,4719
67713,067714.jpg,7755
67725,067726.jpg,7178
67736,067737.jpg,5291
67737,067738.jpg,4719
67765,067766.jpg,2643
67770,067771.jpg,4672
67788,067789.jpg,9184
67797,067798.jpg,3376
67801,067802.jpg,4724
67820,067821.jpg,6576
67834,067835.jpg,6947
67839,067840.jpg,7506
67843,067844.jpg,2063
67850,067851.jpg,5866
67852,067853.jpg,2063
67871,067872.jpg,3696
67874,067875.jpg,4293
67892,067893.jpg,2250
67895,067896.jpg,5135
67901,067902.jpg,8676
67937,067938.jpg,5221
67960,067961.jpg,5242
67966,067967.jpg,6844
67995,067996.jpg,5353
68000,068001.jpg,5341
68001,068002.jpg,4874
68010,068011.jpg,8706
68016,068017.jpg,3847
68018,068019.jpg,5732
68031,068032.jpg,6558
68037,068038.jpg,2930
68039,068040.jpg,2433
68044,068045.jpg,6583
68075,068076.jpg,5238
68084,068085.jpg,8468
68099,068100.jpg,4174
68100,068101.jpg,4190
68125,068126.jpg,4814
68133,068134.jpg,5135
68135,068136.jpg,8521
68153,068154.jpg,2880
68156,068157.jpg,4293
68173,068174.jpg,4521
68178,068179.jpg,4220
68181,068182.jpg,2124
68191,068192.jpg,2335
68226,068227.jpg,4293
68232,068233.jpg,9211
68245,068246.jpg,1657
68247,068248.jpg,8440
68269,068270.jpg,4163
68283,068284.jpg,1011
68289,068290.jpg,1288
68302,068303.jpg,59
68314,068315.jpg,6844
68317,068318.jpg,303
68322,068323.jpg,3959
68326,068327.jpg,5833
68327,068328.jpg,2296
68330,068331.jpg,5578
68346,068347.jpg,8562
68354,068355.jpg,5334
68366,068367.jpg,6100
68378,068379.jpg,8430
68379,068380.jpg,6688
68384,068385.jpg,5532
68402,068403.jpg,6878
68409,068410.jpg,6443
68410,068411.jpg,3928
68422,068423.jpg,3010
68432,068433.jpg,4236
68479,068480.jpg,6403
68512,068513.jpg,2249
68517,068518.jpg,3623
68518,068519.jpg,5291
68530,068531.jpg,9923
68536,068537.jpg,4955
68543,068544.jpg,3896
68547,068548.jpg,4874
68632,068633.jpg,3027
68639,068640.jpg,5452
68651,068652.jpg,171
68657,068658.jpg,4547
68659,068660.jpg,7145
68683,068684.jpg,8742
68690,068691.jpg,2117
68695,068696.jpg,4521
68698,068699.jpg,1743
68744,068745.jpg,2883
68766,068767.jpg,3278
68800,068801.jpg,1947
68829,068830.jpg,5449
68830,068831.jpg,1700
68840,068841.jpg,2250
68876,068877.jpg,4014
68904,068905.jpg,4190
68909,068910.jpg,3383
68938,068939.jpg,7145
68951,068952.jpg,1383
68956,068957.jpg,1362
68958,068959.jpg,2443
68972,068973.jpg,9211
68980,068981.jpg,5291
68981,068982.jpg,1770
68982,068983.jpg,9946
69007,069008.jpg,147
69022,069023.jpg,3623
69034,069035.jpg,7524
69036,069037.jpg,8812
69039,069040.jpg,7294
69065,069066.jpg,3862
69069,069070.jpg,7119
69070,069071.jpg,2136
69084,069085.jpg,234
69086,069087.jpg,6725
69090,069091.jpg,4094
69138,069139.jpg,8380
69150,069151.jpg,8860
69164,069165.jpg,8440
69167,069168.jpg,4724
69171,069172.jpg,2416
69176,069177.jpg,5479
69185,069186.jpg,1648
69186,069187.jpg,8011
69200,069201.jpg,4473
69213,069214.jpg,4842
69287,069288.jpg,4811
69290,069291.jpg,10135
69301,069302.jpg,4293
69318,069319.jpg,8676
69334,069335.jpg,4549
69341,069342.jpg,4087
69346,069347.jpg,1871
69359,069360.jpg,5142
69361,069362.jpg,6562
69363,069364.jpg,14
69373,069374.jpg,2311
69380,069381.jpg,3477
69387,069388.jpg,6860
69399,069400.jpg,1761
69400,069401.jpg,6214
69448,069449.jpg,2910
69451,069452.jpg,6894
69462,069463.jpg,234
69465,069466.jpg,8632
69472,069473.jpg,3127
69478,069479.jpg,2910
69500,069501.jpg,8947
69501,069502.jpg,6555
69504,069505.jpg,6443
69519,069520.jpg,4955
69520,069521.jpg,3847
69528,069529.jpg,5489
69534,069535.jpg,2892
69546,069547.jpg,7209
69570,069571.jpg,5581
69571,069572.jpg,8562
69582,069583.jpg,3485
69588,069589.jpg,3847
69590,069591.jpg,248
69594,069595.jpg,6532
69605,069606.jpg,2332
69628,069629.jpg,7119
69646,069647.jpg,9119
69651,069652.jpg,21
69661,069662.jpg,1603
69663,069664.jpg,3010
69674,069675.jpg,21
69680,069681.jpg,8944
69686,069687.jpg,303
69687,069688.jpg,5235
69688,069689.jpg,3485
69706,069707.jpg,2429
69708,069709.jpg,4450
69716,069717.jpg,3522
69724,069725.jpg,2406
69743,069744.jpg,2883
69747,069748.jpg,2084
69750,069751.jpg,5581
69767,069768.jpg,8966
69768,069769.jpg,8011
69772,069773.jpg,5334
69777,069778.jpg,5018
69788,069789.jpg,4724
69806,069807.jpg,2006
69808,069809.jpg,1947
69818,069819.jpg,6403
69824,069825.jpg,6811
69826,069827.jpg,2445
69840,069841.jpg,7426
69853,069854.jpg,4814
69864,069865.jpg,3149
69881,069882.jpg,14
69888,069889.jpg,3029
69903,069904.jpg,6665
69920,069921.jpg,1289
69928,069929.jpg,10071
69935,069936.jpg,6576
69958,069959.jpg,8663
69987,069988.jpg,8072
70000,070001.jpg,6718
70045,070046.jpg,5532
70047,070048.jpg,6532
70059,070060.jpg,4163
70077,070078.jpg,2117
70086,070087.jpg,3696
70128,070129.jpg,8712
70145,070146.jpg,1947
70155,070156.jpg,3278
70163,070164.jpg,4905
70164,070165.jpg,8380
70166,070167.jpg,6044
70193,070194.jpg,4549
70207,070208.jpg,9158
70234,070235.jpg,6806
70249,070250.jpg,1951
70255,070256.jpg,9026
70257,070258.jpg,4293
70280,070281.jpg,4891
70315,070316.jpg,6746
70328,070329.jpg,3847
70354,070355.jpg,9401
70363,070364.jpg,4532
70372,070373.jpg,273
70376,070377.jpg,6058
70393,070394.jpg,2416
70412,070413.jpg,7320
70416,070417.jpg,9213
70426,070427.jpg,6718
70428,070429.jpg,993
70448,070449.jpg,9821
70450,070451.jpg,4697
70464,070465.jpg,6947
70478,070479.jpg,3928
70534,070535.jpg,1815
70541,070542.jpg,2930
70559,070560.jpg,3052
70587,070588.jpg,3383
70588,070589.jpg,9687
70598,070599.jpg,6562
70645,070646.jpg,9026
70653,070654.jpg,1852
70676,070677.jpg,6583
70705,070706.jpg,2250
70724,070725.jpg,975
70726,070727.jpg,8072
70727,070728.jpg,3480
70736,070737.jpg,8722
70751,070752.jpg,5092
70757,070758.jpg,6576
70765,070766.jpg,5391
70793,070794.jpg,8566
70803,070804.jpg,1370
70884,070885.jpg,3701
70885,070886.jpg,6562
70886,070887.jpg,3620
70899,070900.jpg,2235
70919,070920.jpg,1743
70938,070939.jpg,10071
70954,070955.jpg,5238
70998,070999.jpg,3127
71046,071047.jpg,6565
71049,071050.jpg,8286
71056,071057.jpg,6100
71068,071069.jpg,1362
71075,071076.jpg,9700
71085,071086.jpg,171
71100,071101.jpg,2072
71120,071121.jpg,6024
71142,071143.jpg,3027
71144,071145.jpg,3569
71147,071148.jpg,4825
71157,071158.jpg,2792
71165,071166.jpg,2792
71167,071168.jpg,8667
71208,071209.jpg,1603
71210,071211.jpg,8817
71217,071218.jpg,1770
71219,071220.jpg,5428
71244,071245.jpg,2522
71247,071248.jpg,1137
71276,071277.jpg,6568
71315,071316.jpg,2516
71316,071317.jpg,4099
71319,071320.jpg,4697
71346,071347.jpg,6492
71348,071349.jpg,2883
71372,071373.jpg,4357
71398,071399.jpg,5092
71408,071409.jpg,9026
71425,071426.jpg,1854
71459,071460.jpg,8618
71460,071461.jpg,6023
71465,071466.jpg,1289
71479,071480.jpg,10085
71501,071502.jpg,7013
71526,071527.jpg,9041
71533,071534.jpg,4554
71538,071539.jpg,8528
71539,071540.jpg,3928
71557,071558.jpg,1944
71567,071568.jpg,5341
71568,071569.jpg,5140
71580,071581.jpg,1700
71607,071608.jpg,6746
71608,071609.jpg,2518
71657,071658.jpg,1474
71675,071676.jpg,6574
71677,071678.jpg,8679
71691,071692.jpg,9183
71702,071703.jpg,6420
71720,071721.jpg,3911
71728,071729.jpg,10000
71754,071755.jpg,8011
71766,071767.jpg,3324
71769,071770.jpg,5235
71782,071783.jpg,4014
71805,071806.jpg,2190
71806,071807.jpg,6548
71811,071812.jpg,2130
71825,071826.jpg,7786
71833,071834.jpg,5173
71846,071847.jpg,4636
71859,071860.jpg,8636
71892,071893.jpg,2242
71893,071894.jpg,4174
71894,071895.jpg,7516
71907,071908.jpg,4414
71908,071909.jpg,3911
71912,071913.jpg,6100
71914,071915.jpg,6128
71919,071920.jpg,160
71926,071927.jpg,8947
71940,071941.jpg,6811
71941,071942.jpg,1657
71960,071961.jpg,5449
71964,071965.jpg,3491
71972,071973.jpg,4163
71993,071994.jpg,3052
72033,072034.jpg,5504
72047,072048.jpg,6702
72063,072064.jpg,9023
72064,072065.jpg,3491
72070,072071.jpg,1854
72085,072086.jpg,3477
72101,072102.jpg,1844
72104,072105.jpg,6624
72110,072111.jpg,8710
72121,072122.jpg,1370
72134,072135.jpg,4842
72169,072170.jpg,3620
72235,072236.jpg,1844
72253,072254.jpg,1815
72260,072261.jpg,8817
72275,072276.jpg,2235
72287,072288.jpg,8676
72291,072292.jpg,3648
72315,072316.jpg,8712
72320,072321.jpg,1362
72332,072333.jpg,632
72338,072339.jpg,4720
72339,072340.jpg,7178
72342,072343.jpg,5247
72351,072352.jpg,2084
72361,072362.jpg,5086
72364,072365.jpg,3522
72370,072371.jpg,1443
72371,072372.jpg,9542
72427,072428.jpg,2097
72428,072429.jpg,6547
72437,072438.jpg,3959
72457,072458.jpg,8521
72460,072461.jpg,5092
72461,072462.jpg,5078
72467,072468.jpg,17
72469,072470.jpg,8710
72482,072483.jpg,4554
72491,072492.jpg,2772
72495,072496.jpg,8072
72519,072520.jpg,3928
72536,072537.jpg,8618
72552,072553.jpg,47
72571,072572.jpg,8626
72577,072578.jpg,1443
72584,072585.jpg,1603
72599,072600.jpg,2084
72610,072611.jpg,5452
72615,072616.jpg,1947
72625,072626.jpg,5896
72644,072645.jpg,1288
72648,072649.jpg,9026
72668,072669.jpg,7119
72671,072672.jpg,6563
72674,072675.jpg,8663
72700,072701.jpg,2239
72707,072708.jpg,2406
72712,072713.jpg,3010
72745,072746.jpg,3522
72759,072760.jpg,6565
72764,072765.jpg,8878
72793,072794.jpg,9184
72796,072797.jpg,7786
72810,072811.jpg,8706
72855,072856.jpg,5204
72859,072860.jpg,7392
72861,072862.jpg,3127
72862,072863.jpg,1305
72867,072868.jpg,5334
72876,072877.jpg,5361
72878,072879.jpg,6417
72882,072883.jpg,3148
72891,072892.jpg,5235
72897,072898.jpg,4879
72898,072899.jpg,1929
72902,072903.jpg,7755
72907,072908.jpg,5732
72924,072925.jpg,1589
72956,072957.jpg,9211
72975,072976.jpg,2463
72981,072982.jpg,1224
72995,072996.jpg,6449
73002,073003.jpg,5361
73011,073012.jpg,4913
73016,073017.jpg,2772
73023,073024.jpg,4891
73026,073027.jpg,9921
73030,073031.jpg,4511
73060,073061.jpg,5334
73062,073063.jpg,6024
73071,073072.jpg,2250
73076,073077.jpg,9946
73081,073082.jpg,2429
73127,073128.jpg,1272
73132,073133.jpg,22
73146,073147.jpg,8380
73167,073168.jpg,8812
73210,073211.jpg,2124
73221,073222.jpg,3569
73223,073224.jpg,6681
73231,073232.jpg,3029
73236,073237.jpg,8636
73252,073253.jpg,6603
73266,073267.jpg,5313
73285,073286.jpg,14
73287,073288.jpg,2332
73288,073289.jpg,5318
73360,073361.jpg,3480
73361,073362.jpg,9119
73398,073399.jpg,5732
73403,073404.jpg,3875
73411,073412.jpg,6603
73432,073433.jpg,3915
73482,073483.jpg,6543
73502,073503.jpg,6802
73510,073511.jpg,7673
73526,073527.jpg,142
73531,073532.jpg,22
73575,073576.jpg,8947
73578,073579.jpg,679
73584,073585.jpg,3847
73594,073595.jpg,7238
73613,073614.jpg,8796
73614,073615.jpg,3623
73616,073617.jpg,9921
73627,073628.jpg,1137
73628,073629.jpg,6558
73638,073639.jpg,6585
73650,073651.jpg,1288
73658,073659.jpg,2006
73673,073674.jpg,2349
73677,073678.jpg,1181
73690,073691.jpg,1998
73695,073696.jpg,8867
73709,073710.jpg,9542
73710,073711.jpg,5311
73723,073724.jpg,2332
73726,073727.jpg,2996
73741,073742.jpg,8440
73752,073753.jpg,1224
73790,073791.jpg,1303
73808,073809.jpg,8528
73810,073811.jpg,6860
73813,073814.jpg,3324
73821,073822.jpg,3569
73825,073826.jpg,2445
73865,073866.jpg,4549
73875,073876.jpg,1944
73881,073882.jpg,2083
73885,073886.jpg,3847
73888,073889.jpg,4724
73907,073908.jpg,4891
73913,073914.jpg,8430
73925,073926.jpg,4164
73935,073936.jpg,2883
73938,073939.jpg,3696
73966,073967.jpg,2429
73981,073982.jpg,5235
73985,073986.jpg,8679
73988,073989.jpg,9158
73991,073992.jpg,8932
73992,073993.jpg,4099
73998,073999.jpg,2250
74010,074011.jpg,8618
74040,074041.jpg,1998
74062,074063.jpg,9700
74071,074072.jpg,2332
74074,074075.jpg,2443
74108,074109.jpg,8817
74109,074110.jpg,4805
74140,074141.jpg,8867
74161,074162.jpg,1289
74162,074163.jpg,2014
74170,074171.jpg,2334
74179,074180.jpg,9179
74182,074183.jpg,10044
74188,074189.jpg,5353
74194,074195.jpg,10050
74229,074230.jpg,9026
74241,074242.jpg,6704
74250,074251.jpg,5291
74264,074265.jpg,6844
74282,074283.jpg,10050
74300,074301.jpg,1944
74324,074325.jpg,4511
74330,074331.jpg,8626
74335,074336.jpg,6024
74338,074339.jpg,4334
74341,074342.jpg,2611
74355,074356.jpg,1180
74368,074369.jpg,4473
74393,074394.jpg,5452
74399,074400.jpg,8742
74400,074401.jpg,1061
74403,074404.jpg,8944
74410,074411.jpg,4027
74428,074429.jpg,4913
74430,074431.jpg,6986
74452,074453.jpg,6403
74461,074462.jpg,7178
74471,074472.jpg,21
74498,074499.jpg,5142
74515,074516.jpg,7426
74518,074519.jpg,4955
74527,074528.jpg,5334
74534,074535.jpg,7238
74536,074537.jpg,5833
74545,074546.jpg,4087
74569,074570.jpg,987
74609,074610.jpg,975
74611,074612.jpg,6188
74636,074637.jpg,2263
74684,074685.jpg,9026
74685,074686.jpg,1011
74724,074725.jpg,1743
74733,074734.jpg,4220
74735,074736.jpg,6574
74737,074738.jpg,6300
74772,074773.jpg,3324
74774,074775.jpg,951
74792,074793.jpg,4163
74801,074802.jpg,5313
74817,074818.jpg,5140
74819,074820.jpg,6688
74862,074863.jpg,7335
74898,074899.jpg,8947
74906,074907.jpg,9533
74919,074920.jpg,6023
74961,074962.jpg,1770
74967,074968.jpg,59
74982,074983.jpg,9210
75000,075001.jpg,3480
75048,075049.jpg,6044
75054,075055.jpg,4913
75061,075062.jpg,3915
75068,075069.jpg,4554
75076,075077.jpg,2117
75088,075089.jpg,2464
75091,075092.jpg,3911
75109,075110.jpg,4720
75147,075148.jpg,2509
75153,075154.jpg,918
75196,075197.jpg,6802
75236,075237.jpg,6894
75270,075271.jpg,5342
75310,075311.jpg,5151
75311,075312.jpg,1272
75318,075319.jpg,8627
75321,075322.jpg,2014
75323,075324.jpg,2225
75336,075337.jpg,1938
75349,075350.jpg,9830
75351,075352.jpg,3130
75359,075360.jpg,2537
75378,075379.jpg,7238
75391,075392.jpg,4258
75412,075413.jpg,6440
75423,075424.jpg,9119
75436,075437.jpg,6443
75442,075443.jpg,2117
75443,075444.jpg,4697
75450,075451.jpg,6058
75460,075461.jpg,303
75465,075466.jpg,3027
75470,075471.jpg,2136
75503,075504.jpg,5519
75516,075517.jpg,21
75517,075518.jpg,4433
75519,075520.jpg,3431
75525,075526.jpg,3641
75526,075527.jpg,6585
75550,075551.jpg,4251
75554,075555.jpg,4521
75561,075562.jpg,8667
75572,075573.jpg,4498
75584,075585.jpg,1947
75596,075597.jpg,2295
75609,075610.jpg,6702
75624,075625.jpg,15
75627,075628.jpg,8860
75642,075643.jpg,5086
75658,075659.jpg,8663
75680,075681.jpg,4811
75731,075732.jpg,8706
75746,075747.jpg,9210
75753,075754.jpg,1362
75775,075776.jpg,4720
75787,075788.jpg,1443
75789,075790.jpg,3400
75815,075816.jpg,7743
75828,075829.jpg,15
75842,075843.jpg,951
75852,075853.jpg,1272
75856,075857.jpg,7516
75857,075858.jpg,5896
75869,075870.jpg,5361
75878,075879.jpg,2892
75907,075908.jpg,2250
75912,075913.jpg,2522
75916,075917.jpg,492
75917,075918.jpg,8706
75921,075922.jpg,5190
75970,075971.jpg,8519
75977,075978.jpg,4825
75978,075979.jpg,2574
75981,075982.jpg,7743
76030,076031.jpg,5151
76038,076039.jpg,993
76046,076047.jpg,1180
76051,076052.jpg,2772
76058,076059.jpg,6403
76059,076060.jpg,5519
76061,076062.jpg,2243
76069,076070.jpg,4814
76094,076095.jpg,6417
76163,076164.jpg,5418
76164,076165.jpg,7209
76172,076173.jpg,7755
76174,076175.jpg,6548
76184,076185.jpg,5452
76191,076192.jpg,394
76200,076201.jpg,6394
76221,076222.jpg,6565
76239,076240.jpg,4805
76242,076243.jpg,4293
76243,076244.jpg,6044
76249,076250.jpg,1603
76265,076266.jpg,9041
76272,076273.jpg,6802
76276,076277.jpg,5391
76318,076319.jpg,6947
76337,076338.jpg,10093
76357,076358.jpg,6555
76365,076366.jpg,8926
76377,076378.jpg,8926
76380,076381.jpg,2883
76388,076389.jpg,8867
76401,076402.jpg,6449
76424,076425.jpg,8430
76425,076426.jpg,8926
76454,076455.jpg,8796
76455,076456.jpg,2952
76464,076465.jpg,1288
76468,076469.jpg,9542
76485,076486.jpg,2242
76491,076492.jpg,4672
76503,076504.jpg,1370
76514,076515.jpg,492
76524,076525.jpg,8521
76575,076576.jpg,171
76577,076578.jpg,3915
76582,076583.jpg,3485
76594,076595.jpg,5578
76618,076619.jpg,2335
76638,076639.jpg,1648
76648,076649.jpg,3149
76655,076656.jpg,5452
76668,076669.jpg,1711
76677,076678.jpg,9830
76685,076686.jpg,9026
76688,076689.jpg,2295
76693,076694.jpg,7238
76697,076698.jpg,4334
76718,076719.jpg,4236
76723,076724.jpg,1180
76746,076747.jpg,4724
76771,076772.jpg,7716
76784,076785.jpg,8627
76809,076810.jpg,8072
76811,076812.jpg,1986
76824,076825.jpg,8521
76851,076852.jpg,7673
76867,076868.jpg,8796
76889,076890.jpg,1944
76906,076907.jpg,4905
76909,076910.jpg,2072
76928,076929.jpg,5732
76961,076962.jpg,8817
76965,076966.jpg,22
76967,076968.jpg,47
76975,076976.jpg,5291
77022,077023.jpg,8519
77027,077028.jpg,2250
77028,077029.jpg,5449
77039,077040.jpg,2296
77045,077046.jpg,4236
77051,077052.jpg,2006
77058,077059.jpg,7524
77080,077081.jpg,5334
77086,077087.jpg,5428
77098,077099.jpg,3875
77100,077101.jpg,8632
77114,077115.jpg,5418
77123,077124.jpg,8562
77137,077138.jpg,5896
77142,077143.jpg,6543
77144,077145.jpg,9401
77149,077150.jpg,3052
77152,077153.jpg,3127
77156,077157.jpg,1051
77160,077161.jpg,6702
77167,077168.jpg,2445
77176,077177.jpg,4511
77197,077198.jpg,6403
77218,077219.jpg,4549
77224,077225.jpg,8667
77239,077240.jpg,7786
77242,077243.jpg,9084
77250,077251.jpg,2190
77259,077260.jpg,9921
77263,077264.jpg,2472
77266,077267.jpg,8566
77275,077276.jpg,4975
77298,077299.jpg,5086
77300,077301.jpg,78
77301,077302.jpg,8663
77339,077340.jpg,4891
77340,077341.jpg,3853
77342,077343.jpg,2130
77353,077354.jpg,2570
77354,077355.jpg,2509
77380,077381.jpg,2463
77387,077388.jpg,7335
77394,077395.jpg,6044
77431,077432.jpg,1011
77467,077468.jpg,2235
77474,077475.jpg,7145
77482,077483.jpg,1061
77535,077536.jpg,2464
77546,077547.jpg,8706
77558,077559.jpg,248
77565,077566.jpg,6417
77575,077576.jpg,7506
77581,077582.jpg,6585
77603,077604.jpg,8733
77606,077607.jpg,4251
77609,077610.jpg,1871
77616,077617.jpg,22
77620,077621.jpg,6024
77630,077631.jpg,6858
77633,077634.jpg,5135
77662,077663.jpg,4094
77668,077669.jpg,6792
77671,077672.jpg,2296
77689,077690.jpg,5311
77704,077705.jpg,9210
77706,077707.jpg,9533
77713,077714.jpg,7013
77757,077758.jpg,5342
77792,077793.jpg,6024
77803,077804.jpg,4334
77812,077813.jpg,142
77834,077835.jpg,5504
77842,077843.jpg,4433
77849,077850.jpg,8626
77854,077855.jpg,1289
77880,077881.jpg,234
77901,077902.jpg,6152
77902,077903.jpg,3701
77908,077909.jpg,4070
77910,077911.jpg,3569
77926,077927.jpg,9023
77942,077943.jpg,5247
77945,077946.jpg,4251
77951,077952.jpg,6860
77961,077962.jpg,8626
77975,077976.jpg,4164
77986,077987.jpg,3648
77996,077997.jpg,1589
78010,078011.jpg,8712
78014,078015.jpg,8519
78024,078025.jpg,10085
78026,078027.jpg,1224
78027,078028.jpg,7209
78036,078037.jpg,3130
78047,078048.jpg,8742
78052,078053.jpg,6928
78058,078059.jpg,9026
78084,078085.jpg,8733
78106,078107.jpg,9023
78119,078120.jpg,6806
78127,078128.jpg,2335
78147,078148.jpg,8710
78153,078154.jpg,8712
78164,078165.jpg,9026
78175,078176.jpg,160
78198,078199.jpg,6449
78209,078210.jpg,3027
78211,078212.jpg,2249
78224,078225.jpg,4905
78229,078230.jpg,9687
78231,078232.jpg,4334
78233,078234.jpg,9542
78238,078239.jpg,7013
78251,078252.jpg,5202
78267,078268.jpg,2311
78268,078269.jpg,4027
78281,078282.jpg,4521
78310,078311.jpg,6214
78314,078315.jpg,2996
78322,078323.jpg,9687
78329,078330.jpg,6429
78339,078340.jpg,6012
78341,078342.jpg,1936
78344,078345.jpg,9830
78349,078350.jpg,3696
78350,078351.jpg,10093
78384,078385.jpg,4825
78403,078404.jpg,6429
78411,078412.jpg,6429
78415,078416.jpg,1011
78417,078418.jpg,8644
78419,078420.jpg,2524
78443,078444.jpg,10093
78444,078445.jpg,2117
78455,078456.jpg,6036
78465,078466.jpg,7238
78472,078473.jpg,8706
78473,078474.jpg,2570
78509,078510.jpg,8663
78554,078555.jpg,5204
78558,078559.jpg,3959
78573,078574.jpg,5221
78580,078581.jpg,3491
78591,078592.jpg,1303
78596,078597.jpg,3620
78612,078613.jpg,2083
78709,078710.jpg,8817
78719,078720.jpg,10085
78735,078736.jpg,8679
78749,078750.jpg,5386
78750,078751.jpg,8831
78766,078767.jpg,1929
78769,078770.jpg,1270
78802,078803.jpg,6947
78816,078817.jpg,6844
78817,078818.jpg,1272
78818,078819.jpg,5732
78827,078828.jpg,4293
78832,078833.jpg,2141
78852,078853.jpg,4913
78857,078858.jpg,918
78863,078864.jpg,3324
78871,078872.jpg,2472
78888,078889.jpg,8519
78896,078897.jpg,7209
78905,078906.jpg,8430
78914,078915.jpg,4014
78923,078924.jpg,5151
78924,078925.jpg,1657
78930,078931.jpg,2445
78937,078938.jpg,3478
78952,078953.jpg,3701
78958,078959.jpg,3641
78962,078963.jpg,8667
78973,078974.jpg,4547
78984,078985.jpg,3149
78993,078994.jpg,4014
78994,078995.jpg,1288
79017,079018.jpg,7786
79024,079025.jpg,5311
79026,079027.jpg,4842
79029,079030.jpg,4720
79041,079042.jpg,9119
79056,079057.jpg,1011
79085,079086.jpg,2263
79104,079105.jpg,2250
79105,079106.jpg,2463
79107,079108.jpg,59
79139,079140.jpg,7506
79162,079163.jpg,8966
79163,079164.jpg,3862
79164,079165.jpg,975
79176,079177.jpg,8742
79177,079178.jpg,6844
79219,079220.jpg,4498
79223,079224.jpg,6058
79229,079230.jpg,1180
79230,079231.jpg,6036
79249,079250.jpg,142
79288,079289.jpg,8618
79296,079297.jpg,4636
79317,079318.jpg,2883
79319,079320.jpg,2019
79327,079328.jpg,6440
79345,079346.jpg,8636
79371,079372.jpg,5706
79379,079380.jpg,6574
79475,079476.jpg,992
79479,079480.jpg,47
79488,079489.jpg,5866
79503,079504.jpg,2914
79526,079527.jpg,5449
79537,079538.jpg,6803
79554,079555.jpg,8926
79567,079568.jpg,9923
79585,079586.jpg,5706
79591,079592.jpg,69
79603,079604.jpg,8632
79615,079616.jpg,8632
79633,079634.jpg,10044
79638,079639.jpg,234
79649,079650.jpg,6024
79653,079654.jpg,6894
79676,079677.jpg,3148
79700,079701.jpg,5386
79710,079711.jpg,1289
79711,079712.jpg,7524
79726,079727.jpg,2772
79728,079729.jpg,8932
79767,079768.jpg,8812
79769,079770.jpg,1951
79775,079776.jpg,7294
79781,079782.jpg,2311
79805,079806.jpg,1815
79823,079824.jpg,2014
79829,079830.jpg,147
79832,079833.jpg,4251
79844,079845.jpg,6012
79856,079857.jpg,2518
79876,079877.jpg,3623
79884,079885.jpg,5578
79900,079901.jpg,4511
79921,079922.jpg,8519
79943,079944.jpg,7506
79973,079974.jpg,6188
80011,080012.jpg,6417
80022,080023.jpg,4164
80023,080024.jpg,7145
80024,080025.jpg,6012
80034,080035.jpg,9965
80040,080041.jpg,8380
80044,080045.jpg,6989
80046,080047.jpg,8127
80050,080051.jpg,9533
80053,080054.jpg,2014
80057,080058.jpg,1181
80060,080061.jpg,5173
80103,080104.jpg,4814
80128,080129.jpg,3055
80142,080143.jpg,2063
80180,080181.jpg,4549
80181,080182.jpg,3696
80185,080186.jpg,9965
80207,080208.jpg,8519
80221,080222.jpg,8947
80240,080241.jpg,3727
80250,080251.jpg,7320
80260,080261.jpg,1061
80265,080266.jpg,1815
80274,080275.jpg,2136
80277,080278.jpg,6012
80293,080294.jpg,8632
80298,080299.jpg,7524
80303,080304.jpg,8521
80304,080305.jpg,6543
80305,080306.jpg,1305
80315,080316.jpg,632
80316,080317.jpg,1224
80349,080350.jpg,6547
80370,080371.jpg,9119
80397,080398.jpg,2792
80399,080400.jpg,6429
80401,080402.jpg,975
80438,080439.jpg,8710
80455,080456.jpg,2892
80477,080478.jpg,6665
80486,080487.jpg,2084
80490,080491.jpg,7320
80492,080493.jpg,6443
80518,080519.jpg,4879
80521,080522.jpg,1761
80575,080576.jpg,69
80581,080582.jpg,9923
80593,080594.jpg,5833
80615,080616.jpg,1936
80624,080625.jpg,7294
80626,080627.jpg,5706
80628,080629.jpg,5086
80632,080633.jpg,3130
80635,080636.jpg,7335
80636,080637.jpg,8867
80646,080647.jpg,7673
80660,080661.jpg,5489
80668,080669.jpg,2014
80693,080694.jpg,4720
80694,080695.jpg,8742
80695,080696.jpg,3324
80709,080710.jpg,951
80728,080729.jpg,1051
80788,080789.jpg,2349
80791,080792.jpg,6044
80792,080793.jpg,1224
80806,080807.jpg,4672
80833,080834.jpg,7426
80838,080839.jpg,1761
80848,080849.jpg,6012
80863,080864.jpg,2522
80888,080889.jpg,1811
80891,080892.jpg,7335
80929,080930.jpg,2006
80967,080968.jpg,5391
80969,080970.jpg,303
81004,081005.jpg,6417
81014,081015.jpg,5353
81071,081072.jpg,6860
81075,081076.jpg,4258
81101,081102.jpg,4547
81117,081118.jpg,4163
81137,081138.jpg,15
81152,081153.jpg,1852
81160,081161.jpg,2335
81162,081163.jpg,8521
81171,081172.jpg,1383
81186,081187.jpg,6024
81187,081188.jpg,9213
81194,081195.jpg,5135
81197,081198.jpg,6928
81212,081213.jpg,1560
81246,081247.jpg,10044
81257,081258.jpg,4099
81265,081266.jpg,2242
81281,081282.jpg,6543
81294,081295.jpg,4955
81296,081297.jpg,6576
81298,081299.jpg,1061
81300,081301.jpg,5198
81319,081320.jpg,6152
81335,081336.jpg,9213
81340,081341.jpg,2883
81341,081342.jpg,992
81378,081379.jpg,9213
81384,081385.jpg,3148
81398,081399.jpg,4094
81406,081407.jpg,5342
81414,081415.jpg,7119
81429,081430.jpg,1181
81439,081440.jpg,1852
81442,081443.jpg,6681
81464,081465.jpg,6947
81470,081471.jpg,6023
81472,081473.jpg,8636
81488,081489.jpg,5142
81491,081492.jpg,142
81493,081494.jpg,1025
81494,081495.jpg,3708
81500,081501.jpg,4637
81501,081502.jpg,3928
81503,081504.jpg,5140
81546,081547.jpg,6585
81590,081591.jpg,5428
81592,081593.jpg,3730
81601,081602.jpg,8667
81606,081607.jpg,3383
81616,081617.jpg,8440
81645,081646.jpg,2063
81656,081657.jpg,5866
81658,081659.jpg,3148
81668,081669.jpg,3010
81693,081694.jpg,5449
81702,081703.jpg,2772
81709,081710.jpg,2084
81711,081712.jpg,4811
81742,081743.jpg,5238
81744,081745.jpg,8817
81752,081753.jpg,1560
81759,081760.jpg,3708
81765,081766.jpg,3127
81792,081793.jpg,1305
81806,081807.jpg,6603
81810,081811.jpg,5204
81813,081814.jpg,4511
81823,081824.jpg,2190
81853,081854.jpg,632
81857,081858.jpg,3875
81894,081895.jpg,9119
81925,081926.jpg,4697
81929,081930.jpg,8796
81932,081933.jpg,6858
81952,081953.jpg,2225
81954,081955.jpg,8722
81962,081963.jpg,6568
81986,081987.jpg,5896
81992,081993.jpg,4236
81998,081999.jpg,4190
82000,082001.jpg,9087
82042,082043.jpg,5078
82049,082050.jpg,4720
82062,082063.jpg,9184
82100,082101.jpg,4099
82116,082117.jpg,3480
82153,082154.jpg,4174
82165,082166.jpg,5532
82173,082174.jpg,6420
82181,082182.jpg,4547
82183,082184.jpg,5311
82192,082193.jpg,6860
82193,082194.jpg,4220
82196,082197.jpg,5449
82215,082216.jpg,7716
82218,082219.jpg,5318
82222,082223.jpg,4874
82230,082231.jpg,4724
82235,082236.jpg,4913
82249,082250.jpg,3029
82271,082272.jpg,160
82276,082277.jpg,4236
82286,082287.jpg,5578
82298,082299.jpg,6803
82303,082304.jpg,6188
82304,082305.jpg,4162
82308,082309.jpg,2472
82315,082316.jpg,3623
82324,082325.jpg,3148
82362,082363.jpg,2611
82375,082376.jpg,5765
82388,082389.jpg,6429
82444,082445.jpg,1854
82454,082455.jpg,5866
82457,082458.jpg,7426
82461,082462.jpg,6300
82472,082473.jpg,6714
82474,082475.jpg,6704
82485,082486.jpg,6420
82492,082493.jpg,3376
82505,082506.jpg,2349
82506,082507.jpg,487
82518,082519.jpg,6100
82522,082523.jpg,5202
82529,082530.jpg,6562
82537,082538.jpg,4255
82539,082540.jpg,2130
82548,082549.jpg,2772
82555,082556.jpg,9821
82564,082565.jpg,3896
82574,082575.jpg,3648
82578,082579.jpg,6989
82605,082606.jpg,2242
82613,082614.jpg,4498
82677,082678.jpg,1589
82683,082684.jpg,6792
82684,082685.jpg,679
82701,082702.jpg,10085
82704,082705.jpg,8710
82710,082711.jpg,1648
82725,082726.jpg,6878
82730,082731.jpg,1061
82741,082742.jpg,8679
82758,082759.jpg,5092
82775,082776.jpg,4255
82777,082778.jpg,5018
82781,082782.jpg,7426
82800,082801.jpg,2792
82807,082808.jpg,4448
82823,082824.jpg,6546
82825,082826.jpg,1914
82826,082827.jpg,5151
82852,082853.jpg,6583
82855,082856.jpg,2332
82874,082875.jpg,5235
82884,082885.jpg,2524
82887,082888.jpg,1303
82894,082895.jpg,1603
82902,082903.jpg,9041
82911,082912.jpg,7881
82914,082915.jpg,2311
82916,082917.jpg,2006
82938,082939.jpg,394
82942,082943.jpg,7673
82948,082949.jpg,10000
82957,082958.jpg,4162
82972,082973.jpg,4814
82988,082989.jpg,4433
82995,082996.jpg,2522
83003,083004.jpg,6492
83004,083005.jpg,2416
83007,083008.jpg,5247
83017,083018.jpg,4636
83028,083029.jpg,21
83031,083032.jpg,6792
83037,083038.jpg,2445
83047,083048.jpg,7786
83053,083054.jpg,5578
83065,083066.jpg,2443
83073,083074.jpg,4547
83099,083100.jpg,8878
83111,083112.jpg,6806
83116,083117.jpg,8663
83121,083122.jpg,8966
83132,083133.jpg,6044
83163,083164.jpg,5291
83179,083180.jpg,1936
83202,083203.jpg,8380
83204,083205.jpg,303
83264,083265.jpg,1875
83270,083271.jpg,492
83284,083285.jpg,1871
83313,083314.jpg,8796
83321,083322.jpg,8627
83322,083323.jpg,2429
83324,083325.jpg,6429
83336,083337.jpg,4879
83348,083349.jpg,4811
83350,083351.jpg,3911
83351,083352.jpg,8867
83377,083378.jpg,1137
83389,083390.jpg,2263
83400,083401.jpg,3278
83408,083409.jpg,975
83426,083427.jpg,5532
83433,083434.jpg,2063
83461,083462.jpg,3027
83476,083477.jpg,1854
83502,083503.jpg,9179
83504,083505.jpg,5311
83505,083506.jpg,4955
83507,083508.jpg,6565
83509,083510.jpg,4357
83519,083520.jpg,5092
83542,083543.jpg,2463
83564,083565.jpg,10050
83568,083569.jpg,6681
83580,083581.jpg,1288
83600,083601.jpg,2537
83627,083628.jpg,8817
83645,083646.jpg,8627
83662,083663.jpg,2463
83671,083672.jpg,4174
83689,083690.jpg,4164
83700,083701.jpg,632
83701,083702.jpg,5866
83708,083709.jpg,1181
83717,083718.jpg,3623
83732,083733.jpg,8430
83733,083734.jpg,7294
83742,083743.jpg,8706
83770,083771.jpg,8127
83785,083786.jpg,6718
83791,083792.jpg,3130
83808,083809.jpg,9700
83818,083819.jpg,69
83822,083823.jpg,303
83831,083832.jpg,1305
83835,083836.jpg,4549
83862,083863.jpg,6012
83875,083876.jpg,2019
83890,083891.jpg,32
83900,083901.jpg,4720
83901,083902.jpg,1288
83906,083907.jpg,9965
83911,083912.jpg,2084
83919,083920.jpg,8286
83943,083944.jpg,6012
83976,083977.jpg,5532
83992,083993.jpg,8636
84023,084024.jpg,2019
84031,084032.jpg,8626
84032,084033.jpg,4543
84035,084036.jpg,4014
84039,084040.jpg,7294
84068,084069.jpg,2014
84070,084071.jpg,7743
84074,084075.jpg,3853
84082,084083.jpg,3522
84099,084100.jpg,2239
84121,084122.jpg,5532
84123,084124.jpg,2249
84128,084129.jpg,3928
84133,084134.jpg,3911
84136,084137.jpg,2097
84160,084161.jpg,4814
84191,084192.jpg,248
84224,084225.jpg,6894
84254,084255.jpg,4891
84266,084267.jpg,15
84271,084272.jpg,6300
84296,084297.jpg,1180
84317,084318.jpg,1986
84324,084325.jpg,17
84344,084345.jpg,5449
84350,084351.jpg,5202
84358,084359.jpg,303
84367,084368.jpg,1956
84373,084374.jpg,1272
84429,084430.jpg,7209
84431,084432.jpg,2433
84443,084444.jpg,3569
84454,084455.jpg,4174
84475,084476.jpg,6563
84489,084490.jpg,6718
84496,084497.jpg,3875
84498,084499.jpg,6214
84503,084504.jpg,6532
84510,084511.jpg,1370
84550,084551.jpg,6562
84561,084562.jpg,8926
84574,084575.jpg,6806
84611,084612.jpg,2952
84630,084631.jpg,9687
84641,084642.jpg,8733
84656,084657.jpg,1852
84666,084667.jpg,6558
84685,084686.jpg,2792
84691,084692.jpg,4014
84697,084698.jpg,3029
84699,084700.jpg,6714
84704,084705.jpg,2880
84707,084708.jpg,5428
84727,084728.jpg,8644
84762,084763.jpg,9041
84764,084765.jpg,4724
84783,084784.jpg,8932
84792,084793.jpg,5452
84796,084797.jpg,2914
84817,084818.jpg,5140
84826,084827.jpg,6802
84832,084833.jpg,8947
84855,084856.jpg,4163
84859,084860.jpg,2464
84862,084863.jpg,4720
84878,084879.jpg,4027
84882,084883.jpg,8566
84883,084884.jpg,8636
84884,084885.jpg,6585
84888,084889.jpg,1585
84890,084891.jpg,4473
84914,084915.jpg,1944
84915,084916.jpg,5391
84927,084928.jpg,5449
84928,084929.jpg,9965
84933,084934.jpg,3862
84955,084956.jpg,5489
84968,084969.jpg,1811
84978,084979.jpg,951
84992,084993.jpg,3701
84999,085000.jpg,5334
85013,085014.jpg,1648
85032,085033.jpg,3485
85062,085063.jpg,8521
85101,085102.jpg,4697
85128,085129.jpg,3959
85150,085151.jpg,1011
85153,085154.jpg,3278
85173,085174.jpg,5452
85181,085182.jpg,7426
85189,085190.jpg,4825
85214,085215.jpg,5391
85260,085261.jpg,6188
85303,085304.jpg,6568
85310,085311.jpg,632
85344,085345.jpg,2952
85347,085348.jpg,7524
85386,085387.jpg,4450
85388,085389.jpg,8944
85392,085393.jpg,5896
85435,085436.jpg,4433
85437,085438.jpg,5092
85467,085468.jpg,2141
85489,085490.jpg,4697
85502,085503.jpg,5291
85505,085506.jpg,1305
85521,085522.jpg,3623
85539,085540.jpg,2072
85555,085556.jpg,1986
85556,085557.jpg,6844
85562,085563.jpg,1938
85565,085566.jpg,3727
85568,085569.jpg,2611
85569,085570.jpg,2006
85607,085608.jpg,8663
85608,085609.jpg,8932
85618,085619.jpg,6558
85624,085625.jpg,5221
85627,085628.jpg,4672
85652,085653.jpg,14
85655,085656.jpg,2231
85686,085687.jpg,32
85688,085689.jpg,8072
85692,085693.jpg,303
85705,085706.jpg,7145
85707,085708.jpg,5452
85719,085720.jpg,1657
85723,085724.jpg,2792
85770,085771.jpg,2914
85773,085774.jpg,2996
85803,085804.jpg,1815
85807,085808.jpg,9084
85808,085809.jpg,8733
85828,085829.jpg,7294
85837,085838.jpg,394
85849,085850.jpg,6417
85858,085859.jpg,6568
85862,085863.jpg,5204
85869,085870.jpg,5142
85870,085871.jpg,8831
85886,085887.jpg,5334
85910,085911.jpg,142
85914,085915.jpg,1743
85916,085917.jpg,2792
85920,085921.jpg,2296
85923,085924.jpg,3853
85930,085931.jpg,7516
85944,085945.jpg,8519
86006,086007.jpg,9084
86020,086021.jpg,6688
86030,086031.jpg,7716
86034,086035.jpg,1770
86038,086039.jpg,6443
86044,086045.jpg,273
86069,086070.jpg,6394
86090,086091.jpg,7743
86092,086093.jpg,1289
86125,086126.jpg,4255
86157,086158.jpg,4448
86193,086194.jpg,2243
86195,086196.jpg,2250
86218,086219.jpg,9087
86240,086241.jpg,3915
86252,086253.jpg,3278
86259,086260.jpg,8430
86274,086275.jpg,4637
86289,086290.jpg,3648
86299,086300.jpg,9041
86303,086304.jpg,2892
86341,086342.jpg,8636
86373,086374.jpg,5018
86387,086388.jpg,4562
86389,086390.jpg,2124
86395,086396.jpg,4913
86413,086414.jpg,8722
86423,086424.jpg,5896
86432,086433.jpg,3701
86438,086439.jpg,6548
86447,086448.jpg,8926
86463,086464.jpg,10135
86470,086471.jpg,8636
86495,086496.jpg,2930
86496,086497.jpg,9921
86497,086498.jpg,8706
86499,086500.jpg,5866
86510,086511.jpg,2892
86521,086522.jpg,4433
86529,086530.jpg,2249
86532,086533.jpg,6583
86554,086555.jpg,5449
86559,086560.jpg,10044
86571,086572.jpg,1914
86575,086576.jpg,5866
86577,086578.jpg,9179
86584,086585.jpg,3701
86595,086596.jpg,8867
86608,086609.jpg,1603
86609,086610.jpg,2518
86613,086614.jpg,303
86616,086617.jpg,6492
86636,086637.jpg,6023
86639,086640.jpg,5140
86647,086648.jpg,9084
86654,086655.jpg,7516
86677,086678.jpg,9183
86685,086686.jpg,2772
86697,086698.jpg,6440
86707,086708.jpg,5334
86712,086713.jpg,5318
86713,086714.jpg,142
86724,086725.jpg,7516
86739,086740.jpg,9027
86740,086741.jpg,5101
86750,086751.jpg,3127
86760,086761.jpg,1383
86770,086771.jpg,5142
86789,086790.jpg,8926
86792,086793.jpg,3383
86803,086804.jpg,1938
86808,086809.jpg,4414
86814,086815.jpg,5341
86857,086858.jpg,1852
86887,086888.jpg,2063
86895,086896.jpg,4637
86900,086901.jpg,6492
86916,086917.jpg,4293
86925,086926.jpg,273
86945,086946.jpg,3477
86947,086948.jpg,4724
86951,086952.jpg,2225
86955,086956.jpg,1743
86969,086970.jpg,2231
87040,087041.jpg,6746
87065,087066.jpg,9183
87075,087076.jpg,3569
87077,087078.jpg,2524
87080,087081.jpg,7743
87113,087114.jpg,3477
87123,087124.jpg,8011
87135,087136.jpg,3478
87141,087142.jpg,6585
87150,087151.jpg,6532
87161,087162.jpg,7673
87220,087221.jpg,2524
87229,087230.jpg,3696
87246,087247.jpg,8519
87268,087269.jpg,4521
87270,087271.jpg,9026
87279,087280.jpg,7335
87280,087281.jpg,9700
87287,087288.jpg,8796
87321,087322.jpg,2349
87327,087328.jpg,1025
87338,087339.jpg,5504
87340,087341.jpg,4724
87362,087363.jpg,6443
87365,087366.jpg,6403
87368,087369.jpg,6714
87376,087377.jpg,2574
87390,087391.jpg,2334
87398,087399.jpg,1951
87408,087409.jpg,6878
87412,087413.jpg,5866
87422,087423.jpg,394
87429,087430.jpg,1936
87435,087436.jpg,8440
87442,087443.jpg,17
87445,087446.jpg,1936
87456,087457.jpg,1657
87457,087458.jpg,2311
87462,087463.jpg,5732
87467,087468.jpg,5173
87476,087477.jpg,22
87479,087480.jpg,5235
87492,087493.jpg,8710
87504,087505.jpg,5092
87518,087519.jpg,5578
87539,087540.jpg,8644
87547,087548.jpg,8663
87576,087577.jpg,3477
87613,087614.jpg,487
87615,087616.jpg,2522
87628,087629.jpg,47
87629,087630.jpg,234
87630,087631.jpg,2335
87642,087643.jpg,8733
87653,087654.jpg,4879
87661,087662.jpg,3029
87668,087669.jpg,2883
87716,087717.jpg,2235
87730,087731.jpg,5142
87742,087743.jpg,4543
87745,087746.jpg,2443
87746,087747.jpg,6214
87770,087771.jpg,6803
87772,087773.jpg,3376
87787,087788.jpg,8468
87789,087790.jpg,6811
87791,087792.jpg,7335
87817,087818.jpg,21
87820,087821.jpg,2772
87832,087833.jpg,3730
87838,087839.jpg,3383
87843,087844.jpg,6803
87845,087846.jpg,3052
87852,087853.jpg,1743
87860,087861.jpg,9210
87869,087870.jpg,2416
87887,087888.jpg,4450
87903,087904.jpg,3431
87914,087915.jpg,10000
87918,087919.jpg,2235
87924,087925.jpg,1181
87937,087938.jpg,5140
87940,087941.jpg,3010
87941,087942.jpg,9700
87947,087948.jpg,9921
87951,087952.jpg,3376
87954,087955.jpg,9158
87964,087965.jpg,5361
87980,087981.jpg,5313
87995,087996.jpg,2334
87998,087999.jpg,5504
88014,088015.jpg,5532
88019,088020.jpg,2611
88028,088029.jpg,8627
88030,088031.jpg,3623
88032,088033.jpg,1936
88050,088051.jpg,1289
88054,088055.jpg,1811
88100,088101.jpg,2574
88104,088105.jpg,8618
88114,088115.jpg,6300
88118,088119.jpg,5519
88143,088144.jpg,4174
88153,088154.jpg,9830
88154,088155.jpg,987
88168,088169.jpg,2134
88178,088179.jpg,8636
88183,088184.jpg,8562
88192,088193.jpg,10093
88199,088200.jpg,4448
88215,088216.jpg,4027
88216,088217.jpg,987
88218,088219.jpg,3708
88222,088223.jpg,5732
88223,088224.jpg,3641
88266,088267.jpg,4562
88278,088279.jpg,9830
88280,088281.jpg,1303
88308,088309.jpg,9542
88311,088312.jpg,5221
88345,088346.jpg,17
88358,088359.jpg,8679
88369,088370.jpg,6558
88377,088378.jpg,2349
88405,088406.jpg,4543
88438,088439.jpg,4258
88448,088449.jpg,2537
88464,088465.jpg,4450
88473,088474.jpg,7716
88478,088479.jpg,6844
88483,088484.jpg,4293
88490,088491.jpg,8831
88509,088510.jpg,234
88511,088512.jpg,7294
88526,088527.jpg,9026
88540,088541.jpg,6947
88552,088553.jpg,6702
88562,088563.jpg,2097
88565,088566.jpg,9027
88567,088568.jpg,4874
88570,088571.jpg,5173
88574,088575.jpg,1224
88607,088608.jpg,3928
88613,088614.jpg,1305
88615,088616.jpg,6989
88640,088641.jpg,6449
88649,088650.jpg,2063
88657,088658.jpg,4924
88669,088670.jpg,3127
88679,088680.jpg,6555
88704,088705.jpg,7524
88741,088742.jpg,6860
88763,088764.jpg,6568
88769,088770.jpg,4814
88787,088788.jpg,4099
88813,088814.jpg,2897
88817,088818.jpg,2006
88844,088845.jpg,3701
88848,088849.jpg,8626
88873,088874.jpg,5140
88874,088875.jpg,6044
88913,088914.jpg,10071
88934,088935.jpg,9921
88952,088953.jpg,3400
88979,088980.jpg,4448
88999,089000.jpg,6023
89018,089019.jpg,4293
89019,089020.jpg,2416
89022,089023.jpg,8796
89025,089026.jpg,1270
89039,089040.jpg,5153
89046,089047.jpg,1986
89094,089095.jpg,5153
89098,089099.jpg,3911
89103,089104.jpg,2892
89104,089105.jpg,2570
89115,089116.jpg,5086
89127,089128.jpg,9946
89130,089131.jpg,6100
89138,089139.jpg,6044
89159,089160.jpg,4473
89164,089165.jpg,2914
89166,089167.jpg,8867
89185,089186.jpg,975
89200,089201.jpg,987
89211,089212.jpg,1951
89223,089224.jpg,987
89231,089232.jpg,6563
89246,089247.jpg,2349
89252,089253.jpg,7013
89255,089256.jpg,2349
89269,089270.jpg,7516
89278,089279.jpg,4014
89326,089327.jpg,4521
89352,089353.jpg,8817
89360,089361.jpg,4414
89367,089368.jpg,9158
89407,089408.jpg,1025
89413,089414.jpg,1474
89421,089422.jpg,2643
89430,089431.jpg,4162
89465,089466.jpg,6449
89468,089469.jpg,32
89492,089493.jpg,4450
89493,089494.jpg,8932
89500,089501.jpg,2242
89509,089510.jpg,3696
89522,089523.jpg,8867
89524,089525.jpg,6548
89535,089536.jpg,2141
89555,089556.jpg,4014
89567,089568.jpg,5532
89592,089593.jpg,8944
89597,089598.jpg,5532
89636,089637.jpg,7145
89637,089638.jpg,9039
89643,089644.jpg,4814
89648,089649.jpg,3149
89650,089651.jpg,4414
89657,089658.jpg,4236
89670,089671.jpg,3620
89673,089674.jpg,2472
89694,089695.jpg,8710
89721,089722.jpg,3875
89748,089749.jpg,5142
89804,089805.jpg,2643
89810,089811.jpg,4448
89845,089846.jpg,2443
89863,089864.jpg,4719
89865,089866.jpg,2332
89884,089885.jpg,6603
89912,089913.jpg,8722
89924,089925.jpg,6806
89925,089926.jpg,4511
89974,089975.jpg,2243
89980,089981.jpg,7392
90001,090002.jpg,5247
90009,090010.jpg,4549
90015,090016.jpg,4549
90019,090020.jpg,4473
90034,090035.jpg,5313
90049,090050.jpg,4236
90057,090058.jpg,6110
90080,090081.jpg,951
90101,090102.jpg,6417
90112,090113.jpg,9026
90137,090138.jpg,3055
90177,090178.jpg,8944
90185,090186.jpg,394
90195,090196.jpg,8562
90204,090205.jpg,1303
90214,090215.jpg,9921
90215,090216.jpg,3478
90231,090232.jpg,1657
90246,090247.jpg,6024
90253,090254.jpg,5334
90257,090258.jpg,273
90267,090268.jpg,5173
90312,090313.jpg,9687
90337,090338.jpg,8831
90360,090361.jpg,8796
90371,090372.jpg,2524
90433,090434.jpg,2019
90444,090445.jpg,6681
90462,090463.jpg,487
90463,090464.jpg,6443
90476,090477.jpg,3730
90491,090492.jpg,6403
90499,090500.jpg,1181
90509,090510.jpg,8519
90515,090516.jpg,4842
90521,090522.jpg,4293
90522,090523.jpg,8926
90529,090530.jpg,4934
90547,090548.jpg,5153
90557,090558.jpg,1956
90562,090563.jpg,8127
90568,090569.jpg,2250
90581,090582.jpg,8932
90591,090592.jpg,5833
90594,090595.jpg,2263
90607,090608.jpg,1770
90613,090614.jpg,6429
90627,090628.jpg,7145
90628,090629.jpg,8644
90638,090639.jpg,6665
90642,090643.jpg,2242
90645,090646.jpg,8127
90650,090651.jpg,6546
90665,090666.jpg,5291
90667,090668.jpg,47
90675,090676.jpg,2130
90676,090677.jpg,1842
90677,090678.jpg,3324
90678,090679.jpg,4498
90684,090685.jpg,10085
90699,090700.jpg,3569
90716,090717.jpg,160
90756,090757.jpg,9023
90760,090761.jpg,10044
90788,090789.jpg,7209
90789,090790.jpg,6858
90793,090794.jpg,7119
90799,090800.jpg,1025
90810,090811.jpg,32
90814,090815.jpg,303
90820,090821.jpg,6878
90824,090825.jpg,6024
90833,090834.jpg,1657
90876,090877.jpg,9023
90883,090884.jpg,1303
90889,090890.jpg,6420
90892,090893.jpg,9087
90916,090917.jpg,6546
90918,090919.jpg,5452
90921,090922.jpg,3029
90930,090931.jpg,5418
90931,090932.jpg,1288
90932,090933.jpg,7426
90936,090937.jpg,2880
90967,090968.jpg,1025
90981,090982.jpg,918
90989,090990.jpg,2130
91001,091002.jpg,2792
91004,091005.jpg,9027
91025,091026.jpg,6583
91028,091029.jpg,394
91034,091035.jpg,3491
91043,091044.jpg,8947
91056,091057.jpg,3641
91069,091070.jpg,2296
91070,091071.jpg,2242
91078,091079.jpg,7335
91090,091091.jpg,6492
91095,091096.jpg,2416
91111,091112.jpg,2296
91133,091134.jpg,59
91135,091136.jpg,4511
91146,091147.jpg,4164
91153,091154.jpg,2231
91167,091168.jpg,234
91169,091170.jpg,6110
91194,091195.jpg,2190
91207,091208.jpg,8712
91210,091211.jpg,3853
91219,091220.jpg,2242
91224,091225.jpg,2239
91248,091249.jpg,6568
91260,091261.jpg,5519
91265,091266.jpg,2134
91297,091298.jpg,8926
91302,091303.jpg,6665
91304,091305.jpg,1743
91314,091315.jpg,234
91321,091322.jpg,2239
91322,091323.jpg,6555
91328,091329.jpg,9039
91332,091333.jpg,303
91342,091343.jpg,4099
91345,091346.jpg,3522
91354,091355.jpg,2097
91369,091370.jpg,6420
91371,091372.jpg,8706
91379,091380.jpg,4955
91404,091405.jpg,3701
91427,091428.jpg,7335
91428,091429.jpg,8817
91433,091434.jpg,2996
91472,091473.jpg,4879
91515,091516.jpg,1560
91520,091521.jpg,3149
91526,091527.jpg,3400
91533,091534.jpg,1025
91543,091544.jpg,6624
91564,091565.jpg,6746
91567,091568.jpg,2914
91578,091579.jpg,6878
91596,091597.jpg,6986
91614,091615.jpg,1842
91621,091622.jpg,4549
91626,091627.jpg,5078
91630,091631.jpg,2883
91631,091632.jpg,273
91633,091634.jpg,9084
91653,091654.jpg,9946
91676,091677.jpg,2930
91677,091678.jpg,2570
91690,091691.jpg,9946
91692,091693.jpg,8011
91702,091703.jpg,5706
91726,091727.jpg,1303
91733,091734.jpg,2443
91748,091749.jpg,8676
91753,091754.jpg,6394
91757,091758.jpg,3485
91765,091766.jpg,5247
91767,091768.jpg,8722
91768,091769.jpg,4547
91772,091773.jpg,1362
91774,091775.jpg,8733
91784,091785.jpg,8562
91788,091789.jpg,2263
91806,091807.jpg,7743
91818,091819.jpg,5140
91823,091824.jpg,4236
91832,091833.jpg,4521
91839,091840.jpg,6562
91841,091842.jpg,160
91856,091857.jpg,8860
91867,091868.jpg,1761
91922,091923.jpg,8528
91942,091943.jpg,7238
91955,091956.jpg,4924
91958,091959.jpg,2611
91962,091963.jpg,6563
91973,091974.jpg,3480
91991,091992.jpg,4543
92004,092005.jpg,5173
92016,092017.jpg,8944
92017,092018.jpg,7320
92024,092025.jpg,4498
92034,092035.jpg,1603
92038,092039.jpg,8712
92053,092054.jpg,10071
92066,092067.jpg,2072
92084,092085.jpg,5247
92098,092099.jpg,3376
92102,092103.jpg,4099
92113,092114.jpg,2611
92134,092135.jpg,8742
92152,092153.jpg,3708
92164,092165.jpg,4433
92172,092173.jpg,5428
92188,092189.jpg,1844
92214,092215.jpg,5086
92231,092232.jpg,78
92249,092250.jpg,4672
92268,092269.jpg,2883
92270,092271.jpg,4562
92274,092275.jpg,4636
92277,092278.jpg,6128
92300,092301.jpg,2006
92309,092310.jpg,1443
92324,092325.jpg,487
92330,092331.jpg,8817
92338,092339.jpg,7524
92361,092362.jpg,15
92381,092382.jpg,6704
92391,092392.jpg,9158
92443,092444.jpg,2295
92451,092452.jpg,15
92457,092458.jpg,2930
92459,092460.jpg,8667
92473,092474.jpg,3383
92480,092481.jpg,142
92484,092485.jpg,5386
92489,092490.jpg,3010
92500,092501.jpg,4879
92504,092505.jpg,3400
92561,092562.jpg,679
92562,092563.jpg,4697
92572,092573.jpg,2772
92588,092589.jpg,1180
92606,092607.jpg,3623
92618,092619.jpg,3491
92623,092624.jpg,6012
92651,092652.jpg,8667
92667,092668.jpg,4811
92668,092669.jpg,1743
92673,092674.jpg,1815
92684,092685.jpg,4924
92687,092688.jpg,2335
92707,092708.jpg,6603
92727,092728.jpg,1603
92761,092762.jpg,8644
92762,092763.jpg,3696
92786,092787.jpg,4236
92800,092801.jpg,5247
92813,092814.jpg,5489
92815,092816.jpg,4532
92817,092818.jpg,2522
92818,092819.jpg,2242
92834,092835.jpg,1844
92861,092862.jpg,3278
92862,092863.jpg,4414
92870,092871.jpg,2349
92895,092896.jpg,2014
92907,092908.jpg,6188
92908,092909.jpg,1560
92920,092921.jpg,8626
92922,092923.jpg,2611
92928,092929.jpg,32
92929,092930.jpg,4924
92937,092938.jpg,2097
92943,092944.jpg,14
92982,092983.jpg,7209
92984,092985.jpg,2134
92996,092997.jpg,487
93002,093003.jpg,9184
93005,093006.jpg,7335
93011,093012.jpg,1711
93016,093017.jpg,1951
93040,093041.jpg,2406
93052,093053.jpg,8667
93055,093056.jpg,2083
93060,093061.jpg,2463
93065,093066.jpg,7013
93085,093086.jpg,2239
93112,093113.jpg,2516
93120,093121.jpg,3278
93129,093130.jpg,6688
93131,093132.jpg,6555
93144,093145.jpg,2996
93151,093152.jpg,9945
93152,093153.jpg,4433
93164,093165.jpg,2063
93205,093206.jpg,69
93213,093214.jpg,8878
93250,093251.jpg,492
93263,093264.jpg,8460
93278,093279.jpg,2134
93283,093284.jpg,1938
93285,093286.jpg,3847
93293,093294.jpg,4955
93331,093332.jpg,2463
93369,093370.jpg,2349
93378,093379.jpg,6128
93381,093382.jpg,5153
93393,093394.jpg,2930
93397,093398.jpg,2509
93400,093401.jpg,7335
93407,093408.jpg,5204
93413,093414.jpg,5732
93427,093428.jpg,1272
93436,093437.jpg,7335
93439,093440.jpg,9179
93470,093471.jpg,171
93478,093479.jpg,2952
93480,093481.jpg,160
93484,093485.jpg,1181
93505,093506.jpg,6704
93526,093527.jpg,5140
93534,093535.jpg,5833
93541,093542.jpg,8562
93567,093568.jpg,4027
93579,093580.jpg,2117
93596,093597.jpg,6024
93618,093619.jpg,4473
93637,093638.jpg,2892
93643,093644.jpg,6351
93645,093646.jpg,3915
93654,093655.jpg,4554
93674,093675.jpg,4334
93677,093678.jpg,4190
93691,093692.jpg,1657
93744,093745.jpg,8072
93771,093772.jpg,2464
93823,093824.jpg,1657
93824,093825.jpg,4879
93829,093830.jpg,6429
93855,093856.jpg,6562
93882,093883.jpg,8521
93885,093886.jpg,1181
93888,093889.jpg,4473
93902,093903.jpg,2643
93936,093937.jpg,2883
93947,093948.jpg,6023
93958,093959.jpg,1051
93968,093969.jpg,487
93976,093977.jpg,6128
93992,093993.jpg,2445
93998,093999.jpg,10135
94007,094008.jpg,303
94008,094009.jpg,5519
94010,094011.jpg,4842
94013,094014.jpg,8817
94014,094015.jpg,6532
94015,094016.jpg,7673
94020,094021.jpg,8867
94046,094047.jpg,6714
94078,094079.jpg,1061
94079,094080.jpg,4720
94084,094085.jpg,4099
94090,094091.jpg,918
94099,094100.jpg,2518
94119,094120.jpg,2570
94126,094127.jpg,3648
94141,094142.jpg,3847
94151,094152.jpg,4811
94171,094172.jpg,8528
94181,094182.jpg,10135
94184,094185.jpg,9179
94213,094214.jpg,6688
94242,094243.jpg,6351
94255,094256.jpg,8380
94270,094271.jpg,8528
94276,094277.jpg,7673
94303,094304.jpg,1936
94323,094324.jpg,5578
94325,094326.jpg,2136
94335,094336.jpg,8011
94350,094351.jpg,3641
94355,094356.jpg,1986
94370,094371.jpg,7524
94380,094381.jpg,4719
94385,094386.jpg,6100
94398,094399.jpg,6394
94401,094402.jpg,6403
94402,094403.jpg,5479
94403,094404.jpg,5135
94404,094405.jpg,5386
94435,094436.jpg,6725
94440,094441.jpg,5086
94441,094442.jpg,1936
94462,094463.jpg,8566
94491,094492.jpg,9965
94497,094498.jpg,7516
94501,094502.jpg,4637
94512,094513.jpg,2083
94531,094532.jpg,3896
94539,094540.jpg,8926
94550,094551.jpg,4842
94551,094552.jpg,1998
94554,094555.jpg,2231
94563,094564.jpg,2124
94610,094611.jpg,2996
94616,094617.jpg,3431
94625,094626.jpg,492
94638,094639.jpg,8663
94657,094658.jpg,5140
94659,094660.jpg,7716
94667,094668.jpg,6583
94675,094676.jpg,4532
94680,094681.jpg,7881
94681,094682.jpg,9533
94688,094689.jpg,4099
94695,094696.jpg,4433
94728,094729.jpg,7145
94739,094740.jpg,273
94743,094744.jpg,7426
94744,094745.jpg,1589
94748,094749.jpg,632
94775,094776.jpg,10071
94793,094794.jpg,59
94799,094800.jpg,6024
94809,094810.jpg,1289
94812,094813.jpg,3623
94882,094883.jpg,1272
94900,094901.jpg,6558
94906,094907.jpg,2463
94931,094932.jpg,6152
94972,094973.jpg,9945
94986,094987.jpg,1270
94995,094996.jpg,3727
94996,094997.jpg,8812
94997,094998.jpg,5018
95005,095006.jpg,2124
95024,095025.jpg,2063
95049,095050.jpg,6702
95129,095130.jpg,4811
95148,095149.jpg,8430
95157,095158.jpg,7673
95162,095163.jpg,4879
95166,095167.jpg,3052
95169,095170.jpg,8676
95196,095197.jpg,4251
95207,095208.jpg,5078
95222,095223.jpg,2518
95234,095235.jpg,2332
95248,095249.jpg,4913
95255,095256.jpg,7392
95263,095264.jpg,6532
95265,095266.jpg,5151
95270,095271.jpg,7755
95275,095276.jpg,8947
95304,095305.jpg,234
95311,095312.jpg,679
95312,095313.jpg,3896
95324,095325.jpg,6681
95340,095341.jpg,4913
95359,095360.jpg,14
95369,095370.jpg,8742
95376,095377.jpg,5078
95407,095408.jpg,5418
95422,095423.jpg,6543
95431,095432.jpg,5318
95443,095444.jpg,6576
95449,095450.jpg,6681
95451,095452.jpg,3928
95452,095453.jpg,4433
95477,095478.jpg,4450
95481,095482.jpg,992
95517,095518.jpg,6110
95537,095538.jpg,1770
95543,095544.jpg,2472
95547,095548.jpg,3400
95572,095573.jpg,2772
95592,095593.jpg,8817
95597,095598.jpg,8796
95598,095599.jpg,8926
95599,095600.jpg,1011
95605,095606.jpg,9965
95617,095618.jpg,2516
95619,095620.jpg,8733
95637,095638.jpg,2792
95639,095640.jpg,6894
95652,095653.jpg,6702
95658,095659.jpg,1289
95665,095666.jpg,5578
95666,095667.jpg,2914
95691,095692.jpg,7506
95716,095717.jpg,5341
95719,095720.jpg,9039
95723,095724.jpg,5479
95746,095747.jpg,4521
95747,095748.jpg,10050
95792,095793.jpg,6803
95795,095796.jpg,7145
95832,095833.jpg,6583
95874,095875.jpg,7506
95880,095881.jpg,4099
95893,095894.jpg,6665
95919,095920.jpg,4220
95936,095937.jpg,1288
95963,095964.jpg,69
95965,095966.jpg,7786
95975,095976.jpg,2124
95977,095978.jpg,1711
95982,095983.jpg,1362
96024,096025.jpg,4357
96049,096050.jpg,3477
96055,096056.jpg,5519
96065,096066.jpg,6806
96074,096075.jpg,2463
96108,096109.jpg,5135
96113,096114.jpg,8966
96135,096136.jpg,2930
96136,096137.jpg,8733
96143,096144.jpg,8733
96154,096155.jpg,5833
96162,096163.jpg,3010
96183,096184.jpg,1288
96188,096189.jpg,2136
96192,096193.jpg,6214
96197,096198.jpg,6558
96201,096202.jpg,4825
96217,096218.jpg,4562
96238,096239.jpg,10093
96242,096243.jpg,3522
96254,096255.jpg,1051
96270,096271.jpg,3875
96276,096277.jpg,15
96298,096299.jpg,8679
96306,096307.jpg,6532
96308,096309.jpg,6624
96309,096310.jpg,8944
96319,096320.jpg,9211
96323,096324.jpg,2880
96355,096356.jpg,4087
96360,096361.jpg,7238
96382,096383.jpg,3875
96394,096395.jpg,8562
96409,096410.jpg,9087
96414,096415.jpg,4190
96418,096419.jpg,5452
96421,096422.jpg,9821
96424,096425.jpg,10085
96430,096431.jpg,1288
96459,096460.jpg,4521
96466,096467.jpg,7119
96476,096477.jpg,6792
96479,096480.jpg,3055
96492,096493.jpg,4027
96512,096513.jpg,1944
96516,096517.jpg,2249
96517,096518.jpg,5361
96520,096521.jpg,8528
96543,096544.jpg,6044
96550,096551.jpg,2464
96563,096564.jpg,3376
96566,096567.jpg,5418
96603,096604.jpg,1938
96606,096607.jpg,6568
96608,096609.jpg,8710
96610,096611.jpg,4448
96621,096622.jpg,5896
96644,096645.jpg,6688
96653,096654.jpg,3730
96663,096664.jpg,78
96674,096675.jpg,4258
96684,096685.jpg,4905
96685,096686.jpg,6806
96714,096715.jpg,4162
96728,096729.jpg,6947
96733,096734.jpg,2136
96749,096750.jpg,8796
96755,096756.jpg,6024
96763,096764.jpg,8812
96764,096765.jpg,8947
96765,096766.jpg,492
96769,096770.jpg,2083
96797,096798.jpg,1854
96801,096802.jpg,7320
96826,096827.jpg,3400
96842,096843.jpg,1137
96846,096847.jpg,2443
96859,096860.jpg,6012
96860,096861.jpg,2772
96883,096884.jpg,8706
96921,096922.jpg,3491
96945,096946.jpg,2124
96961,096962.jpg,6563
96972,096973.jpg,3480
96982,096983.jpg,6844
97029,097030.jpg,9183
97044,097045.jpg,3477
97054,097055.jpg,1585
97068,097069.jpg,7145
97069,097070.jpg,2250
97091,097092.jpg,4975
97109,097110.jpg,9184
97110,097111.jpg,4174
97112,097113.jpg,6860
97125,097126.jpg,5242
97129,097130.jpg,3620
97142,097143.jpg,7392
97154,097155.jpg,2243
97156,097157.jpg,5428
97161,097162.jpg,2792
97175,097176.jpg,1770
97176,097177.jpg,8742
97180,097181.jpg,1270
97198,097199.jpg,9210
97200,097201.jpg,4450
97210,097211.jpg,1852
97254,097255.jpg,6665
97261,097262.jpg,6188
97262,097263.jpg,8679
97263,097264.jpg,1986
97266,097267.jpg,1474
97268,097269.jpg,2231
97271,097272.jpg,5173
97272,097273.jpg,2072
97300,097301.jpg,6878
97304,097305.jpg,5578
97305,097306.jpg,4874
97310,097311.jpg,5391
97358,097359.jpg,4543
97376,097377.jpg,4473
97406,097407.jpg,9830
97424,097425.jpg,5341
97438,097439.jpg,6585
97439,097440.jpg,8667
97449,097450.jpg,4532
97462,097463.jpg,4433
97466,097467.jpg,160
97485,097486.jpg,5504
97495,097496.jpg,9946
97503,097504.jpg,4549
97512,097513.jpg,1051
97514,097515.jpg,2124
97515,097516.jpg,6806
97523,097524.jpg,3959
97545,097546.jpg,2892
97582,097583.jpg,6188
97584,097585.jpg,2406
97599,097600.jpg,5361
97601,097602.jpg,3623
97609,097610.jpg,4924
97624,097625.jpg,492
97665,097666.jpg,3478
97702,097703.jpg,9023
97704,097705.jpg,1944
97709,097710.jpg,7743
97718,097719.jpg,2416
97729,097730.jpg,3055
97744,097745.jpg,5221
97749,097750.jpg,8676
97771,097772.jpg,918
97776,097777.jpg,3127
97821,097822.jpg,2334
97826,097827.jpg,3915
97838,097839.jpg,9945
97863,097864.jpg,9183
97884,097885.jpg,2897
97891,097892.jpg,2335
97921,097922.jpg,7755
97935,097936.jpg,2243
97961,097962.jpg,1025
97966,097967.jpg,2952
97978,097979.jpg,7881
97987,097988.jpg,8867
98002,098003.jpg,8867
98004,098005.jpg,6152
98024,098025.jpg,6691
98034,098035.jpg,7209
98051,098052.jpg,5342
98060,098061.jpg,4697
98089,098090.jpg,6546
98115,098116.jpg,9183
98122,098123.jpg,6989
98133,098134.jpg,3052
98139,098140.jpg,8440
98151,098152.jpg,2225
98155,098156.jpg,8867
98171,098172.jpg,2242
98172,098173.jpg,8632
98173,098174.jpg,4891
98191,098192.jpg,1844
98212,098213.jpg,2231
98218,098219.jpg,4251
98223,098224.jpg,8632
98241,098242.jpg,8932
98252,098253.jpg,1589
98256,098257.jpg,8011
98269,098270.jpg,5489
98271,098272.jpg,6351
98274,098275.jpg,9700
98286,098287.jpg,8722
98287,098288.jpg,8430
98310,098311.jpg,2190
98319,098320.jpg,6746
98345,098346.jpg,3029
98365,098366.jpg,3029
98368,098369.jpg,1370
98370,098371.jpg,3052
98382,098383.jpg,6928
98383,098384.jpg,4087
98399,098400.jpg,3052
98416,098417.jpg,1011
98422,098423.jpg,9183
98424,098425.jpg,2952
98452,098453.jpg,8521
98454,098455.jpg,6681
98462,098463.jpg,2522
98463,098464.jpg,6351
98464,098465.jpg,5221
98466,098467.jpg,3620
98474,098475.jpg,2250
98484,098485.jpg,78
98511,098512.jpg,7013
98531,098532.jpg,2897
98563,098564.jpg,1589
98583,098584.jpg,492
98587,098588.jpg,6110
98593,098594.jpg,6811
98595,098596.jpg,3928
98596,098597.jpg,8519
98603,098604.jpg,5706
98610,098611.jpg,7238
98617,098618.jpg,4190
98619,098620.jpg,5765
98635,098636.jpg,6986
98660,098661.jpg,1603
98667,098668.jpg,1871
98689,098690.jpg,4554
98758,098759.jpg,3324
98760,098761.jpg,3708
98765,098766.jpg,2136
98823,098824.jpg,6947
98825,098826.jpg,8562
98827,098828.jpg,5204
98848,098849.jpg,993
98862,098863.jpg,8817
98871,098872.jpg,6811
98879,098880.jpg,6036
98889,098890.jpg,2243
98902,098903.jpg,1603
98941,098942.jpg,4014
98944,098945.jpg,4562
98953,098954.jpg,1370
98954,098955.jpg,4842
98955,098956.jpg,5018
98976,098977.jpg,6725
98989,098990.jpg,10071
99008,099009.jpg,9700
99022,099023.jpg,4811
99023,099024.jpg,6548
99036,099037.jpg,6128
99038,099039.jpg,1854
99040,099041.jpg,3915
99049,099050.jpg,2570
99050,099051.jpg,2263
99059,099060.jpg,1700
99073,099074.jpg,1303
99075,099076.jpg,6688
99100,099101.jpg,2445
99129,099130.jpg,2263
99139,099140.jpg,17
99152,099153.jpg,8127
99161,099162.jpg,2019
99165,099166.jpg,2335
99168,099169.jpg,1011
99190,099191.jpg,4190
99200,099201.jpg,4070
99201,099202.jpg,1700
99239,099240.jpg,6894
99244,099245.jpg,9830
99245,099246.jpg,6547
99255,099256.jpg,1811
99268,099269.jpg,1303
99277,099278.jpg,7119
99282,099283.jpg,5418
99295,099296.jpg,2952
99297,099298.jpg,6681
99347,099348.jpg,2117
99348,099349.jpg,8644
99367,099368.jpg,2335
99375,099376.jpg,4164
99378,099379.jpg,9039
99384,099385.jpg,3911
99389,099390.jpg,3010
99398,099399.jpg,4162
99408,099409.jpg,5173
99432,099433.jpg,8831
99437,099438.jpg,9026
99438,099439.jpg,4924
99491,099492.jpg,2611
99525,099526.jpg,4511
99538,099539.jpg,1025
99541,099542.jpg,6443
99549,099550.jpg,5235
99552,099553.jpg,4724
99570,099571.jpg,2083
99582,099583.jpg,9039
99583,099584.jpg,2518
99592,099593.jpg,2524
99598,099599.jpg,2792
99618,099619.jpg,6532
99647,099648.jpg,4162
99655,099656.jpg,8644
99679,099680.jpg,6792
99680,099681.jpg,6858
99709,099710.jpg,5334
99714,099715.jpg,8468
99746,099747.jpg,8966
99772,099773.jpg,4450
99784,099785.jpg,3641
99788,099789.jpg,9946
99794,099795.jpg,5078
99806,099807.jpg,2083
99824,099825.jpg,4162
99827,099828.jpg,9211
99832,099833.jpg,4672
99834,099835.jpg,2445
99861,099862.jpg,1303
99877,099878.jpg,4099
99887,099888.jpg,5153
99889,099890.jpg,2083
99890,099891.jpg,3130
99938,099939.jpg,2136
99939,099940.jpg,2643
99970,099971.jpg,1986
99997,099998.jpg,4905
100002,100003.jpg,6665
100015,100016.jpg,7238
100046,100047.jpg,4070
100054,100055.jpg,5334
100060,100061.jpg,2190
100063,100064.jpg,9965
100096,100097.jpg,4190
100121,100122.jpg,6012
100124,100125.jpg,4448
100131,100132.jpg,2464
100135,100136.jpg,5235
100141,100142.jpg,9211
100150,100151.jpg,4924
100152,100153.jpg,1383
100154,100155.jpg,4255
100157,100158.jpg,1289
100158,100159.jpg,4811
100169,100170.jpg,1474
100171,100172.jpg,4087
100175,100176.jpg,6688
100187,100188.jpg,1811
100227,100228.jpg,918
100228,100229.jpg,9830
100230,100231.jpg,6543
100235,100236.jpg,6558
100242,100243.jpg,6440
100245,100246.jpg,7516
100264,100265.jpg,8644
100266,100267.jpg,9026
100269,100270.jpg,4905
100278,100279.jpg,1272
100306,100307.jpg,5142
100352,100353.jpg,7145
100376,100377.jpg,2249
100382,100383.jpg,5101
100391,100392.jpg,4473
100421,100422.jpg,5198
100431,100432.jpg,2239
100433,100434.jpg,8944
100467,100468.jpg,5765
100479,100480.jpg,6562
100483,100484.jpg,3491
100498,100499.jpg,6989
100506,100507.jpg,7119
100533,100534.jpg,22
100552,100553.jpg,1875
100553,100554.jpg,5135
100580,100581.jpg,5732
100583,100584.jpg,6558
100585,100586.jpg,6128
100612,100613.jpg,142
100615,100616.jpg,3149
100624,100625.jpg,1761
100638,100639.jpg,4498
100681,100682.jpg,4811
100692,100693.jpg,7673
100698,100699.jpg,3569
100743,100744.jpg,303
100754,100755.jpg,4879
100764,100765.jpg,2141
100768,100769.jpg,5153
100769,100770.jpg,2509
100778,100779.jpg,6351
100787,100788.jpg,1815
100830,100831.jpg,4724
100840,100841.jpg,1986
100847,100848.jpg,2914
100860,100861.jpg,6878
100878,100879.jpg,4163
100898,100899.jpg,4934
100902,100903.jpg,2910
100909,100910.jpg,5190
100918,100919.jpg,5578
100921,100922.jpg,9213
100938,100939.jpg,8519
100945,100946.jpg,5452
100975,100976.jpg,7673
100989,100990.jpg,2880
100990,100991.jpg,6802
101007,101008.jpg,5334
101022,101023.jpg,2250
101029,101030.jpg,1854
101042,101043.jpg,5391
101051,101052.jpg,5101
101068,101069.jpg,8860
101077,101078.jpg,14
101088,101089.jpg,1270
101110,101111.jpg,10093
101111,101112.jpg,2429
101114,101115.jpg,2231
101118,101119.jpg,1657
101130,101131.jpg,1657
101137,101138.jpg,6565
101143,101144.jpg,7119
101145,101146.jpg,4955
101146,101147.jpg,8817
101162,101163.jpg,6403
101163,101164.jpg,2930
101168,101169.jpg,22
101172,101173.jpg,9041
101186,101187.jpg,2014
101188,101189.jpg,7881
101199,101200.jpg,7881
101220,101221.jpg,7524
101230,101231.jpg,4174
101263,101264.jpg,8440
101270,101271.jpg,2537
101271,101272.jpg,5101
101274,101275.jpg,5190
101280,101281.jpg,9821
101287,101288.jpg,1657
101294,101295.jpg,7743
101299,101300.jpg,5866
101309,101310.jpg,6603
101313,101314.jpg,4190
101320,101321.jpg,8460
101327,101328.jpg,7392
101328,101329.jpg,4913
101329,101330.jpg,8380
101335,101336.jpg,10044
101338,101339.jpg,4220
101353,101354.jpg,5732
101364,101365.jpg,10050
101390,101391.jpg,4905
101396,101397.jpg,2445
101409,101410.jpg,2225
101415,101416.jpg,1951
101447,101448.jpg,6803
101486,101487.jpg,7013
101504,101505.jpg,4724
101521,101522.jpg,3847
101527,101528.jpg,8011
101528,101529.jpg,1443
101552,101553.jpg,1648
101565,101566.jpg,2190
101567,101568.jpg,7516
101570,101571.jpg,6449
101580,101581.jpg,1914
101581,101582.jpg,6574
101586,101587.jpg,1560
101595,101596.jpg,5151
101611,101612.jpg,78
101612,101613.jpg,9039
101627,101628.jpg,2574
101635,101636.jpg,3055
101636,101637.jpg,160
101640,101641.jpg,4190
101655,101656.jpg,5173
101677,101678.jpg,4955
101680,101681.jpg,6691
101683,101684.jpg,1370
101684,101685.jpg,6351
101689,101690.jpg,3383
101699,101700.jpg,2445
101721,101722.jpg,6878
101737,101738.jpg,9210
101743,101744.jpg,4637
101766,101767.jpg,2097
101769,101770.jpg,1852
101775,101776.jpg,8644
101779,101780.jpg,3648
101783,101784.jpg,6403
101791,101792.jpg,3959
101793,101794.jpg,3480
101812,101813.jpg,7013
101814,101815.jpg,4414
101825,101826.jpg,21
101827,101828.jpg,4719
101840,101841.jpg,9921
101846,101847.jpg,1875
101848,101849.jpg,4163
101861,101862.jpg,9923
101869,101870.jpg,2522
101890,101891.jpg,4164
101896,101897.jpg,3127
101911,101912.jpg,5291
101925,101926.jpg,3055
101938,101939.jpg,7506
101941,101942.jpg,993
101951,101952.jpg,9401
101952,101953.jpg,2117
101956,101957.jpg,4220
101988,101989.jpg,1657
102002,102003.jpg,2117
102011,102012.jpg,3701
102019,102020.jpg,5238
102043,102044.jpg,5391
102061,102062.jpg,6947
102063,102064.jpg,2334
102067,102068.jpg,1871
102088,102089.jpg,1700
102094,102095.jpg,993
102096,102097.jpg,993
102155,102156.jpg,7716
102175,102176.jpg,6546
102177,102178.jpg,2083
102194,102195.jpg,5896
102222,102223.jpg,5291
102225,102226.jpg,6574
102233,102234.jpg,2643
102234,102235.jpg,9687
102249,102250.jpg,4511
102265,102266.jpg,7673
102273,102274.jpg,8519
102276,102277.jpg,9119
102305,102306.jpg,6565
102310,102311.jpg,6152
102332,102333.jpg,2332
102333,102334.jpg,69
102358,102359.jpg,2296
102361,102362.jpg,3383
102379,102380.jpg,1944
102401,102402.jpg,918
102407,102408.jpg,3383
102408,102409.jpg,8663
102431,102432.jpg,2019
102444,102445.jpg,3400
102452,102453.jpg,7178
102456,102457.jpg,5391
102457,102458.jpg,4719
102462,102463.jpg,10093
102469,102470.jpg,6044
102487,102488.jpg,7516
102513,102514.jpg,8676
102520,102521.jpg,6858
102535,102536.jpg,5361
102541,102542.jpg,2136
102544,102545.jpg,6894
102546,102547.jpg,8742
102552,102553.jpg,4251
102589,102590.jpg,4255
102594,102595.jpg,6492
102606,102607.jpg,8286
102618,102619.jpg,3278
102627,102628.jpg,160
102635,102636.jpg,4934
102657,102658.jpg,5092
102687,102688.jpg,1743
102694,102695.jpg,4697
102696,102697.jpg,5135
102707,102708.jpg,2141
102722,102723.jpg,160
102729,102730.jpg,992
102737,102738.jpg,1844
102740,102741.jpg,2019
102743,102744.jpg,17
102818,102819.jpg,6624
102821,102822.jpg,171
102828,102829.jpg,4511
102838,102839.jpg,993
102850,102851.jpg,5204
102861,102862.jpg,8528
102865,102866.jpg,4164
102866,102867.jpg,9179
102886,102887.jpg,69
102895,102896.jpg,4697
102908,102909.jpg,1383
102924,102925.jpg,2019
102932,102933.jpg,9023
102947,102948.jpg,6928
102963,102964.jpg,8860
102975,102976.jpg,21
102977,102978.jpg,6704
102985,102986.jpg,6563
103005,103006.jpg,5519
103014,103015.jpg,9533
103046,103047.jpg,1648
103070,103071.jpg,1947
103078,103079.jpg,2124
103079,103080.jpg,2084
103083,103084.jpg,4070
103089,103090.jpg,59
103098,103099.jpg,3485
103110,103111.jpg,6420
103136,103137.jpg,3376
103156,103157.jpg,8710
103165,103166.jpg,5449
103166,103167.jpg,1137
103185,103186.jpg,9213
103186,103187.jpg,7145
103201,103202.jpg,2897
103209,103210.jpg,5532
103217,103218.jpg,2952
103225,103226.jpg,4975
103239,103240.jpg,4805
103242,103243.jpg,8878
103263,103264.jpg,1180
103272,103273.jpg,2263
103326,103327.jpg,1305
103332,103333.jpg,7178
103336,103337.jpg,2231
103352,103353.jpg,3701
103362,103363.jpg,4251
103395,103396.jpg,1743
103396,103397.jpg,9210
103420,103421.jpg,10071
103432,103433.jpg,7209
103436,103437.jpg,5311
103437,103438.jpg,5313
103443,103444.jpg,3623
103449,103450.jpg,2334
103454,103455.jpg,2570
103462,103463.jpg,160
103480,103481.jpg,3730
103483,103484.jpg,2522
103488,103489.jpg,7716
103506,103507.jpg,2522
103510,103511.jpg,4637
103537,103538.jpg,5291
103539,103540.jpg,4255
103551,103552.jpg,5391
103559,103560.jpg,5452
103569,103570.jpg,975
103580,103581.jpg,8636
103589,103590.jpg,5291
103594,103595.jpg,2416
103601,103602.jpg,4162
103604,103605.jpg,8679
103607,103608.jpg,7392
103623,103624.jpg,5452
103634,103635.jpg,10135
103651,103652.jpg,5418
103652,103653.jpg,2136
103675,103676.jpg,6688
103694,103695.jpg,2406
103711,103712.jpg,4547
103719,103720.jpg,1648
103727,103728.jpg,2880
103730,103731.jpg,2892
103752,103753.jpg,3696
103753,103754.jpg,4697
103790,103791.jpg,632
103809,103810.jpg,4357
103842,103843.jpg,6548
103844,103845.jpg,8831
103854,103855.jpg,679
103859,103860.jpg,6058
103879,103880.jpg,8440
103897,103898.jpg,4014
103921,103922.jpg,5532
103925,103926.jpg,6681
103932,103933.jpg,8636
103940,103941.jpg,1270
103963,103964.jpg,69
103972,103973.jpg,5504
103973,103974.jpg,4672
103979,103980.jpg,6691
103994,103995.jpg,6546
103995,103996.jpg,4934
104001,104002.jpg,10085
104007,104008.jpg,4697
104021,104022.jpg,2334
104069,104070.jpg,8667
104075,104076.jpg,6532
104079,104080.jpg,8626
104141,104142.jpg,6702
104146,104147.jpg,1011
104161,104162.jpg,3027
104183,104184.jpg,1362
104188,104189.jpg,2509
104201,104202.jpg,5092
104204,104205.jpg,4164
104216,104217.jpg,2295
104225,104226.jpg,8468
104248,104249.jpg,5291
104254,104255.jpg,3480
104268,104269.jpg,5341
104273,104274.jpg,2792
104277,104278.jpg,4255
104294,104295.jpg,1929
104319,104320.jpg,1288
104334,104335.jpg,9183
104339,104340.jpg,6532
104354,104355.jpg,5866
104357,104358.jpg,2518
104360,104361.jpg,6691
104370,104371.jpg,4874
104383,104384.jpg,8944
104390,104391.jpg,4672
104399,104400.jpg,7716
104403,104404.jpg,6792
104417,104418.jpg,6802
104419,104420.jpg,3478
104421,104422.jpg,6044
104422,104423.jpg,4473
104424,104425.jpg,5532
104425,104426.jpg,10050
104436,104437.jpg,5479
104442,104443.jpg,6440
104470,104471.jpg,1224
104479,104480.jpg,2311
104498,104499.jpg,6803
104501,104502.jpg,3522
104531,104532.jpg,1811
104540,104541.jpg,3127
104569,104570.jpg,5452
104576,104577.jpg,3027
104582,104583.jpg,8679
104585,104586.jpg,8831
104590,104591.jpg,7881
104594,104595.jpg,3727
104595,104596.jpg,6928
104597,104598.jpg,2996
104613,104614.jpg,4955
104616,104617.jpg,3696
104625,104626.jpg,160
104638,104639.jpg,993
104659,104660.jpg,4027
104665,104666.jpg,975
104673,104674.jpg,1770
104689,104690.jpg,5263
104694,104695.jpg,5173
104701,104702.jpg,2996
104709,104710.jpg,2996
104729,104730.jpg,6928
104736,104737.jpg,248
104747,104748.jpg,3491
104752,104753.jpg,9533
104753,104754.jpg,6568
104761,104762.jpg,2464
104784,104785.jpg,5479
104785,104786.jpg,5532
104838,104839.jpg,992
104843,104844.jpg,9533
104851,104852.jpg,9179
104854,104855.jpg,2349
104878,104879.jpg,4547
104910,104911.jpg,2335
104911,104912.jpg,2910
104917,104918.jpg,1938
104931,104932.jpg,4070
104934,104935.jpg,3648
104945,104946.jpg,4562
104953,104954.jpg,147
104959,104960.jpg,2134
104962,104963.jpg,7178
104963,104964.jpg,3727
104964,104965.jpg,4433
104970,104971.jpg,9210
104974,104975.jpg,2295
104986,104987.jpg,4293
104992,104993.jpg,3862
105012,105013.jpg,6214
105023,105024.jpg,9965
105054,105055.jpg,5361
105105,105106.jpg,1270
105109,105110.jpg,2249
105134,105135.jpg,6704
105138,105139.jpg,1011
105144,105145.jpg,9401
105153,105154.jpg,2522
105166,105167.jpg,5190
105170,105171.jpg,4549
105189,105190.jpg,9401
105194,105195.jpg,5361
105200,105201.jpg,1811
105215,105216.jpg,8944
105220,105221.jpg,6440
105245,105246.jpg,2311
105265,105266.jpg,10085
105274,105275.jpg,8663
105288,105289.jpg,6443
105364,105365.jpg,4532
105387,105388.jpg,1938
105412,105413.jpg,1657
105415,105416.jpg,6420
105419,105420.jpg,6403
105441,105442.jpg,7881
105468,105469.jpg,5581
105487,105488.jpg,3701
105510,105511.jpg,5489
105565,105566.jpg,6714
105587,105588.jpg,5313
105588,105589.jpg,4913
105598,105599.jpg,3149
105600,105601.jpg,3853
105615,105616.jpg,4874
105619,105620.jpg,1560
105639,105640.jpg,4543
105668,105669.jpg,1761
105723,105724.jpg,4414
105724,105725.jpg,2574
105725,105726.jpg,8632
105726,105727.jpg,6811
105733,105734.jpg,3862
105742,105743.jpg,2406
105751,105752.jpg,4293
105786,105787.jpg,17
105808,105809.jpg,951
105830,105831.jpg,1875
105835,105836.jpg,6568
105864,105865.jpg,1589
105866,105867.jpg,8878
105871,105872.jpg,47
105877,105878.jpg,2792
105878,105879.jpg,2524
105899,105900.jpg,6300
105901,105902.jpg,5578
105921,105922.jpg,2006
105924,105925.jpg,6681
105925,105926.jpg,3847
105944,105945.jpg,1362
105948,105949.jpg,9158
105950,105951.jpg,8947
105984,105985.jpg,3853
105988,105989.jpg,4334
106000,106001.jpg,2574
106011,106012.jpg,8676
106044,106045.jpg,6023
106058,106059.jpg,8944
106065,106066.jpg,2897
106072,106073.jpg,6681
106115,106116.jpg,4554
106128,106129.jpg,4258
106137,106138.jpg,4473
106142,106143.jpg,4924
106157,106158.jpg,3959
106181,106182.jpg,2518
106200,106201.jpg,5190
106210,106211.jpg,1370
106256,106257.jpg,3478
106264,106265.jpg,7506
106265,106266.jpg,2097
106266,106267.jpg,5428
106271,106272.jpg,8812
106275,106276.jpg,17
106286,106287.jpg,6449
106292,106293.jpg,5532
106304,106305.jpg,8430
106310,106311.jpg,8528
106315,106316.jpg,3708
106326,106327.jpg,8812
106328,106329.jpg,10135
106329,106330.jpg,8663
106336,106337.jpg,7506
106338,106339.jpg,1998
106341,106342.jpg,4724
106354,106355.jpg,5078
106364,106365.jpg,9213
106366,106367.jpg,5202
106380,106381.jpg,1560
106381,106382.jpg,9041
106397,106398.jpg,6562
106412,106413.jpg,3324
106433,106434.jpg,4549
106458,106459.jpg,2930
106462,106463.jpg,2429
106520,106521.jpg,8636
106527,106528.jpg,6725
106528,106529.jpg,8676
106537,106538.jpg,951
106562,106563.jpg,5311
106563,106564.jpg,5086
106577,106578.jpg,6403
106602,106603.jpg,3149
106607,106608.jpg,5153
106640,106641.jpg,2445
106653,106654.jpg,9041
106663,106664.jpg,4087
106672,106673.jpg,632
106682,106683.jpg,6058
106684,106685.jpg,4433
106687,106688.jpg,1362
106716,106717.jpg,5334
106727,106728.jpg,9027
106735,106736.jpg,5101
106737,106738.jpg,5198
106746,106747.jpg,5311
106749,106750.jpg,78
106751,106752.jpg,7524
106760,106761.jpg,6443
106765,106766.jpg,8562
106776,106777.jpg,9821
106829,106830.jpg,9158
106831,106832.jpg,10050
106845,106846.jpg,4543
106856,106857.jpg,1061
106874,106875.jpg,5391
106912,106913.jpg,3960
106923,106924.jpg,7294
106933,106934.jpg,8521
106948,106949.jpg,273
106968,106969.jpg,1929
106978,106979.jpg,6585
106984,106985.jpg,1815
106990,106991.jpg,6100
106998,106999.jpg,5833
107005,107006.jpg,1025
107016,107017.jpg,5519
107017,107018.jpg,9041
107022,107023.jpg,7716
107027,107028.jpg,987
107031,107032.jpg,5313
107037,107038.jpg,1852
107042,107043.jpg,4511
107050,107051.jpg,6188
107079,107080.jpg,2349
107089,107090.jpg,8926
107104,107105.jpg,3701
107105,107106.jpg,2130
107110,107111.jpg,9923
107115,107116.jpg,9210
107124,107125.jpg,47
107130,107131.jpg,2084
107168,107169.jpg,6603
107170,107171.jpg,2334
107178,107179.jpg,6603
107189,107190.jpg,6811
107194,107195.jpg,6746
107218,107219.jpg,4874
107225,107226.jpg,1051
107229,107230.jpg,4532
107244,107245.jpg,6860
107245,107246.jpg,1288
107247,107248.jpg,2334
107250,107251.jpg,1303
107257,107258.jpg,4975
107258,107259.jpg,5896
107259,107260.jpg,6492
107260,107261.jpg,142
107317,107318.jpg,9039
107321,107322.jpg,2416
107329,107330.jpg,4924
107335,107336.jpg,3959
107349,107350.jpg,5151
107353,107354.jpg,5765
107357,107358.jpg,4094
107362,107363.jpg,2516
107387,107388.jpg,9946
107389,107390.jpg,4562
107390,107391.jpg,6543
107394,107395.jpg,5532
107413,107414.jpg,5101
107424,107425.jpg,8712
107425,107426.jpg,9213
107434,107435.jpg,4473
107441,107442.jpg,2643
107451,107452.jpg,4842
107452,107453.jpg,5866
107463,107464.jpg,4164
107474,107475.jpg,679
107497,107498.jpg,3324
107528,107529.jpg,9087
107537,107538.jpg,10050
107539,107540.jpg,1852
107542,107543.jpg,9087
107562,107563.jpg,10135
107574,107575.jpg,3480
107627,107628.jpg,3127
107639,107640.jpg,2295
107646,107647.jpg,1986
107680,107681.jpg,3055
107699,107700.jpg,3010
107709,107710.jpg,6702
107721,107722.jpg,2445
107723,107724.jpg,14
107779,107780.jpg,4087
107781,107782.jpg,1603
107787,107788.jpg,7392
107792,107793.jpg,7716
107795,107796.jpg,4511
107804,107805.jpg,5204
107863,107864.jpg,8867
107897,107898.jpg,6802
107900,107901.jpg,1938
107920,107921.jpg,993
107924,107925.jpg,1383
107934,107935.jpg,2235
107937,107938.jpg,3478
107951,107952.jpg,4805
107957,107958.jpg,4814
107966,107967.jpg,2464
107968,107969.jpg,2311
107977,107978.jpg,2019
107982,107983.jpg,9026
107986,107987.jpg,2190
107988,107989.jpg,2443
108000,108001.jpg,679
108014,108015.jpg,2136
108025,108026.jpg,8706
108039,108040.jpg,4549
108074,108075.jpg,1944
108078,108079.jpg,8679
108080,108081.jpg,1811
108090,108091.jpg,975
108101,108102.jpg,4473
108104,108105.jpg,6565
108107,108108.jpg,1770
108143,108144.jpg,6928
108151,108152.jpg,5578
108156,108157.jpg,2141
108207,108208.jpg,4027
108212,108213.jpg,1700
108231,108232.jpg,5135
108238,108239.jpg,3400
108252,108253.jpg,4825
108301,108302.jpg,78
108307,108308.jpg,8831
108312,108313.jpg,3010
108315,108316.jpg,4934
108340,108341.jpg,2880
108348,108349.jpg,6128
108351,108352.jpg,1875
108358,108359.jpg,1061
108360,108361.jpg,3127
108368,108369.jpg,6858
108389,108390.jpg,147
108390,108391.jpg,5833
108396,108397.jpg,2242
108420,108421.jpg,2311
108421,108422.jpg,9945
108445,108446.jpg,2930
108464,108465.jpg,1272
108485,108486.jpg,5092
108496,108497.jpg,3522
108519,108520.jpg,6058
108520,108521.jpg,8618
108540,108541.jpg,6100
108545,108546.jpg,1648
108548,108549.jpg,4934
108556,108557.jpg,8932
108568,108569.jpg,303
108584,108585.jpg,5489
108606,108607.jpg,2334
108609,108610.jpg,6718
108611,108612.jpg,632
108631,108632.jpg,5353
108664,108665.jpg,2463
108683,108684.jpg,2239
108713,108714.jpg,4334
108715,108716.jpg,3522
108724,108725.jpg,3052
108728,108729.jpg,2006
108747,108748.jpg,9158
108751,108752.jpg,1938
108783,108784.jpg,5247
108806,108807.jpg,1852
108830,108831.jpg,10044
108854,108855.jpg,3708
108870,108871.jpg,3701
108875,108876.jpg,147
108889,108890.jpg,5896
108892,108893.jpg,2296
108894,108895.jpg,4334
108908,108909.jpg,7426
108928,108929.jpg,2897
108935,108936.jpg,5418
108941,108942.jpg,1875
108963,108964.jpg,6152
108965,108966.jpg,2117
108983,108984.jpg,1986
108993,108994.jpg,2239
109001,109002.jpg,6036
109010,109011.jpg,5311
109014,109015.jpg,2914
109017,109018.jpg,9945
109033,109034.jpg,3648
109038,109039.jpg,9533
109039,109040.jpg,14
109053,109054.jpg,3696
109055,109056.jpg,4293
109062,109063.jpg,6691
109066,109067.jpg,7786
109073,109074.jpg,303
109076,109077.jpg,6543
109093,109094.jpg,5151
109103,109104.jpg,2464
109106,109107.jpg,9087
109114,109115.jpg,2225
109126,109127.jpg,5353
109140,109141.jpg,9542
109156,109157.jpg,3853
109160,109161.jpg,5504
109163,109164.jpg,4825
109170,109171.jpg,9921
109183,109184.jpg,2416
109186,109187.jpg,2464
109212,109213.jpg,5018
109215,109216.jpg,394
109234,109235.jpg,8380
109236,109237.jpg,78
109244,109245.jpg,8667
109260,109261.jpg,3847
109264,109265.jpg,1852
109276,109277.jpg,6024
109280,109281.jpg,918
109287,109288.jpg,6947
109304,109305.jpg,2072
109306,109307.jpg,6403
109313,109314.jpg,5153
109331,109332.jpg,4087
109336,109337.jpg,6563
109349,109350.jpg,3127
109356,109357.jpg,3130
109361,109362.jpg,8944
109366,109367.jpg,5866
109370,109371.jpg,9027
109377,109378.jpg,1998
109395,109396.jpg,8644
109400,109401.jpg,4164
109427,109428.jpg,8286
109464,109465.jpg,6986
109476,109477.jpg,4087
109479,109480.jpg,3727
109494,109495.jpg,1648
109502,109503.jpg,8127
109522,109523.jpg,5153
109528,109529.jpg,2295
109536,109537.jpg,4511
109544,109545.jpg,1303
109553,109554.jpg,5479
109586,109587.jpg,1842
109593,109594.jpg,5504
109609,109610.jpg,4874
109612,109613.jpg,2296
109614,109615.jpg,4934
109620,109621.jpg,5202
109637,109638.jpg,5202
109644,109645.jpg,3029
109649,109650.jpg,6989
109665,109666.jpg,6811
109674,109675.jpg,8627
109675,109676.jpg,6986
109688,109689.jpg,2574
109704,109705.jpg,3010
109708,109709.jpg,7524
109784,109785.jpg,2332
109818,109819.jpg,4532
109849,109850.jpg,5449
109850,109851.jpg,6128
109864,109865.jpg,6555
109872,109873.jpg,2235
109876,109877.jpg,5386
109877,109878.jpg,4532
109880,109881.jpg,4448
109885,109886.jpg,1224
109888,109889.jpg,2235
109892,109893.jpg,2443
109896,109897.jpg,1842
109897,109898.jpg,6300
109919,109920.jpg,4879
109931,109932.jpg,6110
109933,109934.jpg,4891
109951,109952.jpg,8618
109959,109960.jpg,4811
109965,109966.jpg,2914
109977,109978.jpg,6878
109998,109999.jpg,6543
110002,110003.jpg,4905
110004,110005.jpg,4220
110011,110012.jpg,4450
110027,110028.jpg,8966
110058,110059.jpg,3400
110072,110073.jpg,8566
110075,110076.jpg,4448
110099,110100.jpg,1025
110103,110104.jpg,2996
110109,110110.jpg,8860
110115,110116.jpg,1815
110148,110149.jpg,4357
110181,110182.jpg,6565
110206,110207.jpg,2892
110209,110210.jpg,6394
110211,110212.jpg,14
110216,110217.jpg,1657
110219,110220.jpg,8468
110229,110230.jpg,1011
110234,110235.jpg,1700
110235,110236.jpg,8663
110243,110244.jpg,7786
110254,110255.jpg,4357
110256,110257.jpg,1137
110263,110264.jpg,1383
110264,110265.jpg,10093
110267,110268.jpg,5578
110271,110272.jpg,10093
110278,110279.jpg,8460
110286,110287.jpg,6860
110289,110290.jpg,6403
110313,110314.jpg,6811
110321,110322.jpg,4934
110327,110328.jpg,8566
110375,110376.jpg,2880
110379,110380.jpg,2243
110395,110396.jpg,5204
110417,110418.jpg,5504
110436,110437.jpg,6603
110443,110444.jpg,1589
110452,110453.jpg,8627
110457,110458.jpg,5204
110469,110470.jpg,5101
110481,110482.jpg,5092
110483,110484.jpg,2524
110490,110491.jpg,5238
110491,110492.jpg,6012
110507,110508.jpg,4174
110513,110514.jpg,6665
110527,110528.jpg,9921
110529,110530.jpg,6811
110531,110532.jpg,8812
110584,110585.jpg,6443
110589,110590.jpg,5173
110611,110612.jpg,6036
110660,110661.jpg,2019
110669,110670.jpg,7119
110670,110671.jpg,5221
110677,110678.jpg,2141
110684,110685.jpg,9687
110688,110689.jpg,2643
110717,110718.jpg,234
110745,110746.jpg,6681
110752,110753.jpg,5153
110756,110757.jpg,2084
110766,110767.jpg,9119
110791,110792.jpg,1288
110797,110798.jpg,1938
110799,110800.jpg,9041
110840,110841.jpg,8632
110847,110848.jpg,4549
110868,110869.jpg,5153
110871,110872.jpg,5581
110881,110882.jpg,2897
110905,110906.jpg,10044
110930,110931.jpg,2996
110931,110932.jpg,3911
110936,110937.jpg,2235
110945,110946.jpg,2522
110963,110964.jpg,1852
110970,110971.jpg,6702
110975,110976.jpg,1956
110985,110986.jpg,5153
111043,111044.jpg,4070
111048,111049.jpg,6300
111064,111065.jpg,5086
111082,111083.jpg,7178
111103,111104.jpg,1560
111105,111106.jpg,3960
111108,111109.jpg,7119
111109,111110.jpg,4637
111137,111138.jpg,9084
111166,111167.jpg,2334
111198,111199.jpg,6440
111208,111209.jpg,1947
111225,111226.jpg,2416
111233,111234.jpg,9921
111240,111241.jpg,10044
111255,111256.jpg,5866
111276,111277.jpg,4334
111300,111301.jpg,6585
111325,111326.jpg,9211
111334,111335.jpg,9542
111340,111341.jpg,2295
111380,111381.jpg,147
111403,111404.jpg,6023
111406,111407.jpg,2883
111435,111436.jpg,3730
111465,111466.jpg,2464
111470,111471.jpg,2611
111491,111492.jpg,1852
111494,111495.jpg,142
111495,111496.jpg,4498
111499,111500.jpg,59
111507,111508.jpg,1914
111514,111515.jpg,9401
111521,111522.jpg,4450
111533,111534.jpg,8947
111538,111539.jpg,2445
111549,111550.jpg,3383
111558,111559.jpg,4719
111563,111564.jpg,2522
111565,111566.jpg,9158
111580,111581.jpg,1700
111586,111587.jpg,6928
111645,111646.jpg,4251
111651,111652.jpg,7119
111655,111656.jpg,4913
111659,111660.jpg,5311
111660,111661.jpg,4450
111661,111662.jpg,6558
111664,111665.jpg,8011
111666,111667.jpg,3522
111698,111699.jpg,8644
111740,111741.jpg,10071
111743,111744.jpg,1852
111765,111766.jpg,6802
111767,111768.jpg,2463
111769,111770.jpg,4163
111781,111782.jpg,6548
111812,111813.jpg,6440
111818,111819.jpg,6860
111857,111858.jpg,4554
111863,111864.jpg,6714
111901,111902.jpg,9687
111903,111904.jpg,15
111924,111925.jpg,8926
111937,111938.jpg,2445
111939,111940.jpg,9023
111950,111951.jpg,8566
111956,111957.jpg,5204
111962,111963.jpg,993
111976,111977.jpg,4549
111977,111978.jpg,3491
111984,111985.jpg,2892
111992,111993.jpg,3052
112012,112013.jpg,4357
112013,112014.jpg,10044
112056,112057.jpg,5092
112064,112065.jpg,5452
112097,112098.jpg,2892
112106,112107.jpg,4174
112118,112119.jpg,8636
112125,112126.jpg,8926
112151,112152.jpg,4879
112159,112160.jpg,1852
112162,112163.jpg,1854
112163,112164.jpg,5018
112173,112174.jpg,6548
112179,112180.jpg,1560
112183,112184.jpg,2130
112204,112205.jpg,8878
112211,112212.jpg,4498
112220,112221.jpg,1270
112233,112234.jpg,8679
112255,112256.jpg,5519
112261,112262.jpg,8618
112262,112263.jpg,6806
112264,112265.jpg,3027
112268,112269.jpg,303
112287,112288.jpg,1657
112293,112294.jpg,1938
112324,112325.jpg,9023
112331,112332.jpg,69
112361,112362.jpg,8519
112373,112374.jpg,2463
112378,112379.jpg,4811
112382,112383.jpg,5428
112480,112481.jpg,5311
112487,112488.jpg,5291
112503,112504.jpg,6044
112506,112507.jpg,5235
112510,112511.jpg,2429
112521,112522.jpg,2518
112528,112529.jpg,3959
112530,112531.jpg,3875
112551,112552.jpg,1051
112554,112555.jpg,4934
112561,112562.jpg,5235
112565,112566.jpg,160
112569,112570.jpg,6012
112576,112577.jpg,10000
112608,112609.jpg,5391
112612,112613.jpg,2335
112614,112615.jpg,1603
112629,112630.jpg,6044
112635,112636.jpg,4905
112644,112645.jpg,2117
112650,112651.jpg,6704
112658,112659.jpg,273
112668,112669.jpg,3875
112679,112680.jpg,1272
112691,112692.jpg,6543
112716,112717.jpg,1270
112734,112735.jpg,5202
112736,112737.jpg,4672
112740,112741.jpg,5101
112748,112749.jpg,8932
112753,112754.jpg,5142
112763,112764.jpg,5204
112767,112768.jpg,4554
112775,112776.jpg,4162
112794,112795.jpg,4498
112795,112796.jpg,3478
112846,112847.jpg,1842
112879,112880.jpg,3478
112915,112916.jpg,3477
112939,112940.jpg,6792
112948,112949.jpg,4357
112956,112957.jpg,142
112961,112962.jpg,2537
112969,112970.jpg,5311
112976,112977.jpg,5221
112982,112983.jpg,1011
112983,112984.jpg,5140
112994,112995.jpg,5190
113015,113016.jpg,9533
113016,113017.jpg,1224
113031,113032.jpg,3959
113033,113034.jpg,5833
113043,113044.jpg,6429
113052,113053.jpg,3400
113060,113061.jpg,9923
113065,113066.jpg,4258
113070,113071.jpg,4448
113111,113112.jpg,2019
113126,113127.jpg,1303
113127,113128.jpg,5221
113141,113142.jpg,6110
113144,113145.jpg,1305
113145,113146.jpg,8519
113155,113156.jpg,6417
113164,113165.jpg,6394
113172,113173.jpg,273
113184,113185.jpg,6214
113189,113190.jpg,2130
113202,113203.jpg,1947
113222,113223.jpg,4697
113227,113228.jpg,6986
113248,113249.jpg,1181
113254,113255.jpg,6947
113259,113260.jpg,7013
113278,113279.jpg,5242
113296,113297.jpg,21
113317,113318.jpg,10093
113331,113332.jpg,5706
113338,113339.jpg,1998
113339,113340.jpg,4719
113349,113350.jpg,4070
113356,113357.jpg,6563
113393,113394.jpg,6792
113418,113419.jpg,9211
113444,113445.jpg,4357
113458,113459.jpg,2472
113461,113462.jpg,2084
113462,113463.jpg,6548
113465,113466.jpg,2443
113478,113479.jpg,6443
113486,113487.jpg,7145
113505,113506.jpg,8521
113506,113507.jpg,14
113509,113510.jpg,3853
113519,113520.jpg,6449
113523,113524.jpg,3847
113529,113530.jpg,2433
113538,113539.jpg,1852
113542,113543.jpg,6563
113549,113550.jpg,2134
113551,113552.jpg,6546
113553,113554.jpg,9179
113563,113564.jpg,4521
113566,113567.jpg,1589
113572,113573.jpg,3055
113576,113577.jpg,5086
113577,113578.jpg,7755
113587,113588.jpg,6429
113619,113620.jpg,8742
113641,113642.jpg,2910
113643,113644.jpg,6100
113661,113662.jpg,3324
113663,113664.jpg,9921
113671,113672.jpg,5732
113676,113677.jpg,6152
113679,113680.jpg,6546
113681,113682.jpg,6100
113717,113718.jpg,8627
113735,113736.jpg,5247
113763,113764.jpg,6100
113768,113769.jpg,47
113773,113774.jpg,9027
113775,113776.jpg,2249
113794,113795.jpg,3727
113795,113796.jpg,1854
113830,113831.jpg,9945
113847,113848.jpg,3847
113850,113851.jpg,1815
113860,113861.jpg,8712
113874,113875.jpg,8521
113897,113898.jpg,5896
113908,113909.jpg,3149
113916,113917.jpg,8627
113932,113933.jpg,8878
113939,113940.jpg,2243
113948,113949.jpg,951
113967,113968.jpg,6811
113975,113976.jpg,975
113978,113979.jpg,4720
113979,113980.jpg,6420
113997,113998.jpg,8966
114011,114012.jpg,4174
114023,114024.jpg,3875
114046,114047.jpg,1936
114056,114057.jpg,2897
114057,114058.jpg,4924
114067,114068.jpg,6894
114085,114086.jpg,4357
114098,114099.jpg,6702
114111,114112.jpg,3400
114136,114137.jpg,4162
114165,114166.jpg,4825
114170,114171.jpg,6585
114171,114172.jpg,3130
114178,114179.jpg,6986
114199,114200.jpg,6532
114212,114213.jpg,8380
114219,114220.jpg,6681
114231,114232.jpg,1362
114252,114253.jpg,69
114253,114254.jpg,992
114258,114259.jpg,9821
114277,114278.jpg,2335
114283,114284.jpg,6548
114286,114287.jpg,8926
114293,114294.jpg,1560
114299,114300.jpg,3027
114303,114304.jpg,9039
114329,114330.jpg,2416
114336,114337.jpg,6440
114352,114353.jpg,992
114358,114359.jpg,2239
114361,114362.jpg,9087
114365,114366.jpg,9119
114397,114398.jpg,17
114418,114419.jpg,3127
114438,114439.jpg,9965
114440,114441.jpg,3623
114451,114452.jpg,2072
114455,114456.jpg,4255
114460,114461.jpg,2443
114463,114464.jpg,5198
114465,114466.jpg,9965
114468,114469.jpg,4724
114501,114502.jpg,4027
114511,114512.jpg,5386
114532,114533.jpg,2524
114535,114536.jpg,1852
114541,114542.jpg,8430
114565,114566.jpg,1224
114567,114568.jpg,4094
114591,114592.jpg,8286
114627,114628.jpg,5242
114681,114682.jpg,2006
114682,114683.jpg,3569
114695,114696.jpg,9945
114698,114699.jpg,1272
114704,114705.jpg,1944
114719,114720.jpg,3052
114729,114730.jpg,6044
114740,114741.jpg,5092
114746,114747.jpg,1986
114757,114758.jpg,6036
114827,114828.jpg,5101
114850,114851.jpg,3730
114851,114852.jpg,3862
114864,114865.jpg,1770
114870,114871.jpg,5578
114885,114886.jpg,5263
114899,114900.jpg,2910
114900,114901.jpg,9026
114910,114911.jpg,9087
114933,114934.jpg,8127
114943,114944.jpg,147
114947,114948.jpg,32
114954,114955.jpg,4720
114956,114957.jpg,6688
114958,114959.jpg,4905
114961,114962.jpg,5263
114970,114971.jpg,4697
114974,114975.jpg,9687
114981,114982.jpg,6394
115004,115005.jpg,5334
115015,115016.jpg,1305
115030,115031.jpg,2522
115031,115032.jpg,9183
115033,115034.jpg,4414
115048,115049.jpg,6492
115049,115050.jpg,5092
115050,115051.jpg,4220
115071,115072.jpg,8562
115086,115087.jpg,9210
115108,115109.jpg,1370
115146,115147.jpg,6300
115149,115150.jpg,4805
115155,115156.jpg,8831
115159,115160.jpg,2537
115161,115162.jpg,8733
115169,115170.jpg,1657
115173,115174.jpg,5142
115198,115199.jpg,2263
115213,115214.jpg,10000
115222,115223.jpg,6803
115242,115243.jpg,6024
115262,115263.jpg,8380
115268,115269.jpg,1051
115274,115275.jpg,9946
115289,115290.jpg,1929
115323,115324.jpg,2097
115330,115331.jpg,10093
115336,115337.jpg,5449
115341,115342.jpg,8644
115355,115356.jpg,21
115366,115367.jpg,6574
115369,115370.jpg,4174
115377,115378.jpg,1947
115393,115394.jpg,6576
115411,115412.jpg,3960
115445,115446.jpg,5086
115463,115464.jpg,4027
115470,115471.jpg,3480
115472,115473.jpg,3641
115480,115481.jpg,1362
115489,115490.jpg,6878
115507,115508.jpg,6989
115523,115524.jpg,6563
115531,115532.jpg,5353
115541,115542.jpg,2892
115546,115547.jpg,6624
115551,115552.jpg,9210
115578,115579.jpg,8618
115586,115587.jpg,6351
115588,115589.jpg,9923
115602,115603.jpg,8679
115607,115608.jpg,4975
115610,115611.jpg,1474
115644,115645.jpg,6110
115646,115647.jpg,7013
115651,115652.jpg,6532
115658,115659.jpg,5479
115671,115672.jpg,22
115675,115676.jpg,679
115697,115698.jpg,1443
115700,115701.jpg,7673
115716,115717.jpg,4891
115732,115733.jpg,8679
115743,115744.jpg,3623
115770,115771.jpg,3641
115776,115777.jpg,2643
115786,115787.jpg,9184
115809,115810.jpg,2136
115868,115869.jpg,2311
115874,115875.jpg,8667
115875,115876.jpg,3960
115885,115886.jpg,9213
115896,115897.jpg,2083
115919,115920.jpg,4975
115922,115923.jpg,5078
115925,115926.jpg,6844
115943,115944.jpg,2130
115951,115952.jpg,5866
115955,115956.jpg,3478
115972,115973.jpg,7013
116002,116003.jpg,4543
116026,116027.jpg,5318
116041,116042.jpg,5086
116044,116045.jpg,2072
116048,116049.jpg,8430
116051,116052.jpg,6603
116055,116056.jpg,8618
116056,116057.jpg,1770
116070,116071.jpg,5706
116080,116081.jpg,2349
116123,116124.jpg,10000
116125,116126.jpg,8632
116139,116140.jpg,1700
116146,116147.jpg,4955
116148,116149.jpg,6214
116184,116185.jpg,6565
116195,116196.jpg,2141
116208,116209.jpg,2464
116220,116221.jpg,2130
116225,116226.jpg,4236
116244,116245.jpg,8679
116250,116251.jpg,4511
116252,116253.jpg,3915
116265,116266.jpg,1844
116267,116268.jpg,6585
116274,116275.jpg,3027
116284,116285.jpg,4811
116299,116300.jpg,3485
116331,116332.jpg,6110
116341,116342.jpg,6725
116357,116358.jpg,1842
116360,116361.jpg,5833
116367,116368.jpg,8072
116375,116376.jpg,8679
116381,116382.jpg,8944
116382,116383.jpg,8072
116398,116399.jpg,9687
116408,116409.jpg,6603
116419,116420.jpg,6449
116426,116427.jpg,9183
116440,116441.jpg,6806
116441,116442.jpg,5086
116442,116443.jpg,8812
116480,116481.jpg,6036
116495,116496.jpg,2335
116512,116513.jpg,9946
116521,116522.jpg,7524
116527,116528.jpg,6420
116536,116537.jpg,6986
116539,116540.jpg,2570
116543,116544.jpg,234
116559,116560.jpg,4190
116560,116561.jpg,7335
116565,116566.jpg,3027
116569,116570.jpg,8722
116572,116573.jpg,1180
116582,116583.jpg,6558
116586,116587.jpg,3896
116592,116593.jpg,2516
116597,116598.jpg,9821
116600,116601.jpg,2296
116627,116628.jpg,32
116632,116633.jpg,5142
116633,116634.jpg,4805
116668,116669.jpg,7786
116688,116689.jpg,1711
116692,116693.jpg,6403
116700,116701.jpg,2570
116702,116703.jpg,1061
116715,116716.jpg,5291
116722,116723.jpg,7743
116736,116737.jpg,3641
116739,116740.jpg,6351
116741,116742.jpg,1305
116743,116744.jpg,171
116756,116757.jpg,4087
116768,116769.jpg,7743
116772,116773.jpg,679
116781,116782.jpg,2124
116806,116807.jpg,6860
116811,116812.jpg,6546
116812,116813.jpg,1875
116820,116821.jpg,5238
116824,116825.jpg,3491
116830,116831.jpg,9945
116832,116833.jpg,7524
116859,116860.jpg,2019
116863,116864.jpg,8679
116882,116883.jpg,1051
116899,116900.jpg,3708
116900,116901.jpg,6568
116904,116905.jpg,7335
116908,116909.jpg,2124
116914,116915.jpg,147
116938,116939.jpg,6811
116950,116951.jpg,1589
116952,116953.jpg,8468
116955,116956.jpg,171
116977,116978.jpg,4521
117008,117009.jpg,6351
117010,117011.jpg,4174
117014,117015.jpg,2914
117025,117026.jpg,5386
117034,117035.jpg,3400
117045,117046.jpg,4543
117074,117075.jpg,679
117078,117079.jpg,3477
117090,117091.jpg,4094
117091,117092.jpg,1224
117095,117096.jpg,6214
117099,117100.jpg,2429
117102,117103.jpg,975
117137,117138.jpg,3485
117141,117142.jpg,3727
117151,117152.jpg,5578
117160,117161.jpg,2433
117163,117164.jpg,4811
117172,117173.jpg,7516
117175,117176.jpg,7294
117187,117188.jpg,8947
117190,117191.jpg,3915
117196,117197.jpg,5386
117231,117232.jpg,2516
117240,117241.jpg,2349
117241,117242.jpg,2914
117250,117251.jpg,3862
117263,117264.jpg,1443
117275,117276.jpg,5732
117277,117278.jpg,1844
117308,117309.jpg,5318
117311,117312.jpg,2117
117318,117319.jpg,3620
117340,117341.jpg,6351
117344,117345.jpg,8519
117348,117349.jpg,3896
117356,117357.jpg,1180
117358,117359.jpg,6574
117371,117372.jpg,9023
117382,117383.jpg,6585
117408,117409.jpg,4814
117428,117429.jpg,8712
117442,117443.jpg,5221
117463,117464.jpg,4236
117487,117488.jpg,5235
117524,117525.jpg,1288
117525,117526.jpg,2429
117526,117527.jpg,4070
117561,117562.jpg,6603
117578,117579.jpg,32
117605,117606.jpg,1770
117615,117616.jpg,234
117639,117640.jpg,8618
117643,117644.jpg,9084
117646,117647.jpg,2190
117647,117648.jpg,3127
117663,117664.jpg,2772
117676,117677.jpg,2892
117683,117684.jpg,5706
117691,117692.jpg,1938
117725,117726.jpg,9184
117742,117743.jpg,2445
117774,117775.jpg,5732
117777,117778.jpg,4975
117785,117786.jpg,3376
117788,117789.jpg,4070
117791,117792.jpg,2124
117804,117805.jpg,2883
117821,117822.jpg,4562
117822,117823.jpg,987
117893,117894.jpg,2239
117907,117908.jpg,4879
117909,117910.jpg,8932
117931,117932.jpg,6878
117936,117937.jpg,9945
117942,117943.jpg,1854
117954,117955.jpg,3853
117963,117964.jpg,10044
117979,117980.jpg,2250
117986,117987.jpg,6543
117992,117993.jpg,6603
118011,118012.jpg,1929
118012,118013.jpg,6989
118016,118017.jpg,1852
118017,118018.jpg,3648
118081,118082.jpg,487
118092,118093.jpg,5204
118099,118100.jpg,2190
118111,118112.jpg,1700
118113,118114.jpg,5151
118130,118131.jpg,10093
118134,118135.jpg,4637
118148,118149.jpg,6429
118158,118159.jpg,3847
118180,118181.jpg,10000
118181,118182.jpg,5489
118222,118223.jpg,6110
118237,118238.jpg,6928
118245,118246.jpg,1181
118258,118259.jpg,4905
118265,118266.jpg,7506
118266,118267.jpg,7119
118268,118269.jpg,5519
118270,118271.jpg,2996
118273,118274.jpg,2772
118303,118304.jpg,9542
118355,118356.jpg,5334
118363,118364.jpg,6449
118370,118371.jpg,2141
118373,118374.jpg,3010
118394,118395.jpg,9921
118409,118410.jpg,1842
118410,118411.jpg,6568
118416,118417.jpg,4094
118418,118419.jpg,8566
118435,118436.jpg,1947
118449,118450.jpg,1770
118468,118469.jpg,6546
118493,118494.jpg,4637
118497,118498.jpg,15
118507,118508.jpg,1270
118509,118510.jpg,2611
118529,118530.jpg,5247
118536,118537.jpg,32
118544,118545.jpg,10071
118588,118589.jpg,3648
118593,118594.jpg,8706
118594,118595.jpg,147
118597,118598.jpg,5151
118600,118601.jpg,1854
118608,118609.jpg,3648
118610,118611.jpg,5235
118645,118646.jpg,8286
118669,118670.jpg,7209
118675,118676.jpg,9184
118687,118688.jpg,5086
118692,118693.jpg,3701
118700,118701.jpg,7209
118705,118706.jpg,8706
118740,118741.jpg,78
118762,118763.jpg,5391
118766,118767.jpg,1914
118794,118795.jpg,6811
118798,118799.jpg,6565
118808,118809.jpg,9945
118813,118814.jpg,2522
118818,118819.jpg,2516
118827,118828.jpg,3701
118844,118845.jpg,9041
118850,118851.jpg,2130
118878,118879.jpg,8626
118886,118887.jpg,9542
118897,118898.jpg,8566
118922,118923.jpg,4220
118926,118927.jpg,8528
118934,118935.jpg,8667
118952,118953.jpg,4163
118957,118958.jpg,3708
118958,118959.jpg,5221
118984,118985.jpg,5135
119007,119008.jpg,6792
119009,119010.jpg,1844
119017,119018.jpg,17
119031,119032.jpg,22
119044,119045.jpg,7426
119061,119062.jpg,8632
119099,119100.jpg,142
119102,119103.jpg,4975
119112,119113.jpg,4720
119124,119125.jpg,3477
119134,119135.jpg,3896
119138,119139.jpg,171
119141,119142.jpg,3928
119148,119149.jpg,6440
119162,119163.jpg,5732
119169,119170.jpg,6420
119171,119172.jpg,5204
119175,119176.jpg,3130
119180,119181.jpg,7881
119181,119182.jpg,1711
119202,119203.jpg,1998
119203,119204.jpg,6858
119212,119213.jpg,7426
119219,119220.jpg,3522
119228,119229.jpg,5092
119229,119230.jpg,9084
119236,119237.jpg,8627
119265,119266.jpg,15
119272,119273.jpg,1051
119286,119287.jpg,6803
119287,119288.jpg,4636
119295,119296.jpg,6188
119299,119300.jpg,7755
119305,119306.jpg,4891
119312,119313.jpg,4498
119319,119320.jpg,1648
119333,119334.jpg,7294
119339,119340.jpg,6894
119349,119350.jpg,6989
119359,119360.jpg,6188
119380,119381.jpg,5173
119390,119391.jpg,2443
119396,119397.jpg,4805
119403,119404.jpg,248
119405,119406.jpg,5428
119425,119426.jpg,1743
119454,119455.jpg,7392
119463,119464.jpg,10071
119487,119488.jpg,6036
119490,119491.jpg,6878
119497,119498.jpg,8566
119510,119511.jpg,1914
119530,119531.jpg,9533
119544,119545.jpg,9923
119546,119547.jpg,3491
119547,119548.jpg,6811
119550,119551.jpg,2930
119553,119554.jpg,1289
119578,119579.jpg,1761
119583,119584.jpg,5153
119608,119609.jpg,3623
119635,119636.jpg,5342
119637,119638.jpg,3853
119646,119647.jpg,6802
119650,119651.jpg,6725
119683,119684.jpg,6214
119693,119694.jpg,4236
119694,119695.jpg,6300
119700,119701.jpg,1560
119715,119716.jpg,1648
119719,119720.jpg,8627
119721,119722.jpg,7786
119731,119732.jpg,6585
119734,119735.jpg,5311
119739,119740.jpg,1914
119744,119745.jpg,1951
119749,119750.jpg,3029
119762,119763.jpg,5238
119767,119768.jpg,2130
119789,119790.jpg,2524
119798,119799.jpg,2117
119799,119800.jpg,2883
119802,119803.jpg,5313
119818,119819.jpg,9183
119822,119823.jpg,9921
119849,119850.jpg,3130
119864,119865.jpg,4357
119866,119867.jpg,4891
119872,119873.jpg,5190
119874,119875.jpg,4547
119875,119876.jpg,2574
119911,119912.jpg,3052
119913,119914.jpg,4672
119922,119923.jpg,3010
119930,119931.jpg,3853
119956,119957.jpg,6036
119960,119961.jpg,5238
119969,119970.jpg,987
119986,119987.jpg,1025
119990,119991.jpg,6792
120009,120010.jpg,3400
120018,120019.jpg,6718
120066,120067.jpg,6420
120103,120104.jpg,8127
120105,120106.jpg,3641
120121,120122.jpg,4433
120129,120130.jpg,5479
120149,120150.jpg,3010
120155,120156.jpg,918
120158,120159.jpg,5202
120169,120170.jpg,4070
120182,120183.jpg,4255
120195,120196.jpg,8947
120204,120205.jpg,6563
120216,120217.jpg,4473
120220,120221.jpg,4162
120224,120225.jpg,3862
120230,120231.jpg,2134
120231,120232.jpg,4543
120235,120236.jpg,7506
120238,120239.jpg,6558
120256,120257.jpg,9087
120263,120264.jpg,3130
120264,120265.jpg,1180
120274,120275.jpg,9821
120276,120277.jpg,2072
120277,120278.jpg,1137
120284,120285.jpg,7755
120327,120328.jpg,9183
120340,120341.jpg,32
120352,120353.jpg,8679
120383,120384.jpg,3847
120385,120386.jpg,4547
120416,120417.jpg,1303
120423,120424.jpg,487
120425,120426.jpg,10050
120446,120447.jpg,1854
120467,120468.jpg,7119
120473,120474.jpg,147
120475,120476.jpg,8618
120480,120481.jpg,2910
120481,120482.jpg,5086
120487,120488.jpg,3130
120489,120490.jpg,6100
120506,120507.jpg,6603
120540,120541.jpg,2472
120553,120554.jpg,4251
120576,120577.jpg,2406
120605,120606.jpg,2996
120608,120609.jpg,7673
120625,120626.jpg,2136
120628,120629.jpg,6858
120647,120648.jpg,7426
120661,120662.jpg,5706
120677,120678.jpg,3875
120684,120685.jpg,3149
120701,120702.jpg,9542
120702,120703.jpg,4190
120739,120740.jpg,6725
120762,120763.jpg,3896
120770,120771.jpg,8430
120794,120795.jpg,3376
120804,120805.jpg,2892
120807,120808.jpg,6603
120838,120839.jpg,2883
120842,120843.jpg,3485
120846,120847.jpg,4554
120865,120866.jpg,3960
120867,120868.jpg,1603
120873,120874.jpg,5242
120879,120880.jpg,3477
120885,120886.jpg,5896
120890,120891.jpg,2996
120892,120893.jpg,9830
120905,120906.jpg,4842
120907,120908.jpg,7238
120916,120917.jpg,8636
120929,120930.jpg,3620
120948,120949.jpg,4719
120977,120978.jpg,2349
120978,120979.jpg,4014
120980,120981.jpg,2332
120998,120999.jpg,78
121024,121025.jpg,6024
121032,121033.jpg,5334
121034,121035.jpg,4636
121036,121037.jpg,3027
121037,121038.jpg,4543
121062,121063.jpg,2334
121096,121097.jpg,9210
121111,121112.jpg,10135
121119,121120.jpg,5706
121121,121122.jpg,1443
121127,121128.jpg,3915
121156,121157.jpg,3029
121158,121159.jpg,2772
121195,121196.jpg,4174
121225,121226.jpg,6725
121257,121258.jpg,4511
121263,121264.jpg,3480
121267,121268.jpg,2952
121291,121292.jpg,4258
121296,121297.jpg,4414
121302,121303.jpg,2522
121321,121322.jpg,993
121323,121324.jpg,9027
121325,121326.jpg,9184
121337,121338.jpg,6443
121351,121352.jpg,4913
121360,121361.jpg,4913
121378,121379.jpg,4842
121380,121381.jpg,6012
121387,121388.jpg,2445
121394,121395.jpg,6546
121396,121397.jpg,8127
121416,121417.jpg,2930
121425,121426.jpg,3149
121427,121428.jpg,2014
121451,121452.jpg,9821
121465,121466.jpg,5135
121490,121491.jpg,987
121502,121503.jpg,5765
121506,121507.jpg,2406
121514,121515.jpg,5581
121535,121536.jpg,1711
121536,121537.jpg,1270
121537,121538.jpg,7716
121542,121543.jpg,8667
121550,121551.jpg,22
121551,121552.jpg,7673
121552,121553.jpg,7716
121558,121559.jpg,5353
121568,121569.jpg,6568
121577,121578.jpg,4672
121579,121580.jpg,5313
121582,121583.jpg,1743
121601,121602.jpg,2242
121624,121625.jpg,10093
121635,121636.jpg,5833
121644,121645.jpg,6548
121647,121648.jpg,4636
121651,121652.jpg,2019
121665,121666.jpg,6547
121673,121674.jpg,1871
121678,121679.jpg,5263
121685,121686.jpg,6725
121727,121728.jpg,4811
121728,121729.jpg,6012
121746,121747.jpg,6878
121763,121764.jpg,2509
121796,121797.jpg,2332
121797,121798.jpg,4825
121800,121801.jpg,918
121819,121820.jpg,5353
121824,121825.jpg,4562
121850,121851.jpg,8742
121885,121886.jpg,6568
121925,121926.jpg,4498
121996,121997.jpg,4014
122016,122017.jpg,6300
122026,122027.jpg,3431
122030,122031.jpg,7755
122036,122037.jpg,21
122054,122055.jpg,4094
122055,122056.jpg,10093
122056,122057.jpg,1474
122059,122060.jpg,14
122068,122069.jpg,2570
122073,122074.jpg,9700
122086,122087.jpg,2643
122094,122095.jpg,6417
122124,122125.jpg,4473
122134,122135.jpg,6058
122139,122140.jpg,2136
122161,122162.jpg,8878
122171,122172.jpg,8618
122210,122211.jpg,5235
122215,122216.jpg,3862
122231,122232.jpg,4842
122250,122251.jpg,6691
122262,122263.jpg,1951
122272,122273.jpg,8710
122281,122282.jpg,8867
122283,122284.jpg,1305
122303,122304.jpg,5706
122306,122307.jpg,17
122312,122313.jpg,3896
122328,122329.jpg,6989
122332,122333.jpg,7673
122355,122356.jpg,7673
122370,122371.jpg,9041
122379,122380.jpg,4724
122395,122396.jpg,4934
122397,122398.jpg,2463
122406,122407.jpg,6574
122411,122412.jpg,6688
122415,122416.jpg,1929
122421,122422.jpg,2335
122438,122439.jpg,2880
122469,122470.jpg,6449
122474,122475.jpg,6691
122490,122491.jpg,1443
122497,122498.jpg,8440
122511,122512.jpg,1137
122519,122520.jpg,487
122521,122522.jpg,8528
122536,122537.jpg,918
122540,122541.jpg,8796
122550,122551.jpg,6702
122554,122555.jpg,2332
122561,122562.jpg,9821
122579,122580.jpg,5428
122583,122584.jpg,1914
122591,122592.jpg,1914
122608,122609.jpg,679
122611,122612.jpg,5479
122617,122618.jpg,1998
122623,122624.jpg,8878
122630,122631.jpg,5732
122647,122648.jpg,1844
122660,122661.jpg,9210
122693,122694.jpg,1303
122718,122719.jpg,3480
122729,122730.jpg,992
122735,122736.jpg,6128
122745,122746.jpg,2952
122782,122783.jpg,6802
122788,122789.jpg,160
122793,122794.jpg,3400
122799,122800.jpg,6746
122806,122807.jpg,6420
122818,122819.jpg,2134
122828,122829.jpg,4448
122836,122837.jpg,22
122839,122840.jpg,3911
122846,122847.jpg,1815
122852,122853.jpg,2239
122865,122866.jpg,2072
122872,122873.jpg,14
122879,122880.jpg,1998
122885,122886.jpg,4414
122897,122898.jpg,1051
122908,122909.jpg,6443
122914,122915.jpg,4825
122918,122919.jpg,1936
122924,122925.jpg,9023
122932,122933.jpg,6449
122934,122935.jpg,2433
123024,123025.jpg,2225
123032,123033.jpg,3431
123060,123061.jpg,3620
123061,123062.jpg,4293
123066,123067.jpg,8831
123077,123078.jpg,6394
123085,123086.jpg,2063
123088,123089.jpg,2897
123090,123091.jpg,3960
123094,123095.jpg,6624
123099,123100.jpg,4975
123122,123123.jpg,3010
123125,123126.jpg,2643
123136,123137.jpg,1180
123137,123138.jpg,5238
123139,123140.jpg,8676
123144,123145.jpg,7320
123168,123169.jpg,3010
123170,123171.jpg,4874
123172,123173.jpg,2445
123174,123175.jpg,8626
123189,123190.jpg,3027
123196,123197.jpg,5341
123198,123199.jpg,4672
123205,123206.jpg,6394
123207,123208.jpg,6532
123239,123240.jpg,8812
123244,123245.jpg,3480
123275,123276.jpg,5190
123276,123277.jpg,8722
123277,123278.jpg,1944
123291,123292.jpg,6044
123298,123299.jpg,1761
123320,123321.jpg,3010
123327,123328.jpg,1743
123329,123330.jpg,4220
123377,123378.jpg,6300
123388,123389.jpg,2295
123398,123399.jpg,6585
123406,123407.jpg,4672
123408,123409.jpg,2522
123413,123414.jpg,6403
123441,123442.jpg,6806
123447,123448.jpg,3522
123452,123453.jpg,2097
123455,123456.jpg,6128
123456,123457.jpg,32
123463,123464.jpg,7238
123483,123484.jpg,9210
123501,123502.jpg,8627
123511,123512.jpg,32
123516,123517.jpg,1929
123534,123535.jpg,6300
123535,123536.jpg,7755
123548,123549.jpg,9183
123559,123560.jpg,8528
123569,123570.jpg,2250
123573,123574.jpg,4697
123611,123612.jpg,1844
123612,123613.jpg,6568
123614,123615.jpg,2295
123619,123620.jpg,4357
123626,123627.jpg,2910
123652,123653.jpg,6928
123675,123676.jpg,8011
123683,123684.jpg,6555
123686,123687.jpg,8742
123691,123692.jpg,6624
123722,123723.jpg,1938
123742,123743.jpg,8878
123745,123746.jpg,6894
123746,123747.jpg,3477
123749,123750.jpg,8430
123771,123772.jpg,1370
123772,123773.jpg,3055
123786,123787.jpg,9027
123792,123793.jpg,5479
123796,123797.jpg,6044
123844,123845.jpg,6858
123852,123853.jpg,5334
123861,123862.jpg,2509
123915,123916.jpg,248
123917,123918.jpg,1560
123920,123921.jpg,1370
123961,123962.jpg,3641
123969,123970.jpg,2014
123998,123999.jpg,10071
124001,124002.jpg,2242
124012,124013.jpg,6443
124018,124019.jpg,6704
124026,124027.jpg,6558
124046,124047.jpg,7743
124050,124051.jpg,6681
124052,124053.jpg,5353
124058,124059.jpg,2463
124105,124106.jpg,2117
124121,124122.jpg,8127
124134,124135.jpg,3522
124151,124152.jpg,2416
124188,124189.jpg,4532
124195,124196.jpg,2464
124202,124203.jpg,3853
124205,124206.jpg,4672
124211,124212.jpg,2225
124227,124228.jpg,2134
124228,124229.jpg,2406
124234,124235.jpg,2263
124236,124237.jpg,5866
124239,124240.jpg,6214
124240,124241.jpg,2472
124269,124270.jpg,1844
124275,124276.jpg,6568
124290,124291.jpg,5263
124335,124336.jpg,6725
124339,124340.jpg,8944
124366,124367.jpg,7755
124368,124369.jpg,1944
124388,124389.jpg,1770
124396,124397.jpg,7786
124404,124405.jpg,2311
124461,124462.jpg,2463
124471,124472.jpg,6565
124477,124478.jpg,3148
124485,124486.jpg,2072
124504,124505.jpg,78
124505,124506.jpg,8644
124512,124513.jpg,9401
124513,124514.jpg,2472
124516,124517.jpg,8831
124532,124533.jpg,7506
124562,124563.jpg,9039
124566,124567.jpg,3478
124585,124586.jpg,9184
124598,124599.jpg,8636
124599,124600.jpg,3620
124603,124604.jpg,6718
124607,124608.jpg,9023
124641,124642.jpg,2242
124648,124649.jpg,4162
124661,124662.jpg,6565
124669,124670.jpg,78
124671,124672.jpg,21
124672,124673.jpg,4636
124674,124675.jpg,5198
124675,124676.jpg,918
124681,124682.jpg,2231
124722,124723.jpg,1815
124725,124726.jpg,632
124738,124739.jpg,248
124785,124786.jpg,2063
124788,124789.jpg,2772
124790,124791.jpg,3130
124808,124809.jpg,9213
124819,124820.jpg,4162
124833,124834.jpg,3960
124838,124839.jpg,2570
124841,124842.jpg,4251
124846,124847.jpg,1986
124879,124880.jpg,8632
124884,124885.jpg,2509
124887,124888.jpg,10000
124910,124911.jpg,9179
124913,124914.jpg,8380
124956,124957.jpg,6568
124957,124958.jpg,2897
124959,124960.jpg,3620
124961,124962.jpg,6110
124978,124979.jpg,2522
124980,124981.jpg,8528
124984,124985.jpg,4433
125011,125012.jpg,8644
125027,125028.jpg,6546
125045,125046.jpg,1938
125055,125056.jpg,7426
125060,125061.jpg,1383
125064,125065.jpg,9946
125079,125080.jpg,8831
125085,125086.jpg,992
125093,125094.jpg,8712
125110,125111.jpg,6023
125116,125117.jpg,4473
125120,125121.jpg,5242
125148,125149.jpg,10071
125167,125168.jpg,2996
125172,125173.jpg,1711
125178,125179.jpg,5204
125183,125184.jpg,6811
125188,125189.jpg,2433
125198,125199.jpg,8072
125201,125202.jpg,1648
125215,125216.jpg,3383
125218,125219.jpg,6558
125223,125224.jpg,9533
125228,125229.jpg,2416
125230,125231.jpg,4070
125241,125242.jpg,5198
125242,125243.jpg,1811
125245,125246.jpg,5391
125256,125257.jpg,2472
125260,125261.jpg,4975
125263,125264.jpg,6558
125267,125268.jpg,1852
125276,125277.jpg,1938
125293,125294.jpg,6152
125294,125295.jpg,6100
125308,125309.jpg,6574
125309,125310.jpg,8286
125311,125312.jpg,2524
125356,125357.jpg,6583
125366,125367.jpg,975
125371,125372.jpg,17
125388,125389.jpg,4955
125396,125397.jpg,4236
125397,125398.jpg,2311
125401,125402.jpg,2910
125416,125417.jpg,4236
125426,125427.jpg,4251
125433,125434.jpg,4879
125472,125473.jpg,2910
125478,125479.jpg,5418
125482,125483.jpg,15
125484,125485.jpg,6947
125488,125489.jpg,6420
125500,125501.jpg,7506
125567,125568.jpg,987
125577,125578.jpg,993
125588,125589.jpg,492
125591,125592.jpg,487
125608,125609.jpg,7392
125642,125643.jpg,2136
125646,125647.jpg,4924
125657,125658.jpg,5202
125680,125681.jpg,1137
125682,125683.jpg,8710
125692,125693.jpg,3959
125697,125698.jpg,992
125720,125721.jpg,5151
125722,125723.jpg,4521
125812,125813.jpg,1270
125857,125858.jpg,3727
125865,125866.jpg,8460
125869,125870.jpg,2263
125871,125872.jpg,8521
125897,125898.jpg,6928
125900,125901.jpg,8812
125901,125902.jpg,9542
125903,125904.jpg,7743
125935,125936.jpg,7392
125940,125941.jpg,6583
125943,125944.jpg,22
125944,125945.jpg,273
125949,125950.jpg,5428
125982,125983.jpg,6894
126020,126021.jpg,6152
126025,126026.jpg,9027
126033,126034.jpg,2433
126034,126035.jpg,4258
126042,126043.jpg,5386
126052,126053.jpg,5833
126073,126074.jpg,8562
126093,126094.jpg,1852
126157,126158.jpg,4874
126158,126159.jpg,6746
126162,126163.jpg,4094
126170,126171.jpg,6585
126174,126175.jpg,6858
126191,126192.jpg,3478
126207,126208.jpg,8380
126214,126215.jpg,6555
126218,126219.jpg,6440
126229,126230.jpg,5581
126235,126236.jpg,2083
126237,126238.jpg,8742
126240,126241.jpg,7426
126241,126242.jpg,3149
126243,126244.jpg,9087
126259,126260.jpg,2097
126274,126275.jpg,1852
126283,126284.jpg,2014
126292,126293.jpg,5202
126302,126303.jpg,3029
126304,126305.jpg,3623
126312,126313.jpg,3960
126319,126320.jpg,8468
126321,126322.jpg,147
126330,126331.jpg,8626
126338,126339.jpg,4636
126366,126367.jpg,3701
126390,126391.jpg,8072
126403,126404.jpg,8127
126417,126418.jpg,8011
126424,126425.jpg,8733
126437,126438.jpg,7881
126441,126442.jpg,3847
126448,126449.jpg,142
126456,126457.jpg,4562
126457,126458.jpg,5578
126469,126470.jpg,6844
126477,126478.jpg,5418
126485,126486.jpg,6947
126506,126507.jpg,6555
126514,126515.jpg,1815
126527,126528.jpg,4891
126532,126533.jpg,9923
126541,126542.jpg,7673
126551,126552.jpg,6110
126552,126553.jpg,9687
126568,126569.jpg,1370
126579,126580.jpg,4805
126582,126583.jpg,10071
126583,126584.jpg,6012
126591,126592.jpg,3055
126594,126595.jpg,4255
126598,126599.jpg,5318
126621,126622.jpg,10093
126636,126637.jpg,8733
126637,126638.jpg,6803
126662,126663.jpg,6681
126663,126664.jpg,147
126665,126666.jpg,4334
126671,126672.jpg,993
126693,126694.jpg,8562
126717,126718.jpg,1289
126723,126724.jpg,4913
126726,126727.jpg,3431
126727,126728.jpg,1474
126739,126740.jpg,6300
126747,126748.jpg,987
126752,126753.jpg,8286
126790,126791.jpg,4637
126798,126799.jpg,5353
126800,126801.jpg,5449
126804,126805.jpg,2524
126816,126817.jpg,3383
126834,126835.jpg,3478
126835,126836.jpg,2124
126837,126838.jpg,8626
126871,126872.jpg,2611
126877,126878.jpg,4636
126890,126891.jpg,2084
126897,126898.jpg,4164
126903,126904.jpg,6543
126919,126920.jpg,6563
126921,126922.jpg,2134
126936,126937.jpg,8521
126939,126940.jpg,3383
126952,126953.jpg,6702
126983,126984.jpg,59
126996,126997.jpg,3029
127008,127009.jpg,8521
127013,127014.jpg,32
127037,127038.jpg,2141
127056,127057.jpg,6688
127058,127059.jpg,3027
127069,127070.jpg,8878
127073,127074.jpg,1585
127082,127083.jpg,4162
127083,127084.jpg,2524
127090,127091.jpg,5452
127102,127103.jpg,1137
127124,127125.jpg,9211
127136,127137.jpg,6803
127137,127138.jpg,2516
127142,127143.jpg,8632
127146,127147.jpg,2141
127163,127164.jpg,4251
127168,127169.jpg,5449
127179,127180.jpg,1137
127185,127186.jpg,8460
127210,127211.jpg,6012
127228,127229.jpg,1560
127239,127240.jpg,6429
127252,127253.jpg,4521
127270,127271.jpg,7881
127284,127285.jpg,6574
127289,127290.jpg,4879
127305,127306.jpg,4719
127310,127311.jpg,5140
127321,127322.jpg,4236
127333,127334.jpg,394
127335,127336.jpg,3569
127337,127338.jpg,3623
127345,127346.jpg,160
127352,127353.jpg,1938
127363,127364.jpg,8632
127372,127373.jpg,9184
127377,127378.jpg,8878
127389,127390.jpg,5581
127401,127402.jpg,5519
127414,127415.jpg,5242
127416,127417.jpg,8947
127426,127427.jpg,2792
127451,127452.jpg,9179
127459,127460.jpg,8460
127493,127494.jpg,2910
127496,127497.jpg,9533
127544,127545.jpg,2063
127577,127578.jpg,6714
127589,127590.jpg,4562
127604,127605.jpg,3960
127621,127622.jpg,6802
127666,127667.jpg,2416
127672,127673.jpg,1657
127721,127722.jpg,4549
127723,127724.jpg,6058
127741,127742.jpg,3522
127743,127744.jpg,1180
127751,127752.jpg,5342
127752,127753.jpg,10135
127786,127787.jpg,17
127809,127810.jpg,4543
127810,127811.jpg,3569
127864,127865.jpg,4521
127878,127879.jpg,4975
127880,127881.jpg,6665
127881,127882.jpg,5151
127886,127887.jpg,2897
127901,127902.jpg,2349
127912,127913.jpg,2930
127955,127956.jpg,1852
127998,127999.jpg,3620
128008,128009.jpg,9183
128013,128014.jpg,1061
128028,128029.jpg,7743
128045,128046.jpg,273
128064,128065.jpg,2914
128068,128069.jpg,8712
128079,128080.jpg,6214
128088,128089.jpg,8440
128089,128090.jpg,32
128094,128095.jpg,4724
128100,128101.jpg,2406
128111,128112.jpg,6624
128124,128125.jpg,5311
128127,128128.jpg,5706
128130,128131.jpg,1956
128138,128139.jpg,6688
128146,128147.jpg,9084
128161,128162.jpg,1180
128185,128186.jpg,2464
128186,128187.jpg,3485
128212,128213.jpg,5311
128249,128250.jpg,3928
128256,128257.jpg,142
128259,128260.jpg,1844
128263,128264.jpg,5833
128270,128271.jpg,6555
128276,128277.jpg,5489
128284,128285.jpg,8742
128294,128295.jpg,1944
128303,128304.jpg,987
128308,128309.jpg,2134
128310,128311.jpg,6547
128316,128317.jpg,10085
128320,128321.jpg,6681
128322,128323.jpg,6603
128330,128331.jpg,1986
128376,128377.jpg,5391
128384,128385.jpg,6624
128422,128423.jpg,2349
128432,128433.jpg,3648
128433,128434.jpg,2250
128436,128437.jpg,2537
128446,128447.jpg,3648
128458,128459.jpg,8440
128460,128461.jpg,6300
128473,128474.jpg,918
128485,128486.jpg,8667
128491,128492.jpg,4720
128515,128516.jpg,3383
128525,128526.jpg,6036
128526,128527.jpg,5341
128557,128558.jpg,6449
128569,128570.jpg,3727
128570,128571.jpg,8944
128572,128573.jpg,2897
128579,128580.jpg,10000
128596,128597.jpg,6688
128597,128598.jpg,4805
128598,128599.jpg,4562
128605,128606.jpg,8072
128617,128618.jpg,3052
128621,128622.jpg,5221
128625,128626.jpg,8286
128629,128630.jpg,2952
128636,128637.jpg,8706
128642,128643.jpg,3477
128653,128654.jpg,5311
128660,128661.jpg,5263
128696,128697.jpg,4825
128709,128710.jpg,8528
128710,128711.jpg,2097
128730,128731.jpg,987
128731,128732.jpg,2097
128743,128744.jpg,8867
128746,128747.jpg,1648
128747,128748.jpg,6546
128751,128752.jpg,632
128789,128790.jpg,6440
128796,128797.jpg,918
128829,128830.jpg,2242
128864,128865.jpg,4220
128870,128871.jpg,2335
128881,128882.jpg,3911
128882,128883.jpg,4543
128922,128923.jpg,9210
128932,128933.jpg,975
129000,129001.jpg,993
129004,129005.jpg,6894
129005,129006.jpg,5706
129006,129007.jpg,6725
129008,129009.jpg,6188
129009,129010.jpg,679
129012,129013.jpg,1929
129030,129031.jpg,1585
129035,129036.jpg,4554
129041,129042.jpg,1871
129045,129046.jpg,5866
129051,129052.jpg,8796
129052,129053.jpg,8632
129058,129059.jpg,5086
129059,129060.jpg,1875
129068,129069.jpg,2883
129076,129077.jpg,3485
129077,129078.jpg,3641
129084,129085.jpg,2996
129087,129088.jpg,4874
129110,129111.jpg,6792
129111,129112.jpg,8562
129114,129115.jpg,6844
129132,129133.jpg,2083
129139,129140.jpg,9039
129140,129141.jpg,2190
129157,129158.jpg,2243
129186,129187.jpg,5238
129203,129204.jpg,3278
129213,129214.jpg,5235
129231,129232.jpg,9084
129233,129234.jpg,1770
129245,129246.jpg,6691
129252,129253.jpg,3896
129258,129259.jpg,5204
129260,129261.jpg,6555
129261,129262.jpg,8679
129267,129268.jpg,5291
129281,129282.jpg,3847
129284,129285.jpg,5479
129287,129288.jpg,6036
129312,129313.jpg,1986
129332,129333.jpg,7786
129348,129349.jpg,8926
129368,129369.jpg,6860
129390,129391.jpg,8519
129394,129395.jpg,6547
129406,129407.jpg,8966
129411,129412.jpg,8722
129428,129429.jpg,10044
129433,129434.jpg,4637
129455,129456.jpg,2334
129486,129487.jpg,2429
129503,129504.jpg,1383
129529,129530.jpg,8663
129534,129535.jpg,6012
129539,129540.jpg,4842
129555,129556.jpg,3928
129567,129568.jpg,22
129578,129579.jpg,987
129603,129604.jpg,1303
129616,129617.jpg,6928
129629,129630.jpg,2516
129661,129662.jpg,17
129685,129686.jpg,3431
129692,129693.jpg,5479
129699,129700.jpg,8430
129734,129735.jpg,1181
129751,129752.jpg,8562
129752,129753.jpg,2952
129794,129795.jpg,9401
129804,129805.jpg,4543
129821,129822.jpg,7209
129826,129827.jpg,8796
129830,129831.jpg,14
129859,129860.jpg,2516
129865,129866.jpg,6792
129872,129873.jpg,487
129873,129874.jpg,7716
129891,129892.jpg,4636
129898,129899.jpg,6928
129901,129902.jpg,1025
129902,129903.jpg,1011
129905,129906.jpg,1936
129906,129907.jpg,3148
129910,129911.jpg,2134
129919,129920.jpg,9039
129938,129939.jpg,3701
129951,129952.jpg,7755
129957,129958.jpg,5086
129960,129961.jpg,4099
129974,129975.jpg,6403
130000,130001.jpg,6702
130029,130030.jpg,4255
130036,130037.jpg,4255
130041,130042.jpg,2537
130046,130047.jpg,4547
130049,130050.jpg,1270
130053,130054.jpg,8676
130058,130059.jpg,9158
130070,130071.jpg,3477
130094,130095.jpg,4334
130107,130108.jpg,992
130114,130115.jpg,6702
130153,130154.jpg,17
130158,130159.jpg,6394
130159,130160.jpg,2914
130163,130164.jpg,1936
130173,130174.jpg,2463
130177,130178.jpg,2518
130181,130182.jpg,5833
130195,130196.jpg,1648
130202,130203.jpg,8932
130214,130215.jpg,2225
130216,130217.jpg,4720
130253,130254.jpg,3623
130254,130255.jpg,4934
130263,130264.jpg,2349
130265,130266.jpg,5318
130286,130287.jpg,8618
130292,130293.jpg,1443
130298,130299.jpg,6691
130310,130311.jpg,5202
130312,130313.jpg,8722
130328,130329.jpg,3130
130344,130345.jpg,2443
130385,130386.jpg,1305
130412,130413.jpg,679
130415,130416.jpg,9945
130419,130420.jpg,9027
130429,130430.jpg,3701
130435,130436.jpg,7524
130475,130476.jpg,8667
130483,130484.jpg,8679
130493,130494.jpg,5765
130499,130500.jpg,6928
130511,130512.jpg,4521
130515,130516.jpg,6714
130519,130520.jpg,8944
130524,130525.jpg,1270
130561,130562.jpg,14
130572,130573.jpg,4433
130575,130576.jpg,2952
130577,130578.jpg,987
130596,130597.jpg,3959
130611,130612.jpg,6947
130622,130623.jpg,3862
130628,130629.jpg,3853
130629,130630.jpg,6725
130634,130635.jpg,5153
130651,130652.jpg,6563
130666,130667.jpg,1951
130673,130674.jpg,9027
130683,130684.jpg,2141
130685,130686.jpg,2239
130686,130687.jpg,4805
130689,130690.jpg,21
130715,130716.jpg,3648
130724,130725.jpg,22
130743,130744.jpg,1936
130757,130758.jpg,1585
130766,130767.jpg,1929
130794,130795.jpg,4874
130796,130797.jpg,4473
130825,130826.jpg,1224
130850,130851.jpg,4811
130851,130852.jpg,21
130885,130886.jpg,4162
130891,130892.jpg,3148
130955,130956.jpg,8636
130970,130971.jpg,7392
130989,130990.jpg,2084
130999,131000.jpg,5334
131011,131012.jpg,6492
131013,131014.jpg,6547
131017,131018.jpg,5341
131026,131027.jpg,4258
131032,131033.jpg,8966
131038,131039.jpg,4543
131053,131054.jpg,1383
131056,131057.jpg,6214
131063,131064.jpg,6624
131071,131072.jpg,2136
131077,131078.jpg,2124
131093,131094.jpg,1711
131102,131103.jpg,5242
131105,131106.jpg,6492
131107,131108.jpg,1603
131116,131117.jpg,3431
131122,131123.jpg,8618
131137,131138.jpg,1589
131148,131149.jpg,1181
131174,131175.jpg,1011
131189,131190.jpg,5418
131190,131191.jpg,4719
131200,131201.jpg,2332
131212,131213.jpg,6860
131230,131231.jpg,6792
131261,131262.jpg,9023
131292,131293.jpg,6565
131301,131302.jpg,4220
131340,131341.jpg,9184
131352,131353.jpg,2952
131367,131368.jpg,8626
131394,131395.jpg,3491
131421,131422.jpg,1370
131429,131430.jpg,3727
131430,131431.jpg,4905
131440,131441.jpg,6702
131452,131453.jpg,6691
131494,131495.jpg,8742
131506,131507.jpg,3696
131524,131525.jpg,2235
131544,131545.jpg,951
131553,131554.jpg,5519
131554,131555.jpg,2014
131574,131575.jpg,1585
131585,131586.jpg,1944
131626,131627.jpg,7524
131656,131657.jpg,1956
131674,131675.jpg,9923
131676,131677.jpg,3052
131684,131685.jpg,5086
131703,131704.jpg,1180
131723,131724.jpg,6100
131730,131731.jpg,2880
131751,131752.jpg,3029
131758,131759.jpg,9087
131761,131762.jpg,9041
131772,131773.jpg,3853
131786,131787.jpg,2570
131796,131797.jpg,8663
131797,131798.jpg,2570
131821,131822.jpg,3960
131831,131832.jpg,4357
131845,131846.jpg,6058
131850,131851.jpg,2406
131860,131861.jpg,487
131863,131864.jpg,6691
131866,131867.jpg,3491
131879,131880.jpg,7209
131894,131895.jpg,2243
131900,131901.jpg,8519
131905,131906.jpg,8562
131922,131923.jpg,4825
131923,131924.jpg,4027
131939,131940.jpg,4724
131959,131960.jpg,248
131964,131965.jpg,2570
131980,131981.jpg,6188
131981,131982.jpg,8796
131992,131993.jpg,2136
131997,131998.jpg,6547
132009,132010.jpg,679
132022,132023.jpg,6725
132023,132024.jpg,6449
132029,132030.jpg,4547
132033,132034.jpg,3485
132037,132038.jpg,9213
132039,132040.jpg,7392
132045,132046.jpg,2445
132055,132056.jpg,5140
132066,132067.jpg,5078
132076,132077.jpg,4913
132078,132079.jpg,3960
132080,132081.jpg,6449
132097,132098.jpg,5386
132099,132100.jpg,4554
132102,132103.jpg,5092
132111,132112.jpg,2117
132112,132113.jpg,2190
132118,132119.jpg,6688
132135,132136.jpg,3010
132138,132139.jpg,10135
132139,132140.jpg,8812
132142,132143.jpg,6714
132145,132146.jpg,1871
132147,132148.jpg,15
132163,132164.jpg,7743
132166,132167.jpg,3875
132180,132181.jpg,9921
132184,132185.jpg,3148
132240,132241.jpg,3485
132247,132248.jpg,2772
132290,132291.jpg,6947
132300,132301.jpg,10050
132315,132316.jpg,4554
132326,132327.jpg,6702
132327,132328.jpg,6558
132349,132350.jpg,9965
132356,132357.jpg,10135
132364,132365.jpg,5142
132379,132380.jpg,3915
132402,132403.jpg,3149
132406,132407.jpg,1288
132410,132411.jpg,248
132439,132440.jpg,2611
132442,132443.jpg,5449
132458,132459.jpg,1585
132472,132473.jpg,3896
132487,132488.jpg,6420
132494,132495.jpg,3708
132508,132509.jpg,4220
132518,132519.jpg,2332
132526,132527.jpg,8562
132528,132529.jpg,248
132541,132542.jpg,248
132557,132558.jpg,9041
132562,132563.jpg,5449
132570,132571.jpg,171
132571,132572.jpg,2611
132579,132580.jpg,4220
132603,132604.jpg,7506
132618,132619.jpg,2518
132626,132627.jpg,9084
132680,132681.jpg,5706
132684,132685.jpg,5202
132700,132701.jpg,3029
132702,132703.jpg,4255
132721,132722.jpg,5238
132779,132780.jpg,5101
132786,132787.jpg,987
132793,132794.jpg,3730
132799,132800.jpg,9700
132804,132805.jpg,5291
132810,132811.jpg,3383
132815,132816.jpg,5204
132821,132822.jpg,2225
132857,132858.jpg,679
132858,132859.jpg,2574
132901,132902.jpg,8626
132909,132910.jpg,5449
132951,132952.jpg,6403
132954,132955.jpg,5221
132965,132966.jpg,4334
132976,132977.jpg,1871
132984,132985.jpg,4543
133005,133006.jpg,1443
133040,133041.jpg,1986
133047,133048.jpg,1944
133097,133098.jpg,6725
133115,133116.jpg,4027
133117,133118.jpg,4433
133146,133147.jpg,2296
133150,133151.jpg,6562
133154,133155.jpg,6548
133193,133194.jpg,3569
133199,133200.jpg,2124
133222,133223.jpg,7673
133249,133250.jpg,2243
133250,133251.jpg,3477
133253,133254.jpg,6792
133254,133255.jpg,3324
133262,133263.jpg,5361
133264,133265.jpg,5198
133281,133282.jpg,2239
133284,133285.jpg,8712
133287,133288.jpg,9210
133303,133304.jpg,4720
133313,133314.jpg,5151
133322,133323.jpg,9211
133327,133328.jpg,3029
133332,133333.jpg,3853
133341,133342.jpg,8831
133373,133374.jpg,3376
133375,133376.jpg,4562
133389,133390.jpg,2574
133407,133408.jpg,9542
133408,133409.jpg,992
133412,133413.jpg,6492
133421,133422.jpg,9945
133422,133423.jpg,2406
133440,133441.jpg,1811
133448,133449.jpg,1061
133455,133456.jpg,10000
133462,133463.jpg,4255
133477,133478.jpg,5263
133488,133489.jpg,4087
133493,133494.jpg,8860
133495,133496.jpg,6543
133515,133516.jpg,1272
133518,133519.jpg,5235
133533,133534.jpg,3696
133535,133536.jpg,1011
133542,133543.jpg,10050
133546,133547.jpg,3727
133549,133550.jpg,5291
133551,133552.jpg,273
133553,133554.jpg,4258
133559,133560.jpg,6532
133576,133577.jpg,2445
133579,133580.jpg,4719
133592,133593.jpg,2332
133600,133601.jpg,5519
133602,133603.jpg,2643
133603,133604.jpg,8710
133606,133607.jpg,6128
133626,133627.jpg,6429
133647,133648.jpg,7755
133658,133659.jpg,992
133675,133676.jpg,59
133690,133691.jpg,4636
133710,133711.jpg,8519
133727,133728.jpg,5578
133759,133760.jpg,5190
133762,133763.jpg,1944
133767,133768.jpg,7716
133790,133791.jpg,7013
133799,133800.jpg,1289
133805,133806.jpg,7516
133818,133819.jpg,6704
133823,133824.jpg,6449
133824,133825.jpg,6058
133835,133836.jpg,8796
133850,133851.jpg,7294
133857,133858.jpg,1947
133864,133865.jpg,5101
133885,133886.jpg,2910
133890,133891.jpg,4087
133892,133893.jpg,5202
133925,133926.jpg,6300
133940,133941.jpg,6558
133943,133944.jpg,5519
133948,133949.jpg,3052
133961,133962.jpg,4251
133965,133966.jpg,5238
133966,133967.jpg,5581
133986,133987.jpg,2231
134006,134007.jpg,2880
134030,134031.jpg,5504
134039,134040.jpg,8944
134051,134052.jpg,142
134058,134059.jpg,2883
134062,134063.jpg,6986
134063,134064.jpg,4842
134080,134081.jpg,3431
134084,134085.jpg,4637
134098,134099.jpg,4164
134100,134101.jpg,5190
134103,134104.jpg,7335
134113,134114.jpg,7506
134123,134124.jpg,21
134172,134173.jpg,9119
134205,134206.jpg,3701
134256,134257.jpg,1181
134258,134259.jpg,9026
134274,134275.jpg,3727
134295,134296.jpg,7119
134307,134308.jpg,2117
134314,134315.jpg,2296
134326,134327.jpg,4498
134337,134338.jpg,2574
134362,134363.jpg,2014
134402,134403.jpg,6746
134415,134416.jpg,10135
134443,134444.jpg,2897
134472,134473.jpg,10071
134485,134486.jpg,8878
134486,134487.jpg,17
134494,134495.jpg,4814
134499,134500.jpg,2296
134510,134511.jpg,6351
134537,134538.jpg,6188
134538,134539.jpg,918
134542,134543.jpg,7716
134547,134548.jpg,3130
134552,134553.jpg,3400
134553,134554.jpg,4258
134581,134582.jpg,5078
134596,134597.jpg,2897
134608,134609.jpg,951
134632,134633.jpg,4842
134693,134694.jpg,2611
134708,134709.jpg,6704
134717,134718.jpg,5242
134718,134719.jpg,6665
134737,134738.jpg,3485
134748,134749.jpg,6844
134751,134752.jpg,5311
134781,134782.jpg,6894
134789,134790.jpg,2295
134793,134794.jpg,3853
134800,134801.jpg,6989
134803,134804.jpg,394
134810,134811.jpg,3130
134812,134813.jpg,9084
134815,134816.jpg,3853
134837,134838.jpg,6989
134852,134853.jpg,679
134920,134921.jpg,8679
134931,134932.jpg,6548
134935,134936.jpg,632
134960,134961.jpg,9084
134963,134964.jpg,1947
134976,134977.jpg,2311
134980,134981.jpg,8562
134984,134985.jpg,3648
135000,135001.jpg,2295
135009,135010.jpg,3853
135017,135018.jpg,5341
135018,135019.jpg,2190
135026,135027.jpg,5078
135029,135030.jpg,4027
135035,135036.jpg,3911
135038,135039.jpg,6300
135053,135054.jpg,6792
135055,135056.jpg,2996
135075,135076.jpg,2134
135078,135079.jpg,5101
135080,135081.jpg,2295
135086,135087.jpg,992
135163,135164.jpg,6565
135192,135193.jpg,234
135239,135240.jpg,8796
135242,135243.jpg,6858
135243,135244.jpg,8796
135246,135247.jpg,6110
135289,135290.jpg,6128
135294,135295.jpg,4450
135300,135301.jpg,9184
135322,135323.jpg,8878
135325,135326.jpg,3915
135328,135329.jpg,632
135334,135335.jpg,4636
135339,135340.jpg,394
135345,135346.jpg,2295
135355,135356.jpg,5142
135356,135357.jpg,6214
135371,135372.jpg,5198
135375,135376.jpg,4087
135382,135383.jpg,2141
135393,135394.jpg,7516
135419,135420.jpg,3127
135425,135426.jpg,4163
135477,135478.jpg,8644
135521,135522.jpg,4511
135525,135526.jpg,6543
135528,135529.jpg,1181
135534,135535.jpg,10135
135558,135559.jpg,4448
135563,135564.jpg,6665
135629,135630.jpg,9946
135631,135632.jpg,4163
135635,135636.jpg,1944
135653,135654.jpg,6574
135671,135672.jpg,5318
135674,135675.jpg,9921
135683,135684.jpg,5151
135697,135698.jpg,9119
135703,135704.jpg,3696
135726,135727.jpg,1914
135780,135781.jpg,47
135811,135812.jpg,5313
135812,135813.jpg,4905
135814,135815.jpg,9158
135824,135825.jpg,2611
135825,135826.jpg,8460
135839,135840.jpg,8636
135852,135853.jpg,6563
135902,135903.jpg,2136
135904,135905.jpg,8127
135908,135909.jpg,1770
135910,135911.jpg,6894
135916,135917.jpg,1305
135920,135921.jpg,248
135928,135929.jpg,9087
135943,135944.jpg,4174
135945,135946.jpg,1657
136001,136002.jpg,1648
136002,136003.jpg,4719
136008,136009.jpg,3491
136020,136021.jpg,3383
136033,136034.jpg,987
136039,136040.jpg,1657
136057,136058.jpg,6714
136058,136059.jpg,6858
136073,136074.jpg,2097
136095,136096.jpg,8860
136096,136097.jpg,7426
136158,136159.jpg,2772
136179,136180.jpg,9965
136193,136194.jpg,9542
136255,136256.jpg,7294
136265,136266.jpg,8667
136266,136267.jpg,5142
136284,136285.jpg,9921
136285,136286.jpg,5449
136311,136312.jpg,2063
136315,136316.jpg,10085
136320,136321.jpg,7392
136323,136324.jpg,6574
136327,136328.jpg,7743
136331,136332.jpg,3648
136351,136352.jpg,6803
136353,136354.jpg,5153
136365,136366.jpg,8562
136367,136368.jpg,5479
136377,136378.jpg,9945
136395,136396.jpg,6576
136407,136408.jpg,2136
136424,136425.jpg,2334
136430,136431.jpg,2117
136434,136435.jpg,4891
136440,136441.jpg,4811
136475,136476.jpg,9687
136478,136479.jpg,6417
136516,136517.jpg,1986
136518,136519.jpg,394
136542,136543.jpg,1025
136550,136551.jpg,6947
136556,136557.jpg,7506
136566,136567.jpg,8932
136572,136573.jpg,6420
136583,136584.jpg,8011
136602,136603.jpg,1011
136610,136611.jpg,8712
136641,136642.jpg,8926
136650,136651.jpg,992
136660,136661.jpg,6036
136689,136690.jpg,992
136698,136699.jpg,4879
136737,136738.jpg,6986
136746,136747.jpg,3928
136747,136748.jpg,6128
136755,136756.jpg,8860
136760,136761.jpg,5449
136763,136764.jpg,1844
136773,136774.jpg,6691
136781,136782.jpg,5532
136788,136789.jpg,4720
136795,136796.jpg,6986
136810,136811.jpg,4955
136837,136838.jpg,8722
136849,136850.jpg,5765
136854,136855.jpg,4720
136856,136857.jpg,9830
136874,136875.jpg,8626
136885,136886.jpg,8562
136899,136900.jpg,1474
136903,136904.jpg,6947
136917,136918.jpg,4450
136946,136947.jpg,1956
136953,136954.jpg,8812
136958,136959.jpg,6420
136968,136969.jpg,2464
136974,136975.jpg,3491
136977,136978.jpg,5342
136978,136979.jpg,9700
136996,136997.jpg,147
137004,137005.jpg,3431
137005,137006.jpg,3522
137009,137010.jpg,2792
137015,137016.jpg,10135
137017,137018.jpg,3029
137035,137036.jpg,4099
137038,137039.jpg,3431
137063,137064.jpg,1936
137069,137070.jpg,5235
137070,137071.jpg,5086
137130,137131.jpg,8722
137155,137156.jpg,6746
137170,137171.jpg,78
137176,137177.jpg,6603
137189,137190.jpg,632
137247,137248.jpg,4532
137265,137266.jpg,7119
137269,137270.jpg,5198
137274,137275.jpg,1270
137277,137278.jpg,2311
137284,137285.jpg,2190
137321,137322.jpg,4236
137328,137329.jpg,3708
137360,137361.jpg,8932
137364,137365.jpg,17
137380,137381.jpg,8712
137393,137394.jpg,1362
137405,137406.jpg,4636
137407,137408.jpg,5198
137486,137487.jpg,2574
137493,137494.jpg,7716
137503,137504.jpg,9179
137520,137521.jpg,1951
137526,137527.jpg,1914
137554,137555.jpg,1560
137573,137574.jpg,21
137650,137651.jpg,273
137653,137654.jpg,4543
137671,137672.jpg,1051
137686,137687.jpg,5238
137690,137691.jpg,8878
137698,137699.jpg,5173
137709,137710.jpg,4448
137746,137747.jpg,5732
137770,137771.jpg,5341
137785,137786.jpg,7013
137797,137798.jpg,4164
137798,137799.jpg,5018
137809,137810.jpg,1914
137810,137811.jpg,487
137823,137824.jpg,5342
137852,137853.jpg,2464
137883,137884.jpg,6802
137898,137899.jpg,3055
137911,137912.jpg,4891
137931,137932.jpg,2231
137941,137942.jpg,5311
137952,137953.jpg,2295
137959,137960.jpg,7209
137995,137996.jpg,4498
138004,138005.jpg,5101
138013,138014.jpg,4163
138015,138016.jpg,9210
138032,138033.jpg,5706
138041,138042.jpg,2406
138047,138048.jpg,5504
138065,138066.jpg,9210
138071,138072.jpg,2518
138114,138115.jpg,10000
138148,138149.jpg,5151
138153,138154.jpg,993
138159,138160.jpg,5418
138167,138168.jpg,8627
138191,138192.jpg,2570
138206,138207.jpg,6894
138212,138213.jpg,3055
138228,138229.jpg,1743
138270,138271.jpg,6725
138271,138272.jpg,273
138272,138273.jpg,2084
138273,138274.jpg,2141
138292,138293.jpg,6548
138309,138310.jpg,8440
138320,138321.jpg,6688
138331,138332.jpg,7743
138334,138335.jpg,1944
138351,138352.jpg,2910
138362,138363.jpg,9821
138365,138366.jpg,6547
138384,138385.jpg,2334
138395,138396.jpg,2019
138403,138404.jpg,6024
138411,138412.jpg,4162
138413,138414.jpg,9087
138424,138425.jpg,3896
138466,138467.jpg,1657
138510,138511.jpg,9945
138514,138515.jpg,4521
138533,138534.jpg,8947
138563,138564.jpg,5341
138568,138569.jpg,273
138584,138585.jpg,5291
138593,138594.jpg,1051
138598,138599.jpg,6532
138600,138601.jpg,3324
138603,138604.jpg,5418
138609,138610.jpg,3149
138612,138613.jpg,7238
138628,138629.jpg,2295
138631,138632.jpg,5519
138644,138645.jpg,8286
138645,138646.jpg,6792
138655,138656.jpg,5204
138665,138666.jpg,8966
138672,138673.jpg,2897
138703,138704.jpg,7881
138707,138708.jpg,7506
138711,138712.jpg,7013
138715,138716.jpg,1272
138745,138746.jpg,6718
138753,138754.jpg,7238
138769,138770.jpg,1761
138774,138775.jpg,147
138810,138811.jpg,3376
138823,138824.jpg,4825
138830,138831.jpg,2134
138852,138853.jpg,7119
138856,138857.jpg,2914
138864,138865.jpg,4094
138868,138869.jpg,2930
138881,138882.jpg,4258
138894,138895.jpg,3485
138899,138900.jpg,5247
138912,138913.jpg,6688
138924,138925.jpg,6548
138932,138933.jpg,9026
138934,138935.jpg,1929
138955,138956.jpg,1061
138960,138961.jpg,17
138975,138976.jpg,1700
138982,138983.jpg,8812
138990,138991.jpg,3480
139035,139036.jpg,4636
139053,139054.jpg,3620
139057,139058.jpg,5504
139059,139060.jpg,4825
139067,139068.jpg,394
139080,139081.jpg,14
139082,139083.jpg,7743
139087,139088.jpg,1743
139093,139094.jpg,6214
139100,139101.jpg,7238
139101,139102.jpg,4891
139105,139106.jpg,2880
139139,139140.jpg,6681
139156,139157.jpg,2311
139160,139161.jpg,8627
139163,139164.jpg,9923
139178,139179.jpg,9213
139212,139213.jpg,303
139233,139234.jpg,4174
139253,139254.jpg,9542
139274,139275.jpg,4924
139290,139291.jpg,8430
139296,139297.jpg,8127
139317,139318.jpg,1956
139325,139326.jpg,9542
139341,139342.jpg,1811
139365,139366.jpg,2225
139370,139371.jpg,1938
139375,139376.jpg,2792
139381,139382.jpg,8722
139385,139386.jpg,7716
139413,139414.jpg,3027
139418,139419.jpg,9023
139429,139430.jpg,9039
139443,139444.jpg,8468
139454,139455.jpg,2296
139472,139473.jpg,6806
139504,139505.jpg,3928
139519,139520.jpg,6532
139520,139521.jpg,1224
139536,139537.jpg,492
139554,139555.jpg,32
139556,139557.jpg,3696
139578,139579.jpg,3862
139579,139580.jpg,3055
139598,139599.jpg,4934
139604,139605.jpg,1938
139615,139616.jpg,4521
139616,139617.jpg,1603
139618,139619.jpg,14
139625,139626.jpg,6704
139631,139632.jpg,6100
139643,139644.jpg,1844
139650,139651.jpg,3383
139651,139652.jpg,5242
139659,139660.jpg,1025
139661,139662.jpg,9542
139663,139664.jpg,2334
139681,139682.jpg,6802
139683,139684.jpg,1585
139689,139690.jpg,5765
139697,139698.jpg,2464
139709,139710.jpg,7786
139722,139723.jpg,987
139751,139752.jpg,6429
139756,139757.jpg,7786
139763,139764.jpg,6624
139792,139793.jpg,10071
139795,139796.jpg,4554
139798,139799.jpg,5896
139818,139819.jpg,6429
139825,139826.jpg,6565
139832,139833.jpg,2792
139838,139839.jpg,2463
139858,139859.jpg,5221
139873,139874.jpg,993
139877,139878.jpg,2136
139895,139896.jpg,2429
139897,139898.jpg,6351
139906,139907.jpg,2134
139911,139912.jpg,32
139914,139915.jpg,7743
139925,139926.jpg,10135
139930,139931.jpg,2235
139946,139947.jpg,2225
139970,139971.jpg,4521
139989,139990.jpg,6986
140006,140007.jpg,2263
140016,140017.jpg,4532
140018,140019.jpg,6546
140019,140020.jpg,2006
140021,140022.jpg,2019
140028,140029.jpg,4934
140031,140032.jpg,4842
140048,140049.jpg,6351
140049,140050.jpg,2433
140068,140069.jpg,7320
140075,140076.jpg,7516
140084,140085.jpg,5135
140124,140125.jpg,2643
140127,140128.jpg,1011
140128,140129.jpg,8944
140139,140140.jpg,8944
140143,140144.jpg,1011
140154,140155.jpg,1956
140155,140156.jpg,4825
140171,140172.jpg,4334
140186,140187.jpg,4720
140190,140191.jpg,32
140192,140193.jpg,2124
140197,140198.jpg,4357
140200,140201.jpg,6548
140250,140251.jpg,3431
140254,140255.jpg,8831
140270,140271.jpg,147
140283,140284.jpg,2334
140296,140297.jpg,4547
140324,140325.jpg,7238
140327,140328.jpg,5519
140355,140356.jpg,8286
140365,140366.jpg,8817
140373,140374.jpg,3148
140384,140385.jpg,8663
140394,140395.jpg,2311
140399,140400.jpg,8932
140403,140404.jpg,1180
140404,140405.jpg,9213
140406,140407.jpg,69
140430,140431.jpg,4814
140434,140435.jpg,4511
140478,140479.jpg,8947
140480,140481.jpg,9026
140488,140489.jpg,6012
140490,140491.jpg,4562
140492,140493.jpg,2914
140503,140504.jpg,3127
140504,140505.jpg,9211
140510,140511.jpg,6603
140511,140512.jpg,3480
140516,140517.jpg,5428
140518,140519.jpg,5018
140519,140520.jpg,632
140529,140530.jpg,9700
140569,140570.jpg,4811
140584,140585.jpg,951
140615,140616.jpg,1137
140618,140619.jpg,9084
140624,140625.jpg,14
140627,140628.jpg,2522
140633,140634.jpg,1938
140645,140646.jpg,2406
140650,140651.jpg,8440
140664,140665.jpg,8521
140740,140741.jpg,2429
140743,140744.jpg,8521
140748,140749.jpg,2930
140791,140792.jpg,1180
140797,140798.jpg,2996
140801,140802.jpg,4334
140819,140820.jpg,9401
140822,140823.jpg,1711
140844,140845.jpg,951
140862,140863.jpg,1303
140867,140868.jpg,6044
140914,140915.jpg,3875
140920,140921.jpg,9830
140929,140930.jpg,4220
140933,140934.jpg,7881
140934,140935.jpg,2880
140937,140938.jpg,3641
140942,140943.jpg,8286
140949,140950.jpg,5706
140963,140964.jpg,6394
140979,140980.jpg,5341
140982,140983.jpg,17
140994,140995.jpg,8944
141000,141001.jpg,5449
141024,141025.jpg,5706
141028,141029.jpg,1986
141045,141046.jpg,5135
141062,141063.jpg,4913
141065,141066.jpg,2910
141092,141093.jpg,2952
141116,141117.jpg,6546
141133,141134.jpg,3875
141158,141159.jpg,10000
141169,141170.jpg,3620
141180,141181.jpg,6688
141184,141185.jpg,6420
141222,141223.jpg,6746
141233,141234.jpg,3376
141241,141242.jpg,5833
141248,141249.jpg,234
141249,141250.jpg,6044
141250,141251.jpg,9026
141284,141285.jpg,6543
141307,141308.jpg,3010
141325,141326.jpg,5151
141366,141367.jpg,1025
141372,141373.jpg,4255
141390,141391.jpg,8627
141403,141404.jpg,8663
141408,141409.jpg,7524
141416,141417.jpg,4720
141424,141425.jpg,4334
141433,141434.jpg,5263
141443,141444.jpg,6574
141455,141456.jpg,2522
141483,141484.jpg,3853
141500,141501.jpg,9041
141508,141509.jpg,9179
141525,141526.jpg,2097
141562,141563.jpg,1871
141573,141574.jpg,5581
141578,141579.jpg,1936
141585,141586.jpg,8831
141592,141593.jpg,3862
141595,141596.jpg,2124
141598,141599.jpg,9687
141608,141609.jpg,6058
141638,141639.jpg,1956
141641,141642.jpg,3324
141646,141647.jpg,5765
141659,141660.jpg,3862
141674,141675.jpg,5078
141677,141678.jpg,8430
141680,141681.jpg,7516
141695,141696.jpg,8521
141705,141706.jpg,3029
141716,141717.jpg,8627
141717,141718.jpg,4450
141720,141721.jpg,4637
141733,141734.jpg,5318
141740,141741.jpg,2136
141742,141743.jpg,1936
141760,141761.jpg,6420
141770,141771.jpg,6023
141799,141800.jpg,2522
141812,141813.jpg,632
141816,141817.jpg,6565
141837,141838.jpg,1914
141841,141842.jpg,8286
141851,141852.jpg,6989
141853,141854.jpg,3911
141854,141855.jpg,6563
141855,141856.jpg,3696
141858,141859.jpg,9700
141867,141868.jpg,2225
141890,141891.jpg,1137
141959,141960.jpg,2097
141969,141970.jpg,17
141974,141975.jpg,8519
142005,142006.jpg,8127
142012,142013.jpg,9946
142019,142020.jpg,1289
142031,142032.jpg,4099
142033,142034.jpg,3485
142035,142036.jpg,69
142037,142038.jpg,1761
142041,142042.jpg,6562
142048,142049.jpg,2910
142075,142076.jpg,6746
142087,142088.jpg,4891
142100,142101.jpg,3708
142110,142111.jpg,2083
142114,142115.jpg,4190
142115,142116.jpg,8966
142164,142165.jpg,5221
142167,142168.jpg,5428
142191,142192.jpg,1603
142211,142212.jpg,1370
142227,142228.jpg,7178
142229,142230.jpg,4163
142264,142265.jpg,1648
142268,142269.jpg,4554
142281,142282.jpg,6624
142318,142319.jpg,5173
142329,142330.jpg,15
142337,142338.jpg,5247
142339,142340.jpg,3928
142359,142360.jpg,3324
142372,142373.jpg,4236
142381,142382.jpg,8644
142398,142399.jpg,6543
142442,142443.jpg,3376
142452,142453.jpg,6860
142462,142463.jpg,3862
142469,142470.jpg,10000
142472,142473.jpg,7786
142478,142479.jpg,1061
142505,142506.jpg,1944
142517,142518.jpg,9821
142526,142527.jpg,2250
142546,142547.jpg,3641
142553,142554.jpg,5311
142570,142571.jpg,1944
142603,142604.jpg,5140
142625,142626.jpg,2084
142630,142631.jpg,1700
142658,142659.jpg,4498
142672,142673.jpg,8663
142682,142683.jpg,5342
142710,142711.jpg,47
142715,142716.jpg,2006
142742,142743.jpg,6188
142754,142755.jpg,4724
142763,142764.jpg,6110
142790,142791.jpg,6878
142814,142815.jpg,5238
142816,142817.jpg,8932
142819,142820.jpg,7516
142838,142839.jpg,4719
142846,142847.jpg,8878
142849,142850.jpg,7335
142860,142861.jpg,2537
142862,142863.jpg,6036
142872,142873.jpg,4236
142878,142879.jpg,2611
142879,142880.jpg,2464
142883,142884.jpg,8528
142893,142894.jpg,5452
142902,142903.jpg,4357
142907,142908.jpg,4636
142910,142911.jpg,7145
142957,142958.jpg,78
142971,142972.jpg,3052
142987,142988.jpg,8710
143001,143002.jpg,1181
143007,143008.jpg,2914
143015,143016.jpg,2910
143016,143017.jpg,2524
143023,143024.jpg,5086
143046,143047.jpg,1743
143047,143048.jpg,171
143081,143082.jpg,3915
143084,143085.jpg,1938
143092,143093.jpg,8867
143095,143096.jpg,9213
143098,143099.jpg,6214
143102,143103.jpg,4637
143115,143116.jpg,6403
143119,143120.jpg,2522
143125,143126.jpg,6036
143139,143140.jpg,4414
143147,143148.jpg,6420
143160,143161.jpg,1956
143200,143201.jpg,14
143201,143202.jpg,5198
143212,143213.jpg,6624
143285,143286.jpg,8926
143294,143295.jpg,2472
143298,143299.jpg,6036
143307,143308.jpg,2063
143320,143321.jpg,1914
143323,143324.jpg,160
143341,143342.jpg,5479
143343,143344.jpg,5428
143350,143351.jpg,10000
143373,143374.jpg,5151
143408,143409.jpg,8679
143414,143415.jpg,2792
143418,143419.jpg,9119
143420,143421.jpg,1648
143433,143434.jpg,6878
143446,143447.jpg,5449
143451,143452.jpg,7743
143460,143461.jpg,4874
143465,143466.jpg,5142
143501,143502.jpg,6714
143521,143522.jpg,6860
143538,143539.jpg,10044
143543,143544.jpg,6548
143606,143607.jpg,2136
143618,143619.jpg,8127
143622,143623.jpg,9921
143629,143630.jpg,160
143632,143633.jpg,9923
143639,143640.jpg,9687
143644,143645.jpg,10135
143651,143652.jpg,9700
143679,143680.jpg,5532
143680,143681.jpg,2250
143696,143697.jpg,1875
143727,143728.jpg,3911
143728,143729.jpg,2509
143729,143730.jpg,2141
143746,143747.jpg,6860
143748,143749.jpg,8676
143749,143750.jpg,8011
143774,143775.jpg,4251
143803,143804.jpg,2249
143832,143833.jpg,2124
143838,143839.jpg,6555
143839,143840.jpg,147
143848,143849.jpg,4532
143856,143857.jpg,1305
143861,143862.jpg,5866
143867,143868.jpg,2996
143880,143881.jpg,1180
143892,143893.jpg,1305
143895,143896.jpg,4174
143907,143908.jpg,9945
143909,143910.jpg,3324
143921,143922.jpg,3027
143923,143924.jpg,5204
143939,143940.jpg,5386
143940,143941.jpg,6188
143941,143942.jpg,9179
143952,143953.jpg,6012
143963,143964.jpg,951
143964,143965.jpg,1305
143978,143979.jpg,8706
144000,144001.jpg,8867
144010,144011.jpg,3911
144020,144021.jpg,4879
144022,144023.jpg,975
144025,144026.jpg,4924
144095,144096.jpg,2014
144138,144139.jpg,8706
144140,144141.jpg,6152
144164,144165.jpg,9965
144174,144175.jpg,6492
144209,144210.jpg,4099
144223,144224.jpg,6440
144227,144228.jpg,6563
144230,144231.jpg,6718
144236,144237.jpg,5198
144239,144240.jpg,5361
144243,144244.jpg,1370
144259,144260.jpg,10085
144263,144264.jpg,5765
144268,144269.jpg,9965
144269,144270.jpg,9945
144279,144280.jpg,4905
144288,144289.jpg,5765
144299,144300.jpg,8430
144334,144335.jpg,4825
144350,144351.jpg,10044
144353,144354.jpg,6583
144368,144369.jpg,4549
144381,144382.jpg,4975
144383,144384.jpg,7320
144411,144412.jpg,4433
144412,144413.jpg,2522
144425,144426.jpg,1842
144440,144441.jpg,7392
144441,144442.jpg,5198
144448,144449.jpg,4164
144488,144489.jpg,9821
144495,144496.jpg,9119
144504,144505.jpg,9039
144505,144506.jpg,1657
144511,144512.jpg,1875
144517,144518.jpg,6543
144520,144521.jpg,9039
144535,144536.jpg,8676
144539,144540.jpg,2225
144545,144546.jpg,9084
144557,144558.jpg,7755
144566,144567.jpg,9821
144591,144592.jpg,1951
144592,144593.jpg,993
144596,144597.jpg,3055
144619,144620.jpg,10085
144623,144624.jpg,8440
144651,144652.jpg,8817
144655,144656.jpg,8926
144658,144659.jpg,4448
144662,144663.jpg,2574
144672,144673.jpg,2433
144681,144682.jpg,3383
144682,144683.jpg,4521
144686,144687.jpg,5578
144688,144689.jpg,10050
144694,144695.jpg,2416
144707,144708.jpg,3055
144710,144711.jpg,7786
144724,144725.jpg,3400
144752,144753.jpg,59
144764,144765.jpg,8733
144800,144801.jpg,5190
144814,144815.jpg,9945
144822,144823.jpg,6492
144831,144832.jpg,6128
144832,144833.jpg,5532
144845,144846.jpg,5449
144856,144857.jpg,273
144870,144871.jpg,3278
144895,144896.jpg,5202
144899,144900.jpg,1700
144901,144902.jpg,3853
144916,144917.jpg,9687
144920,144921.jpg,987
144931,144932.jpg,5833
144958,144959.jpg,5386
144974,144975.jpg,8468
144984,144985.jpg,2897
144989,144990.jpg,7320
144995,144996.jpg,6188
145016,145017.jpg,8618
145026,145027.jpg,4414
145027,145028.jpg,248
145031,145032.jpg,5386
145034,145035.jpg,6746
145038,145039.jpg,5018
145039,145040.jpg,4450
145042,145043.jpg,248
145054,145055.jpg,9158
145058,145059.jpg,8632
145061,145062.jpg,6702
145067,145068.jpg,2792
145078,145079.jpg,6989
145088,145089.jpg,4521
145106,145107.jpg,5221
145147,145148.jpg,6562
145167,145168.jpg,6665
145201,145202.jpg,8831
145207,145208.jpg,9533
145224,145225.jpg,632
145232,145233.jpg,8618
145257,145258.jpg,6844
145266,145267.jpg,1585
145319,145320.jpg,4070
145320,145321.jpg,3376
145346,145347.jpg,4924
145358,145359.jpg,1589
145366,145367.jpg,3149
145429,145430.jpg,2429
145441,145442.jpg,6543
145445,145446.jpg,5198
145446,145447.jpg,1700
145456,145457.jpg,4027
145470,145471.jpg,8011
145473,145474.jpg,1770
145490,145491.jpg,2225
145491,145492.jpg,6947
145512,145513.jpg,8867
145515,145516.jpg,3029
145521,145522.jpg,9700
145534,145535.jpg,4070
145538,145539.jpg,8831
145542,145543.jpg,2611
145564,145565.jpg,6417
145580,145581.jpg,3480
145593,145594.jpg,1224
145595,145596.jpg,4874
145602,145603.jpg,6492
145609,145610.jpg,2063
145635,145636.jpg,5765
145643,145644.jpg,6585
145646,145647.jpg,1815
145650,145651.jpg,2914
145680,145681.jpg,4251
145699,145700.jpg,47
145701,145702.jpg,7392
145715,145716.jpg,5018
145748,145749.jpg,2464
145755,145756.jpg,5578
145766,145767.jpg,3696
145770,145771.jpg,6947
145782,145783.jpg,78
145788,145789.jpg,2518
145794,145795.jpg,6440
145800,145801.jpg,7119
145806,145807.jpg,3055
145809,145810.jpg,8712
145810,145811.jpg,5479
145812,145813.jpg,9210
145849,145850.jpg,2429
145872,145873.jpg,4905
145886,145887.jpg,2225
145889,145890.jpg,5173
145899,145900.jpg,992
145903,145904.jpg,1603
145907,145908.jpg,5334
145918,145919.jpg,3727
145921,145922.jpg,4027
145927,145928.jpg,3911
145930,145931.jpg,1181
145934,145935.jpg,3478
145943,145944.jpg,2263
145944,145945.jpg,3696
145960,145961.jpg,2445
145987,145988.jpg,3491
146000,146001.jpg,9179
146013,146014.jpg,3708
146015,146016.jpg,4448
146026,146027.jpg,9027
146029,146030.jpg,7524
146032,146033.jpg,4719
146035,146036.jpg,4672
146039,146040.jpg,4251
146040,146041.jpg,5504
146070,146071.jpg,2524
146071,146072.jpg,3478
146085,146086.jpg,8867
146090,146091.jpg,8676
146098,146099.jpg,4255
146100,146101.jpg,5202
146104,146105.jpg,3485
146106,146107.jpg,4697
146124,146125.jpg,2930
146125,146126.jpg,2243
146151,146152.jpg,5101
146158,146159.jpg,5428
146162,146163.jpg,2537
146172,146173.jpg,6792
146183,146184.jpg,4913
146209,146210.jpg,2930
146222,146223.jpg,2130
146223,146224.jpg,8566
146245,146246.jpg,5489
146265,146266.jpg,1474
146266,146267.jpg,8636
146267,146268.jpg,2574
146277,146278.jpg,6058
146279,146280.jpg,9087
146287,146288.jpg,5313
146292,146293.jpg,9084
146321,146322.jpg,3055
146329,146330.jpg,9921
146330,146331.jpg,6704
146334,146335.jpg,2190
146337,146338.jpg,9533
146338,146339.jpg,4473
146354,146355.jpg,2097
146358,146359.jpg,2996
146374,146375.jpg,160
146376,146377.jpg,5342
146377,146378.jpg,2522
146388,146389.jpg,8528
146389,146390.jpg,2311
146411,146412.jpg,4924
146421,146422.jpg,4094
146422,146423.jpg,2509
146436,146437.jpg,6714
146440,146441.jpg,8519
146467,146468.jpg,9027
146474,146475.jpg,6012
146503,146504.jpg,4554
146505,146506.jpg,6546
146508,146509.jpg,3477
146526,146527.jpg,7145
146540,146541.jpg,4163
146544,146545.jpg,5238
146548,146549.jpg,6603
146558,146559.jpg,5386
146565,146566.jpg,5706
146570,146571.jpg,1474
146578,146579.jpg,4174
146609,146610.jpg,2335
146613,146614.jpg,7335
146626,146627.jpg,5532
146631,146632.jpg,5489
146640,146641.jpg,6547
146660,146661.jpg,4719
146665,146666.jpg,7716
146679,146680.jpg,2914
146686,146687.jpg,4543
146690,146691.jpg,2084
146710,146711.jpg,2019
146728,146729.jpg,3383
146733,146734.jpg,2445
146741,146742.jpg,1938
146766,146767.jpg,6555
146777,146778.jpg,9211
146788,146789.jpg,2952
146813,146814.jpg,2249
146851,146852.jpg,2311
146856,146857.jpg,9965
146864,146865.jpg,1854
146868,146869.jpg,4934
146870,146871.jpg,679
146874,146875.jpg,6565
146896,146897.jpg,2516
146914,146915.jpg,8966
146915,146916.jpg,4891
146937,146938.jpg,993
146953,146954.jpg,4163
146954,146955.jpg,9026
146974,146975.jpg,1711
146977,146978.jpg,303
146981,146982.jpg,7145
147006,147007.jpg,1700
147021,147022.jpg,6044
147022,147023.jpg,2235
147026,147027.jpg,1589
147029,147030.jpg,2516
147038,147039.jpg,1938
147040,147041.jpg,6188
147066,147067.jpg,5532
147071,147072.jpg,4549
147080,147081.jpg,14
147096,147097.jpg,5204
147130,147131.jpg,1998
147136,147137.jpg,1585
147151,147152.jpg,5101
147155,147156.jpg,4357
147187,147188.jpg,987
147192,147193.jpg,2952
147193,147194.jpg,7673
147195,147196.jpg,487
147205,147206.jpg,4672
147212,147213.jpg,6188
147228,147229.jpg,22
147234,147235.jpg,6558
147243,147244.jpg,6547
147251,147252.jpg,6562
147274,147275.jpg,6746
147275,147276.jpg,1137
147281,147282.jpg,6128
147283,147284.jpg,5706
147295,147296.jpg,8667
147311,147312.jpg,5489
147315,147316.jpg,8831
147318,147319.jpg,8676
147333,147334.jpg,9965
147363,147364.jpg,8722
147376,147377.jpg,1443
147378,147379.jpg,22
147420,147421.jpg,6394
147436,147437.jpg,1938
147437,147438.jpg,2574
147439,147440.jpg,3569
147448,147449.jpg,22
147449,147450.jpg,4554
147451,147452.jpg,9542
147457,147458.jpg,3376
147460,147461.jpg,1951
147461,147462.jpg,5342
147474,147475.jpg,6449
147477,147478.jpg,2574
147489,147490.jpg,6012
147493,147494.jpg,1181
147511,147512.jpg,5896
147523,147524.jpg,2014
147535,147536.jpg,1270
147542,147543.jpg,6023
147552,147553.jpg,10085
147557,147558.jpg,8380
147558,147559.jpg,5311
147560,147561.jpg,5242
147570,147571.jpg,2643
147574,147575.jpg,6858
147593,147594.jpg,5078
147605,147606.jpg,6547
147607,147608.jpg,9830
147613,147614.jpg,6024
147621,147622.jpg,492
147628,147629.jpg,6563
147639,147640.jpg,492
147640,147641.jpg,2231
147664,147665.jpg,2518
147674,147675.jpg,6443
147676,147677.jpg,8632
147699,147700.jpg,2472
147712,147713.jpg,160
147714,147715.jpg,7673
147731,147732.jpg,4087
147741,147742.jpg,5896
147747,147748.jpg,5391
147759,147760.jpg,5313
147783,147784.jpg,8733
147791,147792.jpg,10071
147803,147804.jpg,5142
147840,147841.jpg,9119
147861,147862.jpg,1585
147864,147865.jpg,3478
147879,147880.jpg,7506
147908,147909.jpg,6420
147923,147924.jpg,5833
147925,147926.jpg,7524
147927,147928.jpg,1956
147933,147934.jpg,6128
147939,147940.jpg,3915
147940,147941.jpg,6928
147961,147962.jpg,2892
147970,147971.jpg,2239
147975,147976.jpg,8521
147987,147988.jpg,4255
147995,147996.jpg,22
148007,148008.jpg,9821
148027,148028.jpg,4805
148037,148038.jpg,5581
148061,148062.jpg,15
148066,148067.jpg,2910
148072,148073.jpg,5238
148073,148074.jpg,8127
148136,148137.jpg,2524
148150,148151.jpg,171
148179,148180.jpg,1842
148189,148190.jpg,9039
148211,148212.jpg,6555
148232,148233.jpg,8627
148243,148244.jpg,3727
148250,148251.jpg,59
148258,148259.jpg,2084
148278,148279.jpg,6300
148280,148281.jpg,4070
148285,148286.jpg,5173
148291,148292.jpg,4236
148306,148307.jpg,4720
148319,148320.jpg,9533
148346,148347.jpg,5833
148364,148365.jpg,6844
148366,148367.jpg,6792
148377,148378.jpg,2463
148384,148385.jpg,9830
148401,148402.jpg,5173
148406,148407.jpg,8944
148411,148412.jpg,7209
148420,148421.jpg,2537
148424,148425.jpg,2097
148435,148436.jpg,1842
148453,148454.jpg,7335
148465,148466.jpg,10093
148469,148470.jpg,7335
148479,148480.jpg,4805
148506,148507.jpg,2063
148507,148508.jpg,1951
148509,148510.jpg,2433
148540,148541.jpg,8667
148548,148549.jpg,8286
148554,148555.jpg,4190
148558,148559.jpg,4473
148592,148593.jpg,6702
148598,148599.jpg,6894
148603,148604.jpg,5086
148621,148622.jpg,4554
148626,148627.jpg,1137
148640,148641.jpg,6576
148659,148660.jpg,2883
148673,148674.jpg,5732
148684,148685.jpg,6492
148686,148687.jpg,4293
148700,148701.jpg,171
148704,148705.jpg,8519
148707,148708.jpg,1224
148713,148714.jpg,8380
148725,148726.jpg,2574
148747,148748.jpg,6351
148756,148757.jpg,8127
148758,148759.jpg,8566
148770,148771.jpg,8626
148773,148774.jpg,6300
148775,148776.jpg,4842
148776,148777.jpg,4014
148781,148782.jpg,3648
148788,148789.jpg,4521
148803,148804.jpg,8831
148806,148807.jpg,9087
148863,148864.jpg,1051
148900,148901.jpg,7178
148905,148906.jpg,5361
148914,148915.jpg,632
148951,148952.jpg,8380
148958,148959.jpg,22
148965,148966.jpg,3915
148971,148972.jpg,1951
148977,148978.jpg,2084
148989,148990.jpg,1815
148990,148991.jpg,5198
149017,149018.jpg,8742
149019,149020.jpg,1289
149033,149034.jpg,3896
149046,149047.jpg,2249
149069,149070.jpg,6714
149070,149071.jpg,3027
149081,149082.jpg,2429
149105,149106.jpg,1929
149112,149113.jpg,9027
149114,149115.jpg,8566
149125,149126.jpg,15
149152,149153.jpg,3491
149181,149182.jpg,6058
149189,149190.jpg,9183
149213,149214.jpg,1272
149240,149241.jpg,8712
149241,149242.jpg,5386
149256,149257.jpg,4562
149272,149273.jpg,5342
149273,149274.jpg,9211
149282,149283.jpg,5173
149297,149298.jpg,5342
149307,149308.jpg,10050
149316,149317.jpg,2225
149329,149330.jpg,4547
149331,149332.jpg,2084
149341,149342.jpg,3620
149363,149364.jpg,6547
149384,149385.jpg,7716
149389,149390.jpg,2006
149405,149406.jpg,2335
149411,149412.jpg,7881
149426,149427.jpg,1589
149427,149428.jpg,1443
149433,149434.jpg,951
149441,149442.jpg,6100
149448,149449.jpg,6860
149462,149463.jpg,47
149468,149469.jpg,5153
149476,149477.jpg,2892
149515,149516.jpg,1589
149520,149521.jpg,248
149551,149552.jpg,4562
149577,149578.jpg,4697
149584,149585.jpg,8722
149587,149588.jpg,2072
149642,149643.jpg,5532
149658,149659.jpg,2516
149675,149676.jpg,3862
149678,149679.jpg,1875
149694,149695.jpg,3383
149724,149725.jpg,6681
149735,149736.jpg,4070
149739,149740.jpg,2296
149755,149756.jpg,3149
149768,149769.jpg,1875
149771,149772.jpg,5151
149772,149773.jpg,1871
149805,149806.jpg,3477
149809,149810.jpg,6555
149811,149812.jpg,6565
149814,149815.jpg,10093
149815,149816.jpg,7320
149818,149819.jpg,2910
149819,149820.jpg,5386
149835,149836.jpg,5263
149860,149861.jpg,6417
149863,149864.jpg,1061
149873,149874.jpg,6429
149906,149907.jpg,5135
149914,149915.jpg,1743
149931,149932.jpg,5428
149935,149936.jpg,4521
149944,149945.jpg,5204
149989,149990.jpg,7145
149995,149996.jpg,6110
149999,150000.jpg,248
150011,150012.jpg,4955
150025,150026.jpg,2295
150076,150077.jpg,5078
150085,150086.jpg,8286
150132,150133.jpg,1051
150134,150135.jpg,4255
150139,150140.jpg,9700
150152,150153.jpg,3148
150168,150169.jpg,5078
150183,150184.jpg,8632
150188,150189.jpg,5190
150203,150204.jpg,7119
150210,150211.jpg,6058
150220,150221.jpg,8831
150277,150278.jpg,1370
150295,150296.jpg,3727
150296,150297.jpg,5342
150321,150322.jpg,2117
150325,150326.jpg,6188
150326,150327.jpg,3485
150340,150341.jpg,6894
150359,150360.jpg,2083
150367,150368.jpg,5086
150373,150374.jpg,6665
150376,150377.jpg,2445
150390,150391.jpg,6576
150410,150411.jpg,1272
150415,150416.jpg,5263
150427,150428.jpg,8722
150428,150429.jpg,6443
150435,150436.jpg,4070
150441,150442.jpg,5341
150445,150446.jpg,6012
150446,150447.jpg,6563
150463,150464.jpg,142
150468,150469.jpg,2239
150476,150477.jpg,1914
150480,150481.jpg,3027
150488,150489.jpg,6547
150506,150507.jpg,6394
150521,150522.jpg,3623
150526,150527.jpg,1137
150530,150531.jpg,8706
150545,150546.jpg,3278
150556,150557.jpg,10044
150561,150562.jpg,487
150564,150565.jpg,8440
150599,150600.jpg,8867
150602,150603.jpg,975
150631,150632.jpg,8932
150671,150672.jpg,4975
150675,150676.jpg,5092
150679,150680.jpg,5732
150700,150701.jpg,5313
150712,150713.jpg,10093
150715,150716.jpg,7755
150719,150720.jpg,3853
150726,150727.jpg,4094
150733,150734.jpg,6563
150747,150748.jpg,8072
150773,150774.jpg,2117
150774,150775.jpg,1272
150788,150789.jpg,8632
150803,150804.jpg,6394
150805,150806.jpg,9184
150808,150809.jpg,7178
150839,150840.jpg,6704
150865,150866.jpg,4236
150867,150868.jpg,5018
150889,150890.jpg,6023
150899,150900.jpg,5190
150910,150911.jpg,1181
150911,150912.jpg,7716
150933,150934.jpg,2263
150939,150940.jpg,1761
150961,150962.jpg,9533
150968,150969.jpg,6878
150972,150973.jpg,7881
150977,150978.jpg,992
150978,150979.jpg,9700
150997,150998.jpg,1914
151064,151065.jpg,10000
151068,151069.jpg,6036
151081,151082.jpg,6585
151111,151112.jpg,5101
151115,151116.jpg,2239
151118,151119.jpg,5489
151143,151144.jpg,171
151160,151161.jpg,1743
151166,151167.jpg,2892
151172,151173.jpg,303
151175,151176.jpg,7786
151193,151194.jpg,6858
151203,151204.jpg,5341
151204,151205.jpg,1657
151209,151210.jpg,8878
151215,151216.jpg,1711
151224,151225.jpg,6688
151254,151255.jpg,6665
151264,151265.jpg,2537
151296,151297.jpg,3847
151309,151310.jpg,7786
151310,151311.jpg,6100
151313,151314.jpg,2443
151322,151323.jpg,5101
151331,151332.jpg,2570
151332,151333.jpg,8710
151335,151336.jpg,59
151336,151337.jpg,9401
151344,151345.jpg,9542
151355,151356.jpg,2570
151362,151363.jpg,5221
151364,151365.jpg,6989
151372,151373.jpg,987
151393,151394.jpg,8712
151408,151409.jpg,679
151410,151411.jpg,8817
151436,151437.jpg,4547
151439,151440.jpg,8380
151472,151473.jpg,4164
151517,151518.jpg,3027
151530,151531.jpg,3010
151558,151559.jpg,993
151560,151561.jpg,6576
151561,151562.jpg,5198
151579,151580.jpg,2472
151597,151598.jpg,2518
151607,151608.jpg,7335
151610,151611.jpg,4258
151614,151615.jpg,6714
151625,151626.jpg,3875
151630,151631.jpg,2930
151631,151632.jpg,1700
151647,151648.jpg,5238
151665,151666.jpg,4720
151669,151670.jpg,2130
151673,151674.jpg,9830
151676,151677.jpg,5896
151686,151687.jpg,1700
151703,151704.jpg,7335
151706,151707.jpg,5581
151717,151718.jpg,6691
151720,151721.jpg,2097
151726,151727.jpg,7673
151728,151729.jpg,2083
151747,151748.jpg,1272
151755,151756.jpg,4251
151762,151763.jpg,4190
151779,151780.jpg,4842
151797,151798.jpg,9026
151801,151802.jpg,4258
151805,151806.jpg,7178
151806,151807.jpg,5151
151811,151812.jpg,4258
151815,151816.jpg,2464
151822,151823.jpg,5092
151827,151828.jpg,3029
151844,151845.jpg,2897
151857,151858.jpg,2239
151874,151875.jpg,2509
151897,151898.jpg,1936
151926,151927.jpg,6012
151932,151933.jpg,918
151934,151935.jpg,6585
151938,151939.jpg,2263
151946,151947.jpg,4258
151960,151961.jpg,5235
151968,151969.jpg,5247
151986,151987.jpg,6058
151995,151996.jpg,32
152025,152026.jpg,3648
152063,152064.jpg,8966
152069,152070.jpg,6547
152091,152092.jpg,8722
152098,152099.jpg,1854
152112,152113.jpg,3915
152116,152117.jpg,6300
152122,152123.jpg,4547
152126,152127.jpg,2332
152147,152148.jpg,3623
152157,152158.jpg,3696
152210,152211.jpg,4087
152223,152224.jpg,3376
152225,152226.jpg,9084
152247,152248.jpg,3324
152266,152267.jpg,6012
152288,152289.jpg,6704
152291,152292.jpg,2249
152293,152294.jpg,2083
152295,152296.jpg,6012
152305,152306.jpg,975
152309,152310.jpg,1711
152325,152326.jpg,8944
152352,152353.jpg,6576
152366,152367.jpg,4543
152390,152391.jpg,4258
152393,152394.jpg,9026
152402,152403.jpg,6420
152408,152409.jpg,2516
152417,152418.jpg,5896
152418,152419.jpg,6718
152429,152430.jpg,6844
152430,152431.jpg,2083
152433,152434.jpg,4913
152447,152448.jpg,6574
152453,152454.jpg,7294
152476,152477.jpg,8072
152489,152490.jpg,4975
152494,152495.jpg,2611
152557,152558.jpg,47
152559,152560.jpg,4825
152565,152566.jpg,4636
152569,152570.jpg,8528
152570,152571.jpg,5428
152582,152583.jpg,8380
152591,152592.jpg,2117
152599,152600.jpg,5238
152604,152605.jpg,9401
152634,152635.jpg,6024
152646,152647.jpg,7178
152668,152669.jpg,4842
152685,152686.jpg,6681
152750,152751.jpg,8710
152751,152752.jpg,147
152770,152771.jpg,3730
152775,152776.jpg,1224
152787,152788.jpg,1383
152820,152821.jpg,9946
152829,152830.jpg,4334
152830,152831.jpg,5578
152844,152845.jpg,7320
152901,152902.jpg,3383
152909,152910.jpg,6546
152915,152916.jpg,5334
152920,152921.jpg,6443
152922,152923.jpg,1560
152936,152937.jpg,273
152942,152943.jpg,9830
152944,152945.jpg,2611
152945,152946.jpg,1914
152951,152952.jpg,6562
152955,152956.jpg,492
152966,152967.jpg,4637
152997,152998.jpg,3431
153043,153044.jpg,7013
153044,153045.jpg,2190
153055,153056.jpg,3278
153067,153068.jpg,9821
153085,153086.jpg,1956
153086,153087.jpg,9158
153105,153106.jpg,2443
153120,153121.jpg,8706
153152,153153.jpg,78
153155,153156.jpg,4891
153158,153159.jpg,4163
153179,153180.jpg,4258
153210,153211.jpg,6568
153227,153228.jpg,4975
153234,153235.jpg,5242
153235,153236.jpg,8878
153246,153247.jpg,10071
153256,153257.jpg,10085
153260,153261.jpg,4014
153272,153273.jpg,4164
153290,153291.jpg,1061
153335,153336.jpg,1362
153343,153344.jpg,1272
153362,153363.jpg,4719
153369,153370.jpg,6585
153376,153377.jpg,1383
153395,153396.jpg,1025
153400,153401.jpg,6583
153416,153417.jpg,2509
153449,153450.jpg,7294
153459,153460.jpg,6351
153460,153461.jpg,6110
153469,153470.jpg,3485
153476,153477.jpg,8947
153480,153481.jpg,1305
153486,153487.jpg,9183
153504,153505.jpg,6624
153534,153535.jpg,3480
153539,153540.jpg,5263
153550,153551.jpg,8468
153558,153559.jpg,6691
153561,153562.jpg,5263
153577,153578.jpg,2332
153590,153591.jpg,5318
153596,153597.jpg,5452
153602,153603.jpg,8626
153603,153604.jpg,8286
153605,153606.jpg,3278
153651,153652.jpg,4697
153652,153653.jpg,4532
153680,153681.jpg,4874
153719,153720.jpg,679
153727,153728.jpg,3383
153740,153741.jpg,8011
153757,153758.jpg,2897
153759,153760.jpg,5428
153760,153761.jpg,9687
153774,153775.jpg,7426
153775,153776.jpg,9158
153780,153781.jpg,1362
153802,153803.jpg,1770
153816,153817.jpg,10050
153846,153847.jpg,3478
153848,153849.jpg,3569
153850,153851.jpg,8072
153871,153872.jpg,1305
153878,153879.jpg,6681
153889,153890.jpg,3915
153904,153905.jpg,2190
153907,153908.jpg,10050
153918,153919.jpg,2097
153921,153922.jpg,2141
153937,153938.jpg,4724
153939,153940.jpg,2883
153948,153949.jpg,9084
153960,153961.jpg,6688
153961,153962.jpg,1815
154004,154005.jpg,5581
154029,154030.jpg,1956
154039,154040.jpg,6562
154042,154043.jpg,4498
154047,154048.jpg,6036
154049,154050.jpg,4720
154070,154071.jpg,4547
154084,154085.jpg,6574
154090,154091.jpg,2443
154091,154092.jpg,2643
154092,154093.jpg,4334
154107,154108.jpg,6878
154112,154113.jpg,3701
154133,154134.jpg,7392
154138,154139.jpg,394
154141,154142.jpg,5151
154165,154166.jpg,5489
154173,154174.jpg,1181
154177,154178.jpg,21
154193,154194.jpg,8860
154222,154223.jpg,2897
154226,154227.jpg,5263
154236,154237.jpg,5092
154250,154251.jpg,5078
154260,154261.jpg,394
154281,154282.jpg,2134
154289,154290.jpg,8679
154292,154293.jpg,248
154294,154295.jpg,2996
154319,154320.jpg,2296
154330,154331.jpg,7013
154334,154335.jpg,1289
154373,154374.jpg,2335
154378,154379.jpg,3029
154379,154380.jpg,2311
154384,154385.jpg,1303
154386,154387.jpg,1854
154394,154395.jpg,918
154410,154411.jpg,8072
154418,154419.jpg,2445
154425,154426.jpg,7119
154426,154427.jpg,3911
154437,154438.jpg,6811
154452,154453.jpg,4720
154462,154463.jpg,3960
154463,154464.jpg,1700
154500,154501.jpg,6024
154513,154514.jpg,4562
154528,154529.jpg,5202
154542,154543.jpg,1947
154557,154558.jpg,17
154560,154561.jpg,5479
154562,154563.jpg,78
154569,154570.jpg,10050
154572,154573.jpg,4719
154643,154644.jpg,3730
154660,154661.jpg,6543
154667,154668.jpg,8011
154672,154673.jpg,2332
154675,154676.jpg,6152
154686,154687.jpg,2225
154689,154690.jpg,8430
154693,154694.jpg,4697
154710,154711.jpg,5732
154711,154712.jpg,5190
154712,154713.jpg,9401
154721,154722.jpg,8460
154743,154744.jpg,2897
154783,154784.jpg,8072
154792,154793.jpg,22
154794,154795.jpg,1270
154817,154818.jpg,4913
154823,154824.jpg,5198
154831,154832.jpg,8663
154857,154858.jpg,5140
154861,154862.jpg,5135
154873,154874.jpg,8947
154895,154896.jpg,7516
154896,154897.jpg,4448
154913,154914.jpg,2250
154916,154917.jpg,2231
154926,154927.jpg,2097
154937,154938.jpg,147
154950,154951.jpg,6128
154957,154958.jpg,2335
155000,155001.jpg,3491
155015,155016.jpg,2063
155025,155026.jpg,7209
155043,155044.jpg,7524
155047,155048.jpg,8742
155053,155054.jpg,2892
155058,155059.jpg,6844
155072,155073.jpg,7524
155077,155078.jpg,3896
155078,155079.jpg,8679
155081,155082.jpg,2084
155084,155085.jpg,6568
155086,155087.jpg,9945
155112,155113.jpg,3052
155125,155126.jpg,3862
155142,155143.jpg,2141
155174,155175.jpg,7178
155209,155210.jpg,7881
155231,155232.jpg,3896
155235,155236.jpg,9027
155246,155247.jpg,3623
155251,155252.jpg,6044
155260,155261.jpg,6603
155269,155270.jpg,1761
155284,155285.jpg,4448
155308,155309.jpg,9821
155321,155322.jpg,6665
155327,155328.jpg,1603
155349,155350.jpg,9210
155371,155372.jpg,5386
155374,155375.jpg,6420
155378,155379.jpg,6024
155391,155392.jpg,5341
155392,155393.jpg,1370
155401,155402.jpg,4532
155403,155404.jpg,2296
155416,155417.jpg,3620
155421,155422.jpg,3730
155424,155425.jpg,7320
155427,155428.jpg,6746
155428,155429.jpg,3010
155437,155438.jpg,2429
155461,155462.jpg,4955
155487,155488.jpg,1370
155493,155494.jpg,1061
155509,155510.jpg,8626
155512,155513.jpg,4448
155525,155526.jpg,6688
155541,155542.jpg,6725
155554,155555.jpg,6860
155563,155564.jpg,3648
155580,155581.jpg,4251
155585,155586.jpg,8932
155590,155591.jpg,5578
155598,155599.jpg,7506
155599,155600.jpg,2472
155619,155620.jpg,9119
155635,155636.jpg,3696
155672,155673.jpg,5341
155680,155681.jpg,2892
155690,155691.jpg,2235
155696,155697.jpg,1011
155697,155698.jpg,1305
155701,155702.jpg,8460
155706,155707.jpg,248
155712,155713.jpg,7516
155734,155735.jpg,9119
155737,155738.jpg,4220
155744,155745.jpg,4547
155756,155757.jpg,9401
155759,155760.jpg,1051
155764,155765.jpg,2349
155798,155799.jpg,6417
155813,155814.jpg,6036
155817,155818.jpg,1443
155823,155824.jpg,8796
155832,155833.jpg,3149
155834,155835.jpg,6802
155839,155840.jpg,8644
155863,155864.jpg,6792
155867,155868.jpg,2897
155868,155869.jpg,6858
155869,155870.jpg,6894
155885,155886.jpg,2084
155889,155890.jpg,2897
155905,155906.jpg,1180
155909,155910.jpg,1770
155914,155915.jpg,6691
155932,155933.jpg,1648
155935,155936.jpg,4934
155974,155975.jpg,2433
155999,156000.jpg,8796
156014,156015.jpg,3478
156022,156023.jpg,3623
156048,156049.jpg,6844
156058,156059.jpg,8618
156063,156064.jpg,3010
156077,156078.jpg,8966
156083,156084.jpg,8562
156089,156090.jpg,9026
156092,156093.jpg,6023
156093,156094.jpg,7392
156094,156095.jpg,1051
156132,156133.jpg,6300
156139,156140.jpg,5765
156143,156144.jpg,8072
156147,156148.jpg,21
156163,156164.jpg,6624
156177,156178.jpg,248
156192,156193.jpg,4220
156194,156195.jpg,5078
156197,156198.jpg,8528
156216,156217.jpg,8817
156217,156218.jpg,4099
156221,156222.jpg,1743
156226,156227.jpg,8878
156256,156257.jpg,2406
156271,156272.jpg,3862
156274,156275.jpg,2406
156294,156295.jpg,394
156310,156311.jpg,4905
156312,156313.jpg,4891
156313,156314.jpg,9830
156332,156333.jpg,4190
156344,156345.jpg,6574
156389,156390.jpg,6568
156397,156398.jpg,6300
156420,156421.jpg,9830
156431,156432.jpg,9158
156473,156474.jpg,8528
156481,156482.jpg,4164
156497,156498.jpg,78
156507,156508.jpg,679
156522,156523.jpg,9401
156535,156536.jpg,6704
156543,156544.jpg,10044
156546,156547.jpg,3862
156554,156555.jpg,9533
156563,156564.jpg,7145
156566,156567.jpg,8706
156582,156583.jpg,2006
156660,156661.jpg,6576
156675,156676.jpg,9945
156692,156693.jpg,9401
156702,156703.jpg,8926
156725,156726.jpg,2406
156736,156737.jpg,6546
156749,156750.jpg,3623
156751,156752.jpg,4842
156753,156754.jpg,6563
156786,156787.jpg,9542
156792,156793.jpg,1137
156801,156802.jpg,8831
156822,156823.jpg,5311
156828,156829.jpg,9213
156832,156833.jpg,2334
156836,156837.jpg,1998
156845,156846.jpg,5142
156860,156861.jpg,4637
156863,156864.jpg,160
156891,156892.jpg,1986
156904,156905.jpg,4099
156912,156913.jpg,4450
156932,156933.jpg,3727
156941,156942.jpg,3130
156944,156945.jpg,2892
156949,156950.jpg,5479
156953,156954.jpg,6546
156954,156955.jpg,3478
156962,156963.jpg,9700
156977,156978.jpg,4562
156979,156980.jpg,1854
157011,157012.jpg,6420
157028,157029.jpg,9027
157029,157030.jpg,5313
157032,157033.jpg,9027
157034,157035.jpg,6214
157043,157044.jpg,8676
157047,157048.jpg,5504
157075,157076.jpg,1362
157090,157091.jpg,4255
157098,157099.jpg,4955
157099,157100.jpg,7335
157103,157104.jpg,6044
157119,157120.jpg,993
157127,157128.jpg,4697
157136,157137.jpg,1585
157146,157147.jpg,1303
157147,157148.jpg,6681
157168,157169.jpg,5578
157180,157181.jpg,5765
157203,157204.jpg,5101
157204,157205.jpg,9945
157208,157209.jpg,5519
157212,157213.jpg,6806
157213,157214.jpg,3569
157234,157235.jpg,8860
157301,157302.jpg,3148
157302,157303.jpg,2464
157306,157307.jpg,4293
157307,157308.jpg,2416
157316,157317.jpg,3324
157317,157318.jpg,2574
157318,157319.jpg,2084
157321,157322.jpg,2006
157324,157325.jpg,9533
157362,157363.jpg,10135
157370,157371.jpg,8812
157376,157377.jpg,5311
157395,157396.jpg,5341
157397,157398.jpg,8712
157407,157408.jpg,2134
157434,157435.jpg,2883
157450,157451.jpg,8706
157463,157464.jpg,6420
157465,157466.jpg,4099
157475,157476.jpg,5313
157490,157491.jpg,4094
157494,157495.jpg,8663
157495,157496.jpg,6947
157501,157502.jpg,5866
157539,157540.jpg,8663
157563,157564.jpg,2416
157592,157593.jpg,5519
157609,157610.jpg,6532
157610,157611.jpg,6403
157656,157657.jpg,6811
157660,157661.jpg,8817
157661,157662.jpg,5504
157688,157689.jpg,2433
157720,157721.jpg,5391
157731,157732.jpg,6300
157751,157752.jpg,975
157767,157768.jpg,7673
157778,157779.jpg,7119
157784,157785.jpg,6691
157828,157829.jpg,6725
157892,157893.jpg,1815
157913,157914.jpg,3730
157920,157921.jpg,1770
157922,157923.jpg,632
157927,157928.jpg,10085
157952,157953.jpg,4174
157958,157959.jpg,4955
157959,157960.jpg,4905
157967,157968.jpg,7119
157994,157995.jpg,5202
157996,157997.jpg,6576
157999,158000.jpg,147
158001,158002.jpg,1770
158008,158009.jpg,8733
158011,158012.jpg,6417
158013,158014.jpg,7743
158019,158020.jpg,951
158022,158023.jpg,273
158030,158031.jpg,1224
158033,158034.jpg,8706
158041,158042.jpg,2097
158066,158067.jpg,8566
158071,158072.jpg,6188
158074,158075.jpg,2892
158084,158085.jpg,6565
158098,158099.jpg,1443
158111,158112.jpg,7145
158131,158132.jpg,5341
158132,158133.jpg,4255
158137,158138.jpg,2349
158143,158144.jpg,2124
158148,158149.jpg,2249
158152,158153.jpg,3911
158155,158156.jpg,2332
158174,158175.jpg,2250
158176,158177.jpg,2416
158181,158182.jpg,1854
158183,158184.jpg,9084
158211,158212.jpg,6440
158216,158217.jpg,2792
158266,158267.jpg,3130
158275,158276.jpg,5235
158284,158285.jpg,6023
158320,158321.jpg,4293
158327,158328.jpg,5092
158330,158331.jpg,6718
158386,158387.jpg,8812
158397,158398.jpg,4934
158402,158403.jpg,492
158405,158406.jpg,3847
158413,158414.jpg,2332
158423,158424.jpg,3959
158443,158444.jpg,2231
158465,158466.jpg,4521
158476,158477.jpg,14
158483,158484.jpg,4070
158489,158490.jpg,3730
158490,158491.jpg,1875
158495,158496.jpg,4554
158533,158534.jpg,6548
158535,158536.jpg,59
158536,158537.jpg,3911
158548,158549.jpg,1288
158551,158552.jpg,6704
158558,158559.jpg,6449
158574,158575.jpg,10050
158582,158583.jpg,9830
158587,158588.jpg,2892
158607,158608.jpg,1743
158618,158619.jpg,918
158620,158621.jpg,2190
158633,158634.jpg,4433
158639,158640.jpg,975
158650,158651.jpg,3027
158662,158663.jpg,6420
158670,158671.jpg,6928
158680,158681.jpg,6806
158686,158687.jpg,4162
158687,158688.jpg,2225
158700,158701.jpg,3148
158701,158702.jpg,1936
158708,158709.jpg,4543
158714,158715.jpg,6746
158717,158718.jpg,10135
158727,158728.jpg,6403
158735,158736.jpg,6562
158750,158751.jpg,6562
158755,158756.jpg,6802
158757,158758.jpg,9184
158765,158766.jpg,5581
158766,158767.jpg,2463
158771,158772.jpg,2334
158791,158792.jpg,6443
158799,158800.jpg,5242
158810,158811.jpg,4891
158824,158825.jpg,6546
158830,158831.jpg,3010
158833,158834.jpg,2072
158846,158847.jpg,1815
158854,158855.jpg,1560
158855,158856.jpg,2311
158894,158895.jpg,7755
158905,158906.jpg,3847
158907,158908.jpg,3960
158908,158909.jpg,5866
158910,158911.jpg,4164
158913,158914.jpg,10135
158916,158917.jpg,4554
158918,158919.jpg,3847
158931,158932.jpg,4414
158938,158939.jpg,5221
158951,158952.jpg,8528
158967,158968.jpg,7178
158978,158979.jpg,9533
158988,158989.jpg,3522
158999,159000.jpg,9945
159016,159017.jpg,6449
159047,159048.jpg,7392
159055,159056.jpg,6928
159057,159058.jpg,8286
159071,159072.jpg,6714
159072,159073.jpg,8626
159075,159076.jpg,3431
159102,159103.jpg,8380
159103,159104.jpg,4672
159116,159117.jpg,5318
159155,159156.jpg,6585
159184,159185.jpg,8676
159185,159186.jpg,487
159204,159205.jpg,2509
159207,159208.jpg,1272
159213,159214.jpg,1951
159215,159216.jpg,5833
159236,159237.jpg,2006
159268,159269.jpg,8566
159271,159272.jpg,5334
159325,159326.jpg,4087
159326,159327.jpg,992
159330,159331.jpg,4724
159421,159422.jpg,6492
159424,159425.jpg,4924
159425,159426.jpg,8627
159449,159450.jpg,2130
159487,159488.jpg,6803
159506,159507.jpg,7320
159507,159508.jpg,5202
159515,159516.jpg,8679
159523,159524.jpg,6858
159537,159538.jpg,1370
159547,159548.jpg,9087
159548,159549.jpg,4014
159551,159552.jpg,1875
159562,159563.jpg,8440
159565,159566.jpg,2611
159568,159569.jpg,3478
159582,159583.jpg,2570
159587,159588.jpg,6568
159604,159605.jpg,7716
159635,159636.jpg,8667
159643,159644.jpg,8667
159649,159650.jpg,1711
159652,159653.jpg,4433
159661,159662.jpg,4014
159665,159666.jpg,2416
159676,159677.jpg,2524
159681,159682.jpg,1383
159713,159714.jpg,2429
159735,159736.jpg,6574
159740,159741.jpg,9945
159742,159743.jpg,6792
159757,159758.jpg,2117
159785,159786.jpg,6532
159788,159789.jpg,3485
159792,159793.jpg,9213
159798,159799.jpg,1986
159825,159826.jpg,2249
159826,159827.jpg,8286
159833,159834.jpg,4905
159851,159852.jpg,5449
159859,159860.jpg,6100
159863,159864.jpg,9023
159898,159899.jpg,8627
159905,159906.jpg,303
159912,159913.jpg,1815
159936,159937.jpg,4637
159937,159938.jpg,1474
159946,159947.jpg,9700
159992,159993.jpg,2190
159997,159998.jpg,6128
160027,160028.jpg,3896
160030,160031.jpg,15
160037,160038.jpg,4724
160039,160040.jpg,4543
160048,160049.jpg,5732
160057,160058.jpg,6562
160066,160067.jpg,7238
160077,160078.jpg,4879
160094,160095.jpg,4357
160110,160111.jpg,3431
160117,160118.jpg,1929
160124,160125.jpg,7178
160132,160133.jpg,6844
160148,160149.jpg,492
160182,160183.jpg,6585
160193,160194.jpg,5765
160224,160225.jpg,2250
160250,160251.jpg,69
160274,160275.jpg,2141
160280,160281.jpg,3149
160287,160288.jpg,6492
160293,160294.jpg,5291
160311,160312.jpg,2006
160313,160314.jpg,4414
160315,160316.jpg,4450
160354,160355.jpg,4099
160356,160357.jpg,5101
160359,160360.jpg,5313
160366,160367.jpg,2443
160374,160375.jpg,9401
160379,160380.jpg,9921
160425,160426.jpg,2445
160435,160436.jpg,7238
160436,160437.jpg,1585
160441,160442.jpg,1761
160442,160443.jpg,8966
160454,160455.jpg,1560
160457,160458.jpg,4357
160467,160468.jpg,6403
160484,160485.jpg,5334
160529,160530.jpg,4842
160556,160557.jpg,1589
160582,160583.jpg,5504
160584,160585.jpg,6860
160593,160594.jpg,4934
160602,160603.jpg,8566
160612,160613.jpg,7209
160640,160641.jpg,6986
160643,160644.jpg,5018
160654,160655.jpg,5578
160671,160672.jpg,5190
160694,160695.jpg,4414
160698,160699.jpg,9184
160736,160737.jpg,3915
160739,160740.jpg,6806
160746,160747.jpg,487
160772,160773.jpg,32
160784,160785.jpg,4174
160790,160791.jpg,5428
160793,160794.jpg,4163
160798,160799.jpg,3620
160799,160800.jpg,4905
160802,160803.jpg,5519
160809,160810.jpg,4924
160819,160820.jpg,4498
160850,160851.jpg,1657
160868,160869.jpg,3522
160883,160884.jpg,3127
160884,160885.jpg,1842
160888,160889.jpg,8127
160903,160904.jpg,2019
160906,160907.jpg,8932
160908,160909.jpg,1011
160935,160936.jpg,2335
160946,160947.jpg,8072
160947,160948.jpg,1272
160954,160955.jpg,3569
160956,160957.jpg,2643
160961,160962.jpg,2231
160964,160965.jpg,10085
160969,160970.jpg,303
160995,160996.jpg,5135
160996,160997.jpg,3383
161016,161017.jpg,6023
161031,161032.jpg,9542
161037,161038.jpg,6058
161045,161046.jpg,2014
161088,161089.jpg,2117
161094,161095.jpg,9210
161102,161103.jpg,2524
161129,161130.jpg,10050
161145,161146.jpg,6624
161150,161151.jpg,2006
161153,161154.jpg,5489
161164,161165.jpg,9923
161177,161178.jpg,1383
161195,161196.jpg,4094
161200,161201.jpg,22
161209,161210.jpg,1815
161225,161226.jpg,5086
161226,161227.jpg,1370
161229,161230.jpg,2134
161236,161237.jpg,8460
161238,161239.jpg,7673
161243,161244.jpg,4498
161249,161250.jpg,5342
161274,161275.jpg,9830
161278,161279.jpg,4162
161293,161294.jpg,1288
161309,161310.jpg,6806
161318,161319.jpg,3569
161346,161347.jpg,59
161359,161360.jpg,2537
161367,161368.jpg,6792
161368,161369.jpg,4357
161408,161409.jpg,6665
161492,161493.jpg,8867
161507,161508.jpg,5896
161512,161513.jpg,4094
161519,161520.jpg,5452
161528,161529.jpg,4697
161546,161547.jpg,3055
161549,161550.jpg,2231
161579,161580.jpg,3959
161587,161588.jpg,6152
161592,161593.jpg,1362
161595,161596.jpg,4562
161618,161619.jpg,5173
161670,161671.jpg,8722
161702,161703.jpg,1998
161723,161724.jpg,8460
161730,161731.jpg,3896
161732,161733.jpg,6806
161739,161740.jpg,47
161743,161744.jpg,2225
161756,161757.jpg,1272
161805,161806.jpg,1051
161806,161807.jpg,9965
161826,161827.jpg,5173
161872,161873.jpg,9210
161884,161885.jpg,4293
161934,161935.jpg,5833
161956,161957.jpg,4637
161964,161965.jpg,6565
161988,161989.jpg,6986
161993,161994.jpg,9946
162037,162038.jpg,2072
162051,162052.jpg,3522
162059,162060.jpg,10071
162062,162063.jpg,1362
162102,162103.jpg,5313
162103,162104.jpg,4498
162110,162111.jpg,2570
162117,162118.jpg,4094
162123,162124.jpg,9158
162142,162143.jpg,5341
162166,162167.jpg,1944
162168,162169.jpg,2006
162175,162176.jpg,4543
162192,162193.jpg,2518
162201,162202.jpg,3727
162202,162203.jpg,5896
162206,162207.jpg,2952
162207,162208.jpg,1272
162211,162212.jpg,9210
162218,162219.jpg,2643
162273,162274.jpg,6585
162280,162281.jpg,6576
162333,162334.jpg,9039
162346,162347.jpg,6417
162370,162371.jpg,234
162376,162377.jpg,4905
162382,162383.jpg,8710
162387,162388.jpg,8011
162405,162406.jpg,8706
162421,162422.jpg,2239
162423,162424.jpg,4554
162430,162431.jpg,10000
162446,162447.jpg,1560
162461,162462.jpg,5092
162481,162482.jpg,492
162493,162494.jpg,5135
162495,162496.jpg,4547
162498,162499.jpg,2295
162501,162502.jpg,5313
162507,162508.jpg,2242
162513,162514.jpg,7119
162514,162515.jpg,4934
162524,162525.jpg,4448
162545,162546.jpg,9179
162551,162552.jpg,5391
162587,162588.jpg,1181
162591,162592.jpg,6492
162600,162601.jpg,2239
162616,162617.jpg,8011
162617,162618.jpg,4293
162654,162655.jpg,2006
162661,162662.jpg,9039
162676,162677.jpg,6546
162680,162681.jpg,1811
162700,162701.jpg,9211
162765,162766.jpg,4414
162784,162785.jpg,4183
162789,162790.jpg,3315
162798,162799.jpg,3521
162801,162802.jpg,2599
162802,162803.jpg,1293
162811,162812.jpg,3901
162818,162819.jpg,4276
162827,162828.jpg,1395
162851,162852.jpg,3857
162861,162862.jpg,1715
162878,162879.jpg,2981
162887,162888.jpg,2122
162890,162891.jpg,4696
162901,162902.jpg,2034
162903,162904.jpg,2182
162905,162906.jpg,1120
162910,162911.jpg,3782
162912,162913.jpg,1698
162925,162926.jpg,4465
162926,162927.jpg,349
162933,162934.jpg,1927
162954,162955.jpg,3315
162958,162959.jpg,1698
162962,162963.jpg,2348
162972,162973.jpg,1588
162983,162984.jpg,3330
162998,162999.jpg,3782
163023,163024.jpg,365
163025,163026.jpg,4516
163027,163028.jpg,1590
163028,163029.jpg,3782
163037,163038.jpg,3508
163039,163040.jpg,3040
163051,163052.jpg,2599
163058,163059.jpg,4580
163062,163063.jpg,4580
163066,163067.jpg,3059
163085,163086.jpg,1302
163105,163106.jpg,1293
163121,163122.jpg,3330
163124,163125.jpg,3901
163126,163127.jpg,1089
163133,163134.jpg,4213
163142,163143.jpg,3661
163150,163151.jpg,4183
163159,163160.jpg,1293
163169,163170.jpg,4712
163178,163179.jpg,4242
163193,163194.jpg,2122
163204,163205.jpg,365
163226,163227.jpg,1588
163237,163238.jpg,1089
163246,163247.jpg,3901
163251,163252.jpg,2002
163261,163262.jpg,4474
163263,163264.jpg,4861
163264,163265.jpg,1588
163265,163266.jpg,2523
163266,163267.jpg,3661
163269,163270.jpg,3901
163273,163274.jpg,3864
163282,163283.jpg,2182
163287,163288.jpg,1715
163288,163289.jpg,1469
163295,163296.jpg,4516
163311,163312.jpg,2599
163313,163314.jpg,3028
163330,163331.jpg,192
163331,163332.jpg,1346
163351,163352.jpg,1324
163361,163362.jpg,4712
163362,163363.jpg,4696
163364,163365.jpg,2496
163366,163367.jpg,3040
163369,163370.jpg,2246
163391,163392.jpg,3521
163397,163398.jpg,1293
163402,163403.jpg,4242
163413,163414.jpg,192
163425,163426.jpg,1324
163455,163456.jpg,3521
163506,163507.jpg,4183
163508,163509.jpg,365
163519,163520.jpg,2034
163521,163522.jpg,1807
163541,163542.jpg,3330
163553,163554.jpg,1469
163555,163556.jpg,3521
163597,163598.jpg,3864
163604,163605.jpg,3496
163622,163623.jpg,2182
163677,163678.jpg,4276
163679,163680.jpg,3028
163717,163718.jpg,1089
163724,163725.jpg,2167
163742,163743.jpg,1927
163744,163745.jpg,4311
163749,163750.jpg,1807
163760,163761.jpg,1698
163761,163762.jpg,1927
163774,163775.jpg,3315
163781,163782.jpg,4580
163792,163793.jpg,3508
163796,163797.jpg,3496
163811,163812.jpg,1324
163816,163817.jpg,4516
163820,163821.jpg,4213
163826,163827.jpg,1590
163843,163844.jpg,2122
163858,163859.jpg,3496
163863,163864.jpg,2599
163869,163870.jpg,2348
163876,163877.jpg,4465
163879,163880.jpg,1927
163888,163889.jpg,1395
163889,163890.jpg,2167
163901,163902.jpg,1089
163903,163904.jpg,1590
163914,163915.jpg,3315
163915,163916.jpg,4474
163929,163930.jpg,2981
163931,163932.jpg,4311
163934,163935.jpg,1346
163941,163942.jpg,4183
163974,163975.jpg,3864
163980,163981.jpg,349
163990,163991.jpg,2122
163991,163992.jpg,4516
164010,164011.jpg,1927
164014,164015.jpg,2496
164066,164067.jpg,3521
164073,164074.jpg,1544
164081,164082.jpg,3496
164082,164083.jpg,1120
164099,164100.jpg,1698
164109,164110.jpg,1324
164121,164122.jpg,4516
164141,164142.jpg,4276
164146,164147.jpg,1927
164149,164150.jpg,4465
164161,164162.jpg,2779
164165,164166.jpg,2523
164170,164171.jpg,1469
164171,164172.jpg,1590
164173,164174.jpg,2002
164186,164187.jpg,1544
164193,164194.jpg,4311
164199,164200.jpg,2182
164221,164222.jpg,365
164229,164230.jpg,3508
164230,164231.jpg,1588
164232,164233.jpg,3028
164236,164237.jpg,4213
164256,164257.jpg,3117
164268,164269.jpg,3397
164284,164285.jpg,1440
164315,164316.jpg,1120
164341,164342.jpg,3901
164354,164355.jpg,3521
164365,164366.jpg,1588
164370,164371.jpg,3857
164373,164374.jpg,1324
164383,164384.jpg,365
164394,164395.jpg,1544
164405,164406.jpg,3857
164411,164412.jpg,1927
164424,164425.jpg,2779
164441,164442.jpg,1324
164444,164445.jpg,3857
164449,164450.jpg,3508
164451,164452.jpg,3059
164453,164454.jpg,1588
164487,164488.jpg,1293
164494,164495.jpg,1324
164499,164500.jpg,4242
164506,164507.jpg,2599
164519,164520.jpg,1715
164525,164526.jpg,2167
164546,164547.jpg,1302
164549,164550.jpg,1544
164558,164559.jpg,2167
164561,164562.jpg,2523
164570,164571.jpg,2002
164600,164601.jpg,2348
164609,164610.jpg,1715
164621,164622.jpg,1469
164650,164651.jpg,1302
164676,164677.jpg,2034
164680,164681.jpg,1544
164683,164684.jpg,4580
164690,164691.jpg,4276
164693,164694.jpg,2167
164694,164695.jpg,4580
164717,164718.jpg,4474
164729,164730.jpg,2779
164749,164750.jpg,3661
164756,164757.jpg,1395
164789,164790.jpg,4372
164790,164791.jpg,1302
164808,164809.jpg,1715
164809,164810.jpg,3496
164810,164811.jpg,1440
164812,164813.jpg,1927
164840,164841.jpg,1120
164843,164844.jpg,3508
164849,164850.jpg,3661
164858,164859.jpg,2599
164869,164870.jpg,1927
164901,164902.jpg,2779
164913,164914.jpg,2496
164929,164930.jpg,1324
164936,164937.jpg,3028
164937,164938.jpg,3901
164940,164941.jpg,2779
164989,164990.jpg,1590
165009,165010.jpg,3521
165036,165037.jpg,3782
165037,165038.jpg,4458
165039,165040.jpg,2496
165045,165046.jpg,1293
165046,165047.jpg,4516
165048,165049.jpg,2034
165054,165055.jpg,2002
165055,165056.jpg,3864
165061,165062.jpg,3330
165062,165063.jpg,1698
165064,165065.jpg,2523
165067,165068.jpg,2348
165068,165069.jpg,1302
165084,165085.jpg,349
165089,165090.jpg,2523
165107,165108.jpg,1440
165113,165114.jpg,4242
165129,165130.jpg,2523
165146,165147.jpg,1715
165149,165150.jpg,192
165163,165164.jpg,3521
165177,165178.jpg,1346
165186,165187.jpg,2246
165192,165193.jpg,1588
165199,165200.jpg,1715
165200,165201.jpg,3059
165207,165208.jpg,2002
165210,165211.jpg,365
165241,165242.jpg,2122
165260,165261.jpg,3857
165262,165263.jpg,1089
165274,165275.jpg,1590
165281,165282.jpg,2348
165293,165294.jpg,3661
165295,165296.jpg,365
165298,165299.jpg,3521
165311,165312.jpg,3140
165318,165319.jpg,4458
165337,165338.jpg,1324
165350,165351.jpg,2496
165375,165376.jpg,349
165379,165380.jpg,4276
165384,165385.jpg,3901
165389,165390.jpg,4580
165394,165395.jpg,4183
165420,165421.jpg,3117
165436,165437.jpg,4465
165450,165451.jpg,1927
165461,165462.jpg,1415
165483,165484.jpg,1120
165484,165485.jpg,4474
165490,165491.jpg,2182
165503,165504.jpg,2246
165537,165538.jpg,1715
165544,165545.jpg,2779
165546,165547.jpg,2034
165554,165555.jpg,4516
165562,165563.jpg,3901
165576,165577.jpg,2122
165587,165588.jpg,3857
165628,165629.jpg,2122
165629,165630.jpg,2182
165632,165633.jpg,1590
165640,165641.jpg,4372
165641,165642.jpg,3508
165654,165655.jpg,4580
165657,165658.jpg,4372
165685,165686.jpg,1715
165687,165688.jpg,1469
165692,165693.jpg,4242
165699,165700.jpg,192
165708,165709.jpg,3117
165717,165718.jpg,1807
165719,165720.jpg,1324
165723,165724.jpg,4580
165741,165742.jpg,1395
165753,165754.jpg,1544
165756,165757.jpg,1293
165764,165765.jpg,1293
165806,165807.jpg,2034
165857,165858.jpg,3508
165862,165863.jpg,2348
165890,165891.jpg,4861
165894,165895.jpg,2496
165897,165898.jpg,4213
165910,165911.jpg,4276
165912,165913.jpg,1967
165953,165954.jpg,4696
165954,165955.jpg,3140
165955,165956.jpg,4372
165958,165959.jpg,4183
165965,165966.jpg,1588
165989,165990.jpg,1807
165995,165996.jpg,3140
165996,165997.jpg,349
166006,166007.jpg,2182
166012,166013.jpg,1293
166013,166014.jpg,2182
166018,166019.jpg,3857
166021,166022.jpg,3315
166024,166025.jpg,4213
166043,166044.jpg,1469
166052,166053.jpg,4458
166063,166064.jpg,1395
166076,166077.jpg,3028
166091,166092.jpg,1302
166093,166094.jpg,4861
166121,166122.jpg,4242
166122,166123.jpg,1927
166125,166126.jpg,1440
166147,166148.jpg,3040
166161,166162.jpg,4696
166163,166164.jpg,1346
166166,166167.jpg,1415
166184,166185.jpg,2779
166189,166190.jpg,4580
166203,166204.jpg,192
166204,166205.jpg,1590
166210,166211.jpg,4213
166216,166217.jpg,3901
166218,166219.jpg,4276
166221,166222.jpg,4458
166222,166223.jpg,4516
166259,166260.jpg,4276
166273,166274.jpg,2182
166274,166275.jpg,4242
166277,166278.jpg,1967
166302,166303.jpg,4474
166303,166304.jpg,4372
166308,166309.jpg,1395
166312,166313.jpg,4696
166318,166319.jpg,1544
166319,166320.jpg,1590
166340,166341.jpg,3508
166349,166350.jpg,3315
166375,166376.jpg,4474
166377,166378.jpg,1120
166383,166384.jpg,1698
166450,166451.jpg,4696
166453,166454.jpg,3059
166455,166456.jpg,3028
166459,166460.jpg,1927
166464,166465.jpg,4861
166470,166471.jpg,1302
166475,166476.jpg,1395
166487,166488.jpg,3521
166515,166516.jpg,4311
166518,166519.jpg,4242
166538,166539.jpg,1807
166540,166541.jpg,4183
166550,166551.jpg,4465
166564,166565.jpg,2167
166584,166585.jpg,349
166587,166588.jpg,3901
166597,166598.jpg,4276
166598,166599.jpg,1395
166624,166625.jpg,4242
166631,166632.jpg,4712
166642,166643.jpg,1324
166666,166667.jpg,2002
166697,166698.jpg,1807
166703,166704.jpg,2496
166712,166713.jpg,4712
166715,166716.jpg,1927
166717,166718.jpg,2167
166724,166725.jpg,1415
166726,166727.jpg,4311
166728,166729.jpg,1346
166735,166736.jpg,365
166742,166743.jpg,3661
166766,166767.jpg,3028
166771,166772.jpg,1089
166782,166783.jpg,1120
166787,166788.jpg,1440
166795,166796.jpg,4712
166810,166811.jpg,3140
166811,166812.jpg,2002
166831,166832.jpg,4276
166836,166837.jpg,4458
166843,166844.jpg,1807
166849,166850.jpg,4276
166858,166859.jpg,4213
166864,166865.jpg,1967
166885,166886.jpg,2599
166896,166897.jpg,2002
166906,166907.jpg,3508
166912,166913.jpg,3040
166915,166916.jpg,3496
166916,166917.jpg,4276
166937,166938.jpg,1324
166968,166969.jpg,1302
166971,166972.jpg,1346
166982,166983.jpg,1698
166991,166992.jpg,4242
167002,167003.jpg,2246
167015,167016.jpg,1395
167023,167024.jpg,3521
167025,167026.jpg,1089
167045,167046.jpg,1324
167046,167047.jpg,4213
167047,167048.jpg,2496
167057,167058.jpg,3315
167060,167061.jpg,4242
167067,167068.jpg,2599
167073,167074.jpg,1715
167088,167089.jpg,1698
167103,167104.jpg,3397
167108,167109.jpg,3857
167146,167147.jpg,1698
167157,167158.jpg,4474
167158,167159.jpg,3864
167167,167168.jpg,4516
167183,167184.jpg,3140
167187,167188.jpg,2167
167197,167198.jpg,4183
167202,167203.jpg,3521
167215,167216.jpg,4712
167217,167218.jpg,1469
167242,167243.jpg,3330
167247,167248.jpg,2182
167250,167251.jpg,1089
167251,167252.jpg,349
167260,167261.jpg,2122
167288,167289.jpg,4458
167300,167301.jpg,3397
167305,167306.jpg,3397
167310,167311.jpg,3028
167315,167316.jpg,1324
167346,167347.jpg,1544
167353,167354.jpg,4474
167380,167381.jpg,2034
167386,167387.jpg,1395
167390,167391.jpg,4580
167416,167417.jpg,3857
167417,167418.jpg,1807
167431,167432.jpg,1120
167434,167435.jpg,1967
167435,167436.jpg,3315
167455,167456.jpg,1324
167458,167459.jpg,4696
167496,167497.jpg,2002
167514,167515.jpg,4458
167519,167520.jpg,349
167520,167521.jpg,1440
167533,167534.jpg,1544
167542,167543.jpg,1544
167554,167555.jpg,1089
167570,167571.jpg,2167
167573,167574.jpg,4696
167575,167576.jpg,1588
167588,167589.jpg,1807
167622,167623.jpg,365
167639,167640.jpg,4311
167649,167650.jpg,2246
167661,167662.jpg,1588
167666,167667.jpg,2167
167667,167668.jpg,2167
167680,167681.jpg,1715
167707,167708.jpg,1698
167723,167724.jpg,2496
167724,167725.jpg,192
167735,167736.jpg,1588
167740,167741.jpg,4465
167742,167743.jpg,1927
167744,167745.jpg,1440
167746,167747.jpg,2348
167757,167758.jpg,3397
167768,167769.jpg,4712
167772,167773.jpg,1590
167807,167808.jpg,1698
167817,167818.jpg,2122
167840,167841.jpg,4213
167841,167842.jpg,3661
167845,167846.jpg,2599
167859,167860.jpg,2779
167873,167874.jpg,2779
167881,167882.jpg,4474
167897,167898.jpg,4276
167902,167903.jpg,2981
167918,167919.jpg,4465
167928,167929.jpg,4861
167932,167933.jpg,1415
167953,167954.jpg,4183
167962,167963.jpg,4474
167972,167973.jpg,1469
167978,167979.jpg,1715
167988,167989.jpg,3521
167991,167992.jpg,2182
167992,167993.jpg,3901
167995,167996.jpg,4712
167999,168000.jpg,3040
168003,168004.jpg,3040
168004,168005.jpg,2122
168034,168035.jpg,365
168037,168038.jpg,192
168046,168047.jpg,2981
168077,168078.jpg,3508
168079,168080.jpg,3330
168080,168081.jpg,192
168083,168084.jpg,1415
168084,168085.jpg,3315
168087,168088.jpg,1293
168115,168116.jpg,1590
168125,168126.jpg,1967
168127,168128.jpg,2779
168137,168138.jpg,3117
168164,168165.jpg,3140
168165,168166.jpg,1293
168168,168169.jpg,1089
168174,168175.jpg,2122
168176,168177.jpg,2981
168191,168192.jpg,4465
168195,168196.jpg,1590
168197,168198.jpg,3864
168198,168199.jpg,4183
168204,168205.jpg,4474
168212,168213.jpg,2002
168243,168244.jpg,4311
168250,168251.jpg,3140
168252,168253.jpg,1590
168259,168260.jpg,1415
168272,168273.jpg,2496
168283,168284.jpg,4213
168313,168314.jpg,1120
168334,168335.jpg,2034
168339,168340.jpg,2034
168350,168351.jpg,2523
168353,168354.jpg,1120
168372,168373.jpg,1293
168373,168374.jpg,4474
168377,168378.jpg,3140
168396,168397.jpg,1089
168399,168400.jpg,1293
168411,168412.jpg,3397
168415,168416.jpg,2523
168444,168445.jpg,3117
168453,168454.jpg,4372
168459,168460.jpg,3315
168460,168461.jpg,3661
168465,168466.jpg,2122
168489,168490.jpg,2523
168504,168505.jpg,3330
168510,168511.jpg,1590
168521,168522.jpg,1927
168525,168526.jpg,3397
168543,168544.jpg,2167
168548,168549.jpg,3028
168564,168565.jpg,2034
168565,168566.jpg,1346
168571,168572.jpg,4516
168579,168580.jpg,2523
168594,168595.jpg,365
168601,168602.jpg,1698
168615,168616.jpg,2523
168626,168627.jpg,4311
168634,168635.jpg,4458
168641,168642.jpg,3028
168661,168662.jpg,4372
168681,168682.jpg,3782
168682,168683.jpg,3140
168693,168694.jpg,2599
168700,168701.jpg,1807
168710,168711.jpg,4183
168712,168713.jpg,4516
168713,168714.jpg,1302
168738,168739.jpg,4516
168765,168766.jpg,1293
168778,168779.jpg,365
168783,168784.jpg,2496
168802,168803.jpg,2167
168812,168813.jpg,4474
168818,168819.jpg,365
168826,168827.jpg,4276
168830,168831.jpg,2599
168849,168850.jpg,2348
168864,168865.jpg,3117
168870,168871.jpg,2779
168873,168874.jpg,1715
168879,168880.jpg,3117
168896,168897.jpg,3782
168916,168917.jpg,192
168924,168925.jpg,3028
168938,168939.jpg,2981
168948,168949.jpg,4465
168961,168962.jpg,2246
168967,168968.jpg,2034
168972,168973.jpg,3028
168978,168979.jpg,1544
168983,168984.jpg,3059
168992,168993.jpg,192
169006,169007.jpg,3782
169023,169024.jpg,2599
169040,169041.jpg,1698
169045,169046.jpg,4311
169058,169059.jpg,4458
169065,169066.jpg,1698
169068,169069.jpg,4311
169099,169100.jpg,2348
169103,169104.jpg,3864
169107,169108.jpg,3508
169113,169114.jpg,2348
169125,169126.jpg,349
169126,169127.jpg,3028
169129,169130.jpg,3521
169179,169180.jpg,4861
169189,169190.jpg,4516
169199,169200.jpg,3864
169200,169201.jpg,1089
169203,169204.jpg,4696
169219,169220.jpg,192
169251,169252.jpg,1544
169260,169261.jpg,349
169279,169280.jpg,3661
169286,169287.jpg,4276
169292,169293.jpg,3117
169296,169297.jpg,4474
169319,169320.jpg,4696
169339,169340.jpg,1440
169359,169360.jpg,3059
169366,169367.jpg,1967
169375,169376.jpg,3782
169400,169401.jpg,1324
169404,169405.jpg,4458
169428,169429.jpg,1698
169430,169431.jpg,3059
169435,169436.jpg,3661
169437,169438.jpg,1089
169446,169447.jpg,4712
169475,169476.jpg,4458
169491,169492.jpg,3857
169498,169499.jpg,2002
169509,169510.jpg,1807
169514,169515.jpg,3508
169520,169521.jpg,2981
169530,169531.jpg,1469
169537,169538.jpg,4213
169563,169564.jpg,3901
169573,169574.jpg,3496
169578,169579.jpg,4276
169591,169592.jpg,349
169604,169605.jpg,4712
169607,169608.jpg,1590
169611,169612.jpg,3397
169614,169615.jpg,2599
169629,169630.jpg,3496
169672,169673.jpg,1120
169687,169688.jpg,2779
169715,169716.jpg,2348
169724,169725.jpg,2034
169738,169739.jpg,1698
169748,169749.jpg,2122
169750,169751.jpg,3117
169751,169752.jpg,4242
169756,169757.jpg,3397
169779,169780.jpg,1588
169780,169781.jpg,1302
169782,169783.jpg,3508
169824,169825.jpg,2034
169825,169826.jpg,4458
169850,169851.jpg,2246
169854,169855.jpg,1588
169866,169867.jpg,4861
169867,169868.jpg,3140
169871,169872.jpg,1698
169909,169910.jpg,1120
169919,169920.jpg,1346
169934,169935.jpg,1395
169937,169938.jpg,2348
169973,169974.jpg,4183
169975,169976.jpg,2496
169981,169982.jpg,192
169989,169990.jpg,3901
169991,169992.jpg,3140
170001,170002.jpg,1440
170004,170005.jpg,1469
170026,170027.jpg,1089
170040,170041.jpg,3857
170046,170047.jpg,3059
170061,170062.jpg,4465
170070,170071.jpg,365
170096,170097.jpg,4183
170113,170114.jpg,4696
170115,170116.jpg,2182
170121,170122.jpg,4580
170137,170138.jpg,1590
170150,170151.jpg,3661
170163,170164.jpg,2002
170174,170175.jpg,2034
170213,170214.jpg,1440
170221,170222.jpg,2348
170229,170230.jpg,4861
170249,170250.jpg,1302
170263,170264.jpg,2167
170267,170268.jpg,3040
170287,170288.jpg,1698
170313,170314.jpg,4580
170321,170322.jpg,2496
170327,170328.jpg,3397
170357,170358.jpg,1590
170360,170361.jpg,1469
170368,170369.jpg,2034
170373,170374.jpg,3397
170387,170388.jpg,3397
170390,170391.jpg,4458
170397,170398.jpg,3496
170401,170402.jpg,2246
170403,170404.jpg,3782
170436,170437.jpg,1588
170470,170471.jpg,1293
170478,170479.jpg,3782
170480,170481.jpg,4242
170483,170484.jpg,4474
170495,170496.jpg,4580
170506,170507.jpg,1346
170516,170517.jpg,4712
170521,170522.jpg,4276
170527,170528.jpg,1293
170532,170533.jpg,2779
170537,170538.jpg,2167
170541,170542.jpg,2523
170561,170562.jpg,3496
170583,170584.jpg,4311
170589,170590.jpg,2779
170601,170602.jpg,3661
170605,170606.jpg,2779
170613,170614.jpg,3521
170616,170617.jpg,4213
170640,170641.jpg,2246
170641,170642.jpg,2167
170649,170650.jpg,4372
170654,170655.jpg,192
170709,170710.jpg,1927
170736,170737.jpg,2182
170773,170774.jpg,1967
170786,170787.jpg,1715
170814,170815.jpg,4712
170816,170817.jpg,1590
170819,170820.jpg,1715
170821,170822.jpg,4311
170823,170824.jpg,3521
170841,170842.jpg,1698
170844,170845.jpg,1588
170847,170848.jpg,3140
170854,170855.jpg,4183
170858,170859.jpg,4183
170866,170867.jpg,3864
170873,170874.jpg,1440
170885,170886.jpg,3330
170910,170911.jpg,3140
170928,170929.jpg,3661
170945,170946.jpg,1698
170965,170966.jpg,3508
170983,170984.jpg,3315
170989,170990.jpg,1120
170990,170991.jpg,4183
170996,170997.jpg,4474
171013,171014.jpg,3040
171014,171015.jpg,2182
171015,171016.jpg,1588
171024,171025.jpg,4516
171026,171027.jpg,1588
171027,171028.jpg,2034
171034,171035.jpg,4861
171040,171041.jpg,2981
171114,171115.jpg,1120
171117,171118.jpg,4458
171123,171124.jpg,1395
171140,171141.jpg,2779
171169,171170.jpg,2523
171195,171196.jpg,1415
171206,171207.jpg,1698
171212,171213.jpg,1415
171226,171227.jpg,3864
171237,171238.jpg,1588
171238,171239.jpg,4311
171249,171250.jpg,3864
171250,171251.jpg,2246
171259,171260.jpg,192
171262,171263.jpg,3028
171269,171270.jpg,1302
171276,171277.jpg,1415
171326,171327.jpg,1089
171331,171332.jpg,2981
171336,171337.jpg,4465
171341,171342.jpg,1415
171343,171344.jpg,1698
171349,171350.jpg,1440
171358,171359.jpg,3857
171360,171361.jpg,1324
171363,171364.jpg,4696
171365,171366.jpg,2496
171368,171369.jpg,2981
171378,171379.jpg,4458
171389,171390.jpg,3040
171394,171395.jpg,365
171412,171413.jpg,3140
171428,171429.jpg,4861
171430,171431.jpg,4213
171439,171440.jpg,2182
171446,171447.jpg,1324
171448,171449.jpg,1089
171465,171466.jpg,4458
171480,171481.jpg,1715
171485,171486.jpg,4183
171516,171517.jpg,1715
171528,171529.jpg,3040
171548,171549.jpg,2182
171549,171550.jpg,2348
171565,171566.jpg,4580
171567,171568.jpg,4213
171579,171580.jpg,3508
171587,171588.jpg,1544
171598,171599.jpg,3661
171615,171616.jpg,4861
171621,171622.jpg,1440
171647,171648.jpg,4696
171651,171652.jpg,2496
171664,171665.jpg,2002
171683,171684.jpg,365
171717,171718.jpg,4213
171722,171723.jpg,1415
171729,171730.jpg,4311
171734,171735.jpg,2981
171738,171739.jpg,1927
171746,171747.jpg,1927
171762,171763.jpg,4861
171783,171784.jpg,1302
171793,171794.jpg,1715
171800,171801.jpg,2981
171828,171829.jpg,1395
171842,171843.jpg,4213
171872,171873.jpg,1346
171892,171893.jpg,3864
171904,171905.jpg,3028
171918,171919.jpg,1324
171923,171924.jpg,4861
171931,171932.jpg,3059
171932,171933.jpg,4311
171934,171935.jpg,1927
171941,171942.jpg,2122
171946,171947.jpg,2246
171953,171954.jpg,1415
171966,171967.jpg,1807
171968,171969.jpg,1120
171983,171984.jpg,1588
171995,171996.jpg,1089
172014,172015.jpg,2122
172028,172029.jpg,1395
172029,172030.jpg,3040
172044,172045.jpg,3496
172071,172072.jpg,3330
172073,172074.jpg,1590
172081,172082.jpg,4213
172096,172097.jpg,3397
172125,172126.jpg,3901
172147,172148.jpg,2182
172149,172150.jpg,2599
172150,172151.jpg,3496
172167,172168.jpg,1089
172170,172171.jpg,1715
172174,172175.jpg,1440
172180,172181.jpg,4516
172185,172186.jpg,4465
172190,172191.jpg,2167
172195,172196.jpg,3028
172203,172204.jpg,3140
172213,172214.jpg,3496
172222,172223.jpg,2034
172228,172229.jpg,3397
172230,172231.jpg,3059
172232,172233.jpg,1120
172233,172234.jpg,1807
172239,172240.jpg,1415
172255,172256.jpg,2167
172280,172281.jpg,1807
172290,172291.jpg,2779
172308,172309.jpg,2034
172330,172331.jpg,2122
172367,172368.jpg,1588
172383,172384.jpg,4861
172386,172387.jpg,1807
172388,172389.jpg,4712
172408,172409.jpg,2182
172411,172412.jpg,1967
172435,172436.jpg,2779
172436,172437.jpg,1293
172468,172469.jpg,2523
172497,172498.jpg,1698
172507,172508.jpg,1967
172515,172516.jpg,1120
172516,172517.jpg,2246
172524,172525.jpg,2981
172549,172550.jpg,2167
172551,172552.jpg,1346
172564,172565.jpg,2034
172573,172574.jpg,2981
172588,172589.jpg,3508
172603,172604.jpg,1715
172606,172607.jpg,3059
172616,172617.jpg,3496
172630,172631.jpg,3040
172647,172648.jpg,2523
172677,172678.jpg,1120
172684,172685.jpg,1807
172694,172695.jpg,1293
172695,172696.jpg,3040
172710,172711.jpg,365
172727,172728.jpg,4580
172730,172731.jpg,2002
172737,172738.jpg,4458
172774,172775.jpg,1590
172777,172778.jpg,4696
172787,172788.jpg,3496
172789,172790.jpg,1302
172794,172795.jpg,1324
172797,172798.jpg,2122
172800,172801.jpg,3661
172820,172821.jpg,2348
172822,172823.jpg,3059
172831,172832.jpg,3661
172835,172836.jpg,192
172845,172846.jpg,2122
172861,172862.jpg,4696
172877,172878.jpg,1395
172899,172900.jpg,1293
172910,172911.jpg,1395
172919,172920.jpg,1346
172936,172937.jpg,4712
172969,172970.jpg,3330
172986,172987.jpg,1346
172992,172993.jpg,3496
173005,173006.jpg,3782
173011,173012.jpg,3028
173014,173015.jpg,4712
173017,173018.jpg,2246
173032,173033.jpg,192
173035,173036.jpg,3117
173044,173045.jpg,2348
173045,173046.jpg,1715
173053,173054.jpg,3782
173058,173059.jpg,1346
173065,173066.jpg,1967
173066,173067.jpg,4474
173076,173077.jpg,3782
173079,173080.jpg,1588
173088,173089.jpg,4580
173094,173095.jpg,2496
173103,173104.jpg,3901
173107,173108.jpg,1089
173123,173124.jpg,2167
173125,173126.jpg,4242
173145,173146.jpg,3028
173163,173164.jpg,2523
173172,173173.jpg,3857
173183,173184.jpg,2246
173202,173203.jpg,3117
173211,173212.jpg,1469
173217,173218.jpg,3782
173230,173231.jpg,1807
173238,173239.jpg,2002
173258,173259.jpg,192
173288,173289.jpg,349
173300,173301.jpg,1293
173303,173304.jpg,1120
173305,173306.jpg,1120
173318,173319.jpg,1089
173325,173326.jpg,4861
173336,173337.jpg,3857
173355,173356.jpg,3140
173359,173360.jpg,4458
173390,173391.jpg,2348
173397,173398.jpg,1469
173402,173403.jpg,3521
173415,173416.jpg,1807
173424,173425.jpg,2523
173434,173435.jpg,1927
173436,173437.jpg,4213
173462,173463.jpg,4474
173468,173469.jpg,1415
173480,173481.jpg,3508
173513,173514.jpg,1089
173529,173530.jpg,1544
173566,173567.jpg,1807
173575,173576.jpg,2122
173582,173583.jpg,4183
173593,173594.jpg,1469
173613,173614.jpg,4861
173619,173620.jpg,1395
173629,173630.jpg,2002
173645,173646.jpg,1927
173651,173652.jpg,1302
173713,173714.jpg,4516
173716,173717.jpg,2599
173722,173723.jpg,1324
173729,173730.jpg,4183
173745,173746.jpg,2348
173748,173749.jpg,1440
173752,173753.jpg,1293
173757,173758.jpg,1324
173766,173767.jpg,1469
173776,173777.jpg,2246
173781,173782.jpg,2002
173782,173783.jpg,1302
173785,173786.jpg,2246
173790,173791.jpg,4861
173793,173794.jpg,192
173804,173805.jpg,1346
173813,173814.jpg,4458
173818,173819.jpg,1324
173843,173844.jpg,1544
173863,173864.jpg,1544
173864,173865.jpg,4213
173882,173883.jpg,2496
173894,173895.jpg,1415
173906,173907.jpg,4311
173912,173913.jpg,1967
173918,173919.jpg,2348
173922,173923.jpg,1967
173936,173937.jpg,3330
173965,173966.jpg,3117
173972,173973.jpg,1346
173981,173982.jpg,3117
173983,173984.jpg,349
173990,173991.jpg,2496
173995,173996.jpg,3782
174008,174009.jpg,3782
174009,174010.jpg,1302
174034,174035.jpg,3901
174060,174061.jpg,2981
174065,174066.jpg,2981
174075,174076.jpg,1927
174080,174081.jpg,3028
174087,174088.jpg,3140
174092,174093.jpg,4861
174144,174145.jpg,3496
174153,174154.jpg,1302
174178,174179.jpg,3397
174181,174182.jpg,4372
174186,174187.jpg,1967
174188,174189.jpg,1715
174212,174213.jpg,1346
174219,174220.jpg,3857
174227,174228.jpg,4465
174228,174229.jpg,4474
174232,174233.jpg,3028
174238,174239.jpg,1395
174240,174241.jpg,3040
174248,174249.jpg,2246
174257,174258.jpg,4183
174268,174269.jpg,1967
174278,174279.jpg,3059
174281,174282.jpg,4474
174283,174284.jpg,1715
174285,174286.jpg,2599
174287,174288.jpg,365
174292,174293.jpg,2122
174297,174298.jpg,1544
174319,174320.jpg,4276
174324,174325.jpg,1469
174333,174334.jpg,365
174353,174354.jpg,3496
174364,174365.jpg,3040
174366,174367.jpg,3117
174369,174370.jpg,1440
174371,174372.jpg,4372
174381,174382.jpg,4465
174396,174397.jpg,4580
174409,174410.jpg,3661
174412,174413.jpg,365
174423,174424.jpg,3117
174424,174425.jpg,349
174429,174430.jpg,3857
174430,174431.jpg,4712
174446,174447.jpg,365
174466,174467.jpg,3315
174467,174468.jpg,2981
174468,174469.jpg,3508
174469,174470.jpg,4242
174471,174472.jpg,1967
174480,174481.jpg,2779
174484,174485.jpg,1440
174496,174497.jpg,2981
174497,174498.jpg,4242
174501,174502.jpg,3857
174510,174511.jpg,4696
174511,174512.jpg,3397
174520,174521.jpg,4372
174551,174552.jpg,4465
174557,174558.jpg,1544
174560,174561.jpg,2122
174563,174564.jpg,349
174573,174574.jpg,4696
174574,174575.jpg,1415
174575,174576.jpg,349
174583,174584.jpg,1807
174596,174597.jpg,1698
174615,174616.jpg,4311
174623,174624.jpg,3315
174626,174627.jpg,3864
174627,174628.jpg,349
174638,174639.jpg,1590
174661,174662.jpg,4465
174663,174664.jpg,2122
174681,174682.jpg,2167
174690,174691.jpg,349
174693,174694.jpg,2496
174706,174707.jpg,3315
174712,174713.jpg,3864
174715,174716.jpg,4242
174734,174735.jpg,2122
174736,174737.jpg,3857
174750,174751.jpg,349
174762,174763.jpg,1590
174779,174780.jpg,3028
174799,174800.jpg,1544
174815,174816.jpg,2523
174818,174819.jpg,2167
174822,174823.jpg,4213
174823,174824.jpg,4474
174843,174844.jpg,2182
174847,174848.jpg,4242
174913,174914.jpg,2348
174916,174917.jpg,2523
174920,174921.jpg,1590
174941,174942.jpg,349
174942,174943.jpg,3521
174954,174955.jpg,3857
174963,174964.jpg,2981
174991,174992.jpg,3315
174992,174993.jpg,2002
175022,175023.jpg,2779
175037,175038.jpg,1346
175043,175044.jpg,4474
175053,175054.jpg,1967
175065,175066.jpg,2599
175087,175088.jpg,4213
175096,175097.jpg,2182
175118,175119.jpg,3059
175124,175125.jpg,1440
175127,175128.jpg,3040
175129,175130.jpg,2167
175132,175133.jpg,4516
175134,175135.jpg,1967
175139,175140.jpg,2599
175151,175152.jpg,2981
175153,175154.jpg,3117
175165,175166.jpg,4213
175167,175168.jpg,4311
175176,175177.jpg,4516
175180,175181.jpg,1415
175182,175183.jpg,1590
175213,175214.jpg,4276
175214,175215.jpg,3040
175219,175220.jpg,3901
175238,175239.jpg,1440
175253,175254.jpg,1927
175268,175269.jpg,3028
175269,175270.jpg,3040
175270,175271.jpg,4183
175277,175278.jpg,2599
175289,175290.jpg,4242
175295,175296.jpg,3864
175297,175298.jpg,2348
175300,175301.jpg,3521
175303,175304.jpg,4474
175312,175313.jpg,1346
175314,175315.jpg,4861
175320,175321.jpg,3315
175324,175325.jpg,3857
175331,175332.jpg,4696
175342,175343.jpg,3521
175344,175345.jpg,3140
175355,175356.jpg,1293
175357,175358.jpg,2496
175359,175360.jpg,4580
175372,175373.jpg,1302
175373,175374.jpg,1967
175396,175397.jpg,3117
175450,175451.jpg,3059
175460,175461.jpg,4712
175463,175464.jpg,4465
175464,175465.jpg,3857
175471,175472.jpg,4580
175478,175479.jpg,1469
175490,175491.jpg,1302
175526,175527.jpg,2002
175531,175532.jpg,3782
175540,175541.jpg,3782
175548,175549.jpg,3901
175549,175550.jpg,1089
175563,175564.jpg,3330
175573,175574.jpg,3661
175590,175591.jpg,4372
175608,175609.jpg,2779
175673,175674.jpg,3330
175688,175689.jpg,2981
175692,175693.jpg,3508
175694,175695.jpg,4213
175695,175696.jpg,4276
175722,175723.jpg,4372
175726,175727.jpg,1927
175746,175747.jpg,2246
175759,175760.jpg,3782
175772,175773.jpg,4712
175776,175777.jpg,4861
175804,175805.jpg,2599
175837,175838.jpg,4183
175842,175843.jpg,2182
175861,175862.jpg,1346
175883,175884.jpg,2523
175919,175920.jpg,3028
175926,175927.jpg,1715
175932,175933.jpg,4311
175938,175939.jpg,1302
175942,175943.jpg,3315
175947,175948.jpg,3059
175961,175962.jpg,1346
175969,175970.jpg,3330
175991,175992.jpg,3661
175994,175995.jpg,4474
176002,176003.jpg,2599
176018,176019.jpg,2496
176021,176022.jpg,1395
176026,176027.jpg,2034
176027,176028.jpg,1346
176037,176038.jpg,2599
176043,176044.jpg,2981
176060,176061.jpg,3059
176069,176070.jpg,1544
176089,176090.jpg,3901
176090,176091.jpg,4242
176095,176096.jpg,3117
176096,176097.jpg,4372
176102,176103.jpg,4465
176107,176108.jpg,3040
176121,176122.jpg,2002
176147,176148.jpg,3040
176153,176154.jpg,4276
176169,176170.jpg,3397
176175,176176.jpg,2182
176176,176177.jpg,4242
176178,176179.jpg,3661
176179,176180.jpg,1927
176180,176181.jpg,4696
176203,176204.jpg,3901
176217,176218.jpg,1302
176251,176252.jpg,4580
176253,176254.jpg,4242
176255,176256.jpg,2246
176257,176258.jpg,1415
176265,176266.jpg,1590
176271,176272.jpg,4861
176293,176294.jpg,3315
176314,176315.jpg,3864
176321,176322.jpg,2496
176333,176334.jpg,3496
176340,176341.jpg,2246
176358,176359.jpg,4474
176366,176367.jpg,3864
176374,176375.jpg,3901
176382,176383.jpg,3140
176387,176388.jpg,1807
176391,176392.jpg,3059
176404,176405.jpg,2182
176422,176423.jpg,3397
176423,176424.jpg,4516
176424,176425.jpg,4712
176429,176430.jpg,2182
176439,176440.jpg,2122
176486,176487.jpg,3397
176496,176497.jpg,1346
176501,176502.jpg,1469
176506,176507.jpg,4213
176509,176510.jpg,4183
176514,176515.jpg,1395
176522,176523.jpg,2034
176528,176529.jpg,4861
176538,176539.jpg,4712
176554,176555.jpg,3901
176556,176557.jpg,365
176588,176589.jpg,3140
176608,176609.jpg,4465
176677,176678.jpg,1440
176684,176685.jpg,3315
176689,176690.jpg,1698
176699,176700.jpg,1715
176727,176728.jpg,1715
176733,176734.jpg,2002
176761,176762.jpg,1967
176762,176763.jpg,2182
176777,176778.jpg,2496
176783,176784.jpg,4372
176794,176795.jpg,2981
176796,176797.jpg,3140
176822,176823.jpg,2779
176850,176851.jpg,1967
176855,176856.jpg,1588
176856,176857.jpg,1395
176857,176858.jpg,2599
176858,176859.jpg,192
176863,176864.jpg,3782
176877,176878.jpg,1324
176895,176896.jpg,1302
176897,176898.jpg,3397
176900,176901.jpg,1807
176914,176915.jpg,3040
176924,176925.jpg,3040
176927,176928.jpg,3508
176934,176935.jpg,3330
176937,176938.jpg,4465
176963,176964.jpg,4242
176973,176974.jpg,192
176978,176979.jpg,3330
176988,176989.jpg,2981
176995,176996.jpg,2167
176999,177000.jpg,1440
177029,177030.jpg,1544
177032,177033.jpg,3315
177038,177039.jpg,2348
177043,177044.jpg,3117
177044,177045.jpg,3661
177055,177056.jpg,365
177066,177067.jpg,1807
177075,177076.jpg,2496
177087,177088.jpg,1588
177090,177091.jpg,3782
177103,177104.jpg,1469
177155,177156.jpg,1544
177159,177160.jpg,3901
177162,177163.jpg,2599
177165,177166.jpg,1544
177171,177172.jpg,2599
177173,177174.jpg,1120
177179,177180.jpg,1440
177180,177181.jpg,3059
177187,177188.jpg,4580
177190,177191.jpg,4242
177196,177197.jpg,3028
177214,177215.jpg,1346
177249,177250.jpg,4861
177259,177260.jpg,1698
177267,177268.jpg,3521
177268,177269.jpg,4465
177272,177273.jpg,1590
177279,177280.jpg,192
177307,177308.jpg,3496
177330,177331.jpg,1544
177333,177334.jpg,4465
177355,177356.jpg,4712
177359,177360.jpg,4712
177360,177361.jpg,2348
177361,177362.jpg,1302
177384,177385.jpg,2523
177431,177432.jpg,4696
177443,177444.jpg,2348
177449,177450.jpg,4276
177452,177453.jpg,1293
177453,177454.jpg,2167
177454,177455.jpg,1967
177466,177467.jpg,3901
177490,177491.jpg,1415
177497,177498.jpg,2002
177501,177502.jpg,2348
177523,177524.jpg,4311
177533,177534.jpg,1324
177537,177538.jpg,2523
177542,177543.jpg,1469
177552,177553.jpg,2981
177553,177554.jpg,4516
177566,177567.jpg,1415
177570,177571.jpg,2779
177576,177577.jpg,3496
177578,177579.jpg,3140
177580,177581.jpg,3140
177601,177602.jpg,1544
177606,177607.jpg,1544
177615,177616.jpg,4372
177625,177626.jpg,2599
177636,177637.jpg,2182
177640,177641.jpg,3330
177643,177644.jpg,349
177648,177649.jpg,1302
177650,177651.jpg,2002
177664,177665.jpg,2599
177673,177674.jpg,365
177674,177675.jpg,1302
177678,177679.jpg,4580
177688,177689.jpg,1089
177689,177690.jpg,4696
177691,177692.jpg,349
177694,177695.jpg,3397
177695,177696.jpg,3508
177696,177697.jpg,365
177707,177708.jpg,4276
177717,177718.jpg,2167
177725,177726.jpg,3496
177732,177733.jpg,1967
177759,177760.jpg,2496
177761,177762.jpg,4712
177767,177768.jpg,4516
177807,177808.jpg,1590
177815,177816.jpg,3864
177828,177829.jpg,1588
177852,177853.jpg,4311
177853,177854.jpg,4580
177863,177864.jpg,4458
177923,177924.jpg,1302
177963,177964.jpg,3315
177967,177968.jpg,4465
177971,177972.jpg,3857
177977,177978.jpg,3901
178000,178001.jpg,2034
178003,178004.jpg,4458
178007,178008.jpg,4242
178008,178009.jpg,1415
178018,178019.jpg,3782
178031,178032.jpg,2002
178040,178041.jpg,3330
178046,178047.jpg,3857
178056,178057.jpg,3901
178058,178059.jpg,3330
178080,178081.jpg,2122
178092,178093.jpg,4696
178097,178098.jpg,4276
178102,178103.jpg,3782
178104,178105.jpg,1293
178114,178115.jpg,3864
178130,178131.jpg,4712
178133,178134.jpg,3864
178158,178159.jpg,3040
178169,178170.jpg,4276
178170,178171.jpg,3315
178174,178175.jpg,1544
178192,178193.jpg,4465
178206,178207.jpg,4474
178250,178251.jpg,2246
178262,178263.jpg,2034
178269,178270.jpg,4696
178277,178278.jpg,3508
178280,178281.jpg,4580
178281,178282.jpg,1302
178306,178307.jpg,2182
178310,178311.jpg,1302
178311,178312.jpg,2523
178317,178318.jpg,2981
178319,178320.jpg,3315
178323,178324.jpg,2002
178354,178355.jpg,1346
178359,178360.jpg,4372
178364,178365.jpg,4580
178367,178368.jpg,4458
178384,178385.jpg,3315
178397,178398.jpg,1324
178400,178401.jpg,2122
178403,178404.jpg,1588
178405,178406.jpg,2182
178410,178411.jpg,365
178420,178421.jpg,3315
178427,178428.jpg,1967
178465,178466.jpg,4712
178475,178476.jpg,4516
178477,178478.jpg,3508
178478,178479.jpg,3901
178484,178485.jpg,4861
178502,178503.jpg,4311
178513,178514.jpg,1590
178514,178515.jpg,3040
178527,178528.jpg,3782
178539,178540.jpg,1415
178541,178542.jpg,3397
178552,178553.jpg,3330
178560,178561.jpg,1440
178568,178569.jpg,2523
178573,178574.jpg,3782
178584,178585.jpg,4242
178590,178591.jpg,3040
178594,178595.jpg,4372
178602,178603.jpg,1089
178608,178609.jpg,1415
178615,178616.jpg,4861
178644,178645.jpg,1440
178673,178674.jpg,3857
178675,178676.jpg,2599
178709,178710.jpg,3397
178720,178721.jpg,4516
178725,178726.jpg,3782
178736,178737.jpg,3330
178738,178739.jpg,2034
178741,178742.jpg,3661
178744,178745.jpg,3028
178746,178747.jpg,1927
178754,178755.jpg,4861
178758,178759.jpg,1807
178760,178761.jpg,1395
178762,178763.jpg,4861
178771,178772.jpg,3397
178776,178777.jpg,3330
178780,178781.jpg,365
178786,178787.jpg,3864
178788,178789.jpg,1440
178808,178809.jpg,1588
178816,178817.jpg,2246
178821,178822.jpg,1967
178828,178829.jpg,1698
178831,178832.jpg,1927
178845,178846.jpg,1120
178848,178849.jpg,2246
178854,178855.jpg,4465
178864,178865.jpg,3521
178886,178887.jpg,3397
178933,178934.jpg,192
178945,178946.jpg,2523
178952,178953.jpg,2779
178958,178959.jpg,4183
178970,178971.jpg,3397
178994,178995.jpg,1588
179000,179001.jpg,1440
179004,179005.jpg,4516
179006,179007.jpg,4311
179023,179024.jpg,4712
179037,179038.jpg,3397
179038,179039.jpg,3059
179040,179041.jpg,4311
179042,179043.jpg,3857
179055,179056.jpg,192
179059,179060.jpg,1698
179064,179065.jpg,1395
179066,179067.jpg,4372
179096,179097.jpg,2034
179113,179114.jpg,3661
179124,179125.jpg,349
179125,179126.jpg,3028
179128,179129.jpg,4474
179130,179131.jpg,2981
179141,179142.jpg,3059
179146,179147.jpg,3140
179147,179148.jpg,2246
179151,179152.jpg,1715
179154,179155.jpg,2779
179159,179160.jpg,1440
179164,179165.jpg,1544
179165,179166.jpg,4712
179167,179168.jpg,3521
179176,179177.jpg,1715
179192,179193.jpg,2034
179207,179208.jpg,3140
179218,179219.jpg,2599
179228,179229.jpg,3857
179238,179239.jpg,3059
179252,179253.jpg,3508
179268,179269.jpg,4372
179285,179286.jpg,3782
179296,179297.jpg,3901
179307,179308.jpg,4213
179312,179313.jpg,3330
179321,179322.jpg,1967
179347,179348.jpg,4311
179352,179353.jpg,3864
179391,179392.jpg,3315
179394,179395.jpg,1293
179404,179405.jpg,1807
179408,179409.jpg,1324
179412,179413.jpg,1698
179413,179414.jpg,1395
179416,179417.jpg,1469
179420,179421.jpg,4311
179429,179430.jpg,2779
179436,179437.jpg,1395
179445,179446.jpg,1415
179477,179478.jpg,2496
179507,179508.jpg,2348
179525,179526.jpg,4580
179536,179537.jpg,2002
179537,179538.jpg,3864
179545,179546.jpg,4213
179553,179554.jpg,349
179555,179556.jpg,4712
179559,179560.jpg,3857
179560,179561.jpg,4465
179567,179568.jpg,3117
179568,179569.jpg,2496
179570,179571.jpg,1588
179619,179620.jpg,3059
179642,179643.jpg,3857
179655,179656.jpg,3117
179667,179668.jpg,3117
179668,179669.jpg,4372
179694,179695.jpg,4458
179702,179703.jpg,3521
179721,179722.jpg,3117
179730,179731.jpg,3330
179736,179737.jpg,1120
179743,179744.jpg,3330
179751,179752.jpg,1469
179752,179753.jpg,3059
179764,179765.jpg,349
179769,179770.jpg,1590
179781,179782.jpg,3508
179784,179785.jpg,1293
179795,179796.jpg,3028
179825,179826.jpg,1293
179848,179849.jpg,192
179854,179855.jpg,1469
179858,179859.jpg,4372
179911,179912.jpg,1395
179955,179956.jpg,4696
179982,179983.jpg,2348
179991,179992.jpg,4474
179996,179997.jpg,3059
179997,179998.jpg,3315
180004,180005.jpg,2034
180015,180016.jpg,2981
180032,180033.jpg,2122
180056,180057.jpg,4465
180063,180064.jpg,1807
180074,180075.jpg,4696
180089,180090.jpg,3496
180093,180094.jpg,2496
180096,180097.jpg,4183
180119,180120.jpg,4696
180122,180123.jpg,4580
180124,180125.jpg,1967
180136,180137.jpg,4861
180138,180139.jpg,2981
180144,180145.jpg,1089
180146,180147.jpg,4213
180160,180161.jpg,4242
180170,180171.jpg,3140
180194,180195.jpg,4580
180204,180205.jpg,3028
180207,180208.jpg,3059
180220,180221.jpg,3864
180221,180222.jpg,1415
180237,180238.jpg,2002
180239,180240.jpg,3117
180255,180256.jpg,1698
180256,180257.jpg,1469
180263,180264.jpg,1120
180270,180271.jpg,3521
180273,180274.jpg,1807
180276,180277.jpg,3508
180278,180279.jpg,4458
180279,180280.jpg,4458
180280,180281.jpg,349
180284,180285.jpg,2246
180286,180287.jpg,1324
180295,180296.jpg,1440
180301,180302.jpg,4458
180324,180325.jpg,2167
180328,180329.jpg,1807
180331,180332.jpg,3661
180342,180343.jpg,3782
180354,180355.jpg,1440
180358,180359.jpg,1089
180363,180364.jpg,2167
180364,180365.jpg,1927
180372,180373.jpg,1120
180377,180378.jpg,349
180387,180388.jpg,4516
180402,180403.jpg,1588
180407,180408.jpg,4861
180410,180411.jpg,2523
180421,180422.jpg,3661
180427,180428.jpg,4276
180450,180451.jpg,3864
180456,180457.jpg,3059
180465,180466.jpg,1120
180466,180467.jpg,3397
180477,180478.jpg,3782
180480,180481.jpg,3782
180499,180500.jpg,1293
180505,180506.jpg,1415
180509,180510.jpg,1807
180514,180515.jpg,4311
180525,180526.jpg,192
180529,180530.jpg,4183
180531,180532.jpg,4276
180563,180564.jpg,3315
180567,180568.jpg,3040
180573,180574.jpg,1120
180582,180583.jpg,3661
180583,180584.jpg,1120
180606,180607.jpg,2122
180609,180610.jpg,4311
180619,180620.jpg,2002
180626,180627.jpg,4183
180645,180646.jpg,4458
180652,180653.jpg,4516
180658,180659.jpg,3140
180672,180673.jpg,1293
180673,180674.jpg,4183
180674,180675.jpg,3040
180718,180719.jpg,3330
180735,180736.jpg,4465
180738,180739.jpg,3397
180742,180743.jpg,2779
180781,180782.jpg,3140
180787,180788.jpg,1089
180796,180797.jpg,2523
180798,180799.jpg,4696
180802,180803.jpg,4474
180813,180814.jpg,2167
180819,180820.jpg,4861
180826,180827.jpg,3521
180828,180829.jpg,3661
180835,180836.jpg,2246
180848,180849.jpg,1967
180852,180853.jpg,3782
180860,180861.jpg,3140
180862,180863.jpg,2246
180873,180874.jpg,192
180878,180879.jpg,4372
180889,180890.jpg,3782
180892,180893.jpg,2182
180902,180903.jpg,1089
180903,180904.jpg,192
180931,180932.jpg,3661
180933,180934.jpg,1469
180935,180936.jpg,1415
180943,180944.jpg,4696
180985,180986.jpg,3040
180988,180989.jpg,1440
180994,180995.jpg,1544
180998,180999.jpg,3864
181018,181019.jpg,3661
181032,181033.jpg,349
181033,181034.jpg,3901
181055,181056.jpg,2779
181061,181062.jpg,2002
181062,181063.jpg,4372
181068,181069.jpg,4465
181081,181082.jpg,3864
181095,181096.jpg,4516
181103,181104.jpg,3857
181127,181128.jpg,4213
181135,181136.jpg,3330
181141,181142.jpg,4372
181147,181148.jpg,3496
181151,181152.jpg,1395
181167,181168.jpg,2981
181174,181175.jpg,4696
181176,181177.jpg,4276
181179,181180.jpg,3059
181181,181182.jpg,2002
181182,181183.jpg,1469
181199,181200.jpg,3661
181206,181207.jpg,4458
181213,181214.jpg,1469
181219,181220.jpg,3864
181230,181231.jpg,4372
181235,181236.jpg,2034
181248,181249.jpg,3521
181251,181252.jpg,1346
181252,181253.jpg,365
181266,181267.jpg,4242
181270,181271.jpg,2496
181277,181278.jpg,3496
181278,181279.jpg,3496
181299,181300.jpg,3782
181317,181318.jpg,1967
181341,181342.jpg,2496
181350,181351.jpg,4276
181356,181357.jpg,4516
181357,181358.jpg,3040
181368,181369.jpg,4474
181371,181372.jpg,3496
181399,181400.jpg,3117
181419,181420.jpg,1807
181422,181423.jpg,1346
181431,181432.jpg,4311
181437,181438.jpg,1415
181458,181459.jpg,3330
181482,181483.jpg,192
181489,181490.jpg,2779
181513,181514.jpg,1324
181519,181520.jpg,4276
181524,181525.jpg,2523
181537,181538.jpg,3117
181538,181539.jpg,1120
181542,181543.jpg,2348
181551,181552.jpg,2034
181552,181553.jpg,3508
181576,181577.jpg,4516
181590,181591.jpg,3857
181599,181600.jpg,4183
181601,181602.jpg,3117
181612,181613.jpg,3059
181624,181625.jpg,4213
181625,181626.jpg,4712
181638,181639.jpg,3040
181639,181640.jpg,2779
181657,181658.jpg,349
181686,181687.jpg,1324
181699,181700.jpg,3521
181712,181713.jpg,1967
181721,181722.jpg,3521
181723,181724.jpg,3508
181750,181751.jpg,3117
181783,181784.jpg,1089
181788,181789.jpg,1415
181822,181823.jpg,1395
181824,181825.jpg,4183
181830,181831.jpg,3140
181841,181842.jpg,2246
181843,181844.jpg,1469
181846,181847.jpg,1346
181876,181877.jpg,4372
181882,181883.jpg,1927
181898,181899.jpg,4372
181908,181909.jpg,3059
181914,181915.jpg,2246
181919,181920.jpg,1293
181922,181923.jpg,3508
181941,181942.jpg,2182
181942,181943.jpg,4696
181949,181950.jpg,4213
181952,181953.jpg,349
181955,181956.jpg,2348
181971,181972.jpg,3508
181973,181974.jpg,3521
181975,181976.jpg,3028
182009,182010.jpg,3864
182010,182011.jpg,1590
182031,182032.jpg,3901
182048,182049.jpg,4458
182053,182054.jpg,3496
182064,182065.jpg,2599
182070,182071.jpg,1715
182083,182084.jpg,365
182131,182132.jpg,1469
182134,182135.jpg,4580
182135,182136.jpg,4580
182136,182137.jpg,1302
182144,182145.jpg,4311
182146,182147.jpg,4712
182148,182149.jpg,3330
182154,182155.jpg,3782
182169,182170.jpg,3496
182179,182180.jpg,1395
182187,182188.jpg,2523
182203,182204.jpg,4372
182215,182216.jpg,3028
182224,182225.jpg,3330
182249,182250.jpg,1967
182254,182255.jpg,4242
182269,182270.jpg,1715
182297,182298.jpg,1346
182298,182299.jpg,1927
182301,182302.jpg,192
182324,182325.jpg,3397
182325,182326.jpg,2122
182335,182336.jpg,2348
182337,182338.jpg,4242
182345,182346.jpg,2034
182352,182353.jpg,1544
182353,182354.jpg,1120
182370,182371.jpg,3782
182382,182383.jpg,2523
182385,182386.jpg,2246
182403,182404.jpg,3315
182409,182410.jpg,1395
182414,182415.jpg,3864
182416,182417.jpg,1089
182420,182421.jpg,1346
182434,182435.jpg,4372
182452,182453.jpg,1469
182458,182459.jpg,192
182495,182496.jpg,4516
182500,182501.jpg,3117
182502,182503.jpg,3117
182570,182571.jpg,4465
182576,182577.jpg,1415
182579,182580.jpg,1588
182588,182589.jpg,365
182601,182602.jpg,2122
182605,182606.jpg,2167
182612,182613.jpg,3315
182616,182617.jpg,3496
182632,182633.jpg,4458
182642,182643.jpg,9739
182643,182644.jpg,9739
182655,182656.jpg,5774
182679,182680.jpg,9102
182718,182719.jpg,5354
182726,182727.jpg,6472
182727,182728.jpg,5567
182809,182810.jpg,5158
182824,182825.jpg,9149
182829,182830.jpg,5158
182859,182860.jpg,5072
182870,182871.jpg,9149
182879,182880.jpg,7193
182881,182882.jpg,5570
182882,182883.jpg,6973
182885,182886.jpg,6494
182896,182897.jpg,8951
182902,182903.jpg,6567
182912,182913.jpg,9149
182920,182921.jpg,5426
182934,182935.jpg,4996
182939,182940.jpg,6920
182949,182950.jpg,5563
182971,182972.jpg,5567
182994,182995.jpg,9102
183007,183008.jpg,5072
183016,183017.jpg,8984
183028,183029.jpg,10025
183030,183031.jpg,6956
183052,183053.jpg,6494
183059,183060.jpg,6370
183069,183070.jpg,5520
183106,183107.jpg,9246
183125,183126.jpg,5520
183129,183130.jpg,5888
183138,183139.jpg,6567
183143,183144.jpg,9086
183166,183167.jpg,6973
183184,183185.jpg,5520
183186,183187.jpg,9246
183214,183215.jpg,5072
183248,183249.jpg,9798
183311,183312.jpg,9983
183317,183318.jpg,5520
183379,183380.jpg,7193
183396,183397.jpg,5072
183403,183404.jpg,5567
183420,183421.jpg,5273
183428,183429.jpg,8984
183465,183466.jpg,9086
183467,183468.jpg,9086
183490,183491.jpg,6958
183502,183503.jpg,9246
183503,183504.jpg,5328
183511,183512.jpg,6494
183512,183513.jpg,8520
183539,183540.jpg,5328
183574,183575.jpg,5426
183579,183580.jpg,9102
183582,183583.jpg,6973
183596,183597.jpg,5567
183610,183611.jpg,5520
183615,183616.jpg,9983
183625,183626.jpg,9149
183628,183629.jpg,10062
183633,183634.jpg,6472
183643,183644.jpg,5328
183674,183675.jpg,5328
183695,183696.jpg,7438
183715,183716.jpg,10062
183719,183720.jpg,6567
183753,183754.jpg,6958
183756,183757.jpg,5563
183764,183765.jpg,5799
183770,183771.jpg,8951
183795,183796.jpg,5888
183820,183821.jpg,5273
183834,183835.jpg,6886
183844,183845.jpg,9086
183850,183851.jpg,5223
183855,183856.jpg,9983
183865,183866.jpg,6814
183909,183910.jpg,7824
183920,183921.jpg,9798
183922,183923.jpg,6472
183958,183959.jpg,4996
183962,183963.jpg,7438
183973,183974.jpg,5072
183980,183981.jpg,5444
183985,183986.jpg,8984
183997,183998.jpg,5158
184007,184008.jpg,6973
184008,184009.jpg,7438
184026,184027.jpg,6814
184038,184039.jpg,5328
184062,184063.jpg,9983
184097,184098.jpg,10062
184101,184102.jpg,5563
184105,184106.jpg,10062
184111,184112.jpg,9102
184139,184140.jpg,8630
184155,184156.jpg,6424
184193,184194.jpg,9841
184194,184195.jpg,8984
184198,184199.jpg,9102
184199,184200.jpg,6494
184206,184207.jpg,6958
184207,184208.jpg,5158
184222,184223.jpg,5072
184232,184233.jpg,6494
184240,184241.jpg,6370
184306,184307.jpg,5888
184359,184360.jpg,7438
184399,184400.jpg,6814
184433,184434.jpg,5273
184439,184440.jpg,8936
184446,184447.jpg,5799
184447,184448.jpg,9983
184453,184454.jpg,6973
184483,184484.jpg,5563
184488,184489.jpg,6823
184492,184493.jpg,6472
184498,184499.jpg,6956
184503,184504.jpg,8520
184507,184508.jpg,6814
184508,184509.jpg,6920
184514,184515.jpg,6920
184538,184539.jpg,5354
184563,184564.jpg,5567
184581,184582.jpg,6567
184590,184591.jpg,5520
184607,184608.jpg,5774
184611,184612.jpg,6472
184620,184621.jpg,9149
184633,184634.jpg,5253
184639,184640.jpg,10025
184643,184644.jpg,7193
184644,184645.jpg,9983
184653,184654.jpg,6567
184678,184679.jpg,6886
184683,184684.jpg,6424
184721,184722.jpg,9983
184736,184737.jpg,5563
184743,184744.jpg,5444
184746,184747.jpg,7824
184747,184748.jpg,5354
184750,184751.jpg,5563
184762,184763.jpg,9841
184767,184768.jpg,5774
184776,184777.jpg,8520
184799,184800.jpg,5774
184800,184801.jpg,8936
184811,184812.jpg,9102
184815,184816.jpg,8520
184821,184822.jpg,5354
184860,184861.jpg,5328
184867,184868.jpg,6973
184892,184893.jpg,9102
184893,184894.jpg,6920
184907,184908.jpg,9841
184924,184925.jpg,5072
184926,184927.jpg,5520
184929,184930.jpg,9086
184958,184959.jpg,5223
184965,184966.jpg,5520
184974,184975.jpg,9798
184979,184980.jpg,6424
184981,184982.jpg,6424
184989,184990.jpg,10025
184996,184997.jpg,6814
185002,185003.jpg,10025
185007,185008.jpg,5567
185017,185018.jpg,9983
185030,185031.jpg,5570
185038,185039.jpg,6973
185071,185072.jpg,5570
185072,185073.jpg,5426
185089,185090.jpg,6956
185104,185105.jpg,6823
185114,185115.jpg,9149
185134,185135.jpg,5072
185150,185151.jpg,10025
185156,185157.jpg,4996
185157,185158.jpg,6956
185187,185188.jpg,5888
185190,185191.jpg,5444
185191,185192.jpg,6920
185195,185196.jpg,9761
185196,185197.jpg,6886
185216,185217.jpg,5563
185220,185221.jpg,6920
185253,185254.jpg,5223
185254,185255.jpg,9246
185258,185259.jpg,9102
185260,185261.jpg,10025
185293,185294.jpg,5281
185301,185302.jpg,5520
185306,185307.jpg,6494
185326,185327.jpg,8793
185333,185334.jpg,9246
185351,185352.jpg,9246
185357,185358.jpg,6956
185369,185370.jpg,5253
185377,185378.jpg,9102
185407,185408.jpg,8793
185416,185417.jpg,8984
185417,185418.jpg,8951
185420,185421.jpg,9739
185429,185430.jpg,7193
185430,185431.jpg,8793
185494,185495.jpg,9841
185506,185507.jpg,5072
185558,185559.jpg,9841
185562,185563.jpg,9983
185565,185566.jpg,8936
185580,185581.jpg,5799
185589,185590.jpg,6567
185597,185598.jpg,6958
185608,185609.jpg,5799
185618,185619.jpg,9739
185638,185639.jpg,5328
185664,185665.jpg,6920
185667,185668.jpg,8936
185676,185677.jpg,5567
185678,185679.jpg,8951
185719,185720.jpg,8951
185741,185742.jpg,7824
185771,185772.jpg,9246
185779,185780.jpg,10062
185808,185809.jpg,6494
185810,185811.jpg,8793
185812,185813.jpg,9761
185836,185837.jpg,5570
185837,185838.jpg,6472
185847,185848.jpg,6956
185859,185860.jpg,6920
185862,185863.jpg,6567
185864,185865.jpg,7438
185870,185871.jpg,6370
185876,185877.jpg,5223
185896,185897.jpg,9149
185903,185904.jpg,8936
185907,185908.jpg,10062
185930,185931.jpg,7193
185932,185933.jpg,9761
185937,185938.jpg,9761
185944,185945.jpg,6886
185982,185983.jpg,5799
186005,186006.jpg,6424
186010,186011.jpg,7193
186053,186054.jpg,5426
186090,186091.jpg,6920
186095,186096.jpg,6973
186098,186099.jpg,10025
186101,186102.jpg,4996
186117,186118.jpg,6958
186131,186132.jpg,7824
186160,186161.jpg,9983
186172,186173.jpg,5273
186187,186188.jpg,5585
186190,186191.jpg,7438
186195,186196.jpg,6567
186210,186211.jpg,6494
186234,186235.jpg,9102
186253,186254.jpg,6958
186260,186261.jpg,5888
186262,186263.jpg,6814
186267,186268.jpg,8793
186275,186276.jpg,5799
186298,186299.jpg,9983
186304,186305.jpg,5444
186310,186311.jpg,8936
186314,186315.jpg,5273
186324,186325.jpg,5281
186325,186326.jpg,5281
186327,186328.jpg,5281
186328,186329.jpg,6958
186354,186355.jpg,6472
186355,186356.jpg,5563
186371,186372.jpg,10025
186374,186375.jpg,5563
186382,186383.jpg,9102
186383,186384.jpg,8520
186392,186393.jpg,5570
186401,186402.jpg,10025
186427,186428.jpg,6823
186441,186442.jpg,9739
186460,186461.jpg,5567
186462,186463.jpg,9102
186467,186468.jpg,5223
186485,186486.jpg,4996
186504,186505.jpg,5158
186511,186512.jpg,6823
186562,186563.jpg,6956
186565,186566.jpg,7193
186572,186573.jpg,5328
186585,186586.jpg,5444
186624,186625.jpg,9739
186648,186649.jpg,5799
186669,186670.jpg,6494
186672,186673.jpg,6424
186683,186684.jpg,9798
186686,186687.jpg,5223
186697,186698.jpg,5444
186723,186724.jpg,6370
186733,186734.jpg,7438
186738,186739.jpg,5774
186740,186741.jpg,6973
186756,186757.jpg,5888
186760,186761.jpg,5567
186789,186790.jpg,8984
186799,186800.jpg,8936
186802,186803.jpg,8520
186808,186809.jpg,8520
186825,186826.jpg,8984
186834,186835.jpg,9983
186849,186850.jpg,7193
186896,186897.jpg,5563
186903,186904.jpg,6958
186904,186905.jpg,6823
186915,186916.jpg,6823
186948,186949.jpg,9798
186951,186952.jpg,6886
186955,186956.jpg,6920
186965,186966.jpg,5253
186984,186985.jpg,5426
187003,187004.jpg,5585
187005,187006.jpg,6494
187009,187010.jpg,5328
187013,187014.jpg,6956
187043,187044.jpg,9086
187050,187051.jpg,8951
187080,187081.jpg,8936
187083,187084.jpg,9149
187094,187095.jpg,9246
187101,187102.jpg,8984
187102,187103.jpg,6472
187136,187137.jpg,5223
187153,187154.jpg,5585
187156,187157.jpg,6973
187185,187186.jpg,8630
187190,187191.jpg,8630
187232,187233.jpg,5354
187242,187243.jpg,10062
187243,187244.jpg,5444
187248,187249.jpg,8951
187253,187254.jpg,6567
187254,187255.jpg,5888
187257,187258.jpg,9841
187258,187259.jpg,6370
187273,187274.jpg,6958
187278,187279.jpg,6370
187293,187294.jpg,9798
187294,187295.jpg,9739
187295,187296.jpg,9841
187298,187299.jpg,4996
187324,187325.jpg,5774
187332,187333.jpg,8793
187361,187362.jpg,6823
187370,187371.jpg,9102
187381,187382.jpg,6370
187386,187387.jpg,9841
187388,187389.jpg,5774
187405,187406.jpg,5223
187406,187407.jpg,6424
187409,187410.jpg,8951
187432,187433.jpg,9149
187463,187464.jpg,10025
187471,187472.jpg,7193
187479,187480.jpg,5354
187488,187489.jpg,6370
187500,187501.jpg,6370
187570,187571.jpg,6956
187584,187585.jpg,6823
187600,187601.jpg,6814
187634,187635.jpg,6920
187644,187645.jpg,6823
187645,187646.jpg,5520
187654,187655.jpg,5354
187662,187663.jpg,5158
187667,187668.jpg,7193
187671,187672.jpg,5585
187691,187692.jpg,5354
187703,187704.jpg,10025
187756,187757.jpg,5158
187767,187768.jpg,9841
187776,187777.jpg,9739
187779,187780.jpg,6920
187805,187806.jpg,5567
187821,187822.jpg,6958
187825,187826.jpg,6814
187832,187833.jpg,8936
187834,187835.jpg,9739
187846,187847.jpg,4996
187872,187873.jpg,6886
187914,187915.jpg,5888
187915,187916.jpg,5774
187917,187918.jpg,4996
187926,187927.jpg,9149
187927,187928.jpg,7824
187952,187953.jpg,10062
187953,187954.jpg,6814
187970,187971.jpg,8630
187978,187979.jpg,10062
187985,187986.jpg,5570
187990,187991.jpg,5799
188005,188006.jpg,6886
188016,188017.jpg,5426
188023,188024.jpg,6823
188026,188027.jpg,8984
188031,188032.jpg,5281
188041,188042.jpg,6886
188048,188049.jpg,5520
188058,188059.jpg,7193
188081,188082.jpg,5444
188087,188088.jpg,6958
188088,188089.jpg,8520
188090,188091.jpg,5567
188094,188095.jpg,7438
188096,188097.jpg,9086
188115,188116.jpg,5563
188131,188132.jpg,5281
188141,188142.jpg,9841
188177,188178.jpg,9102
188178,188179.jpg,5567
188196,188197.jpg,5281
188197,188198.jpg,5520
188246,188247.jpg,5328
188260,188261.jpg,5223
188267,188268.jpg,8520
188283,188284.jpg,5281
188311,188312.jpg,6494
188324,188325.jpg,5426
188325,188326.jpg,8520
188326,188327.jpg,9739
188332,188333.jpg,5444
188335,188336.jpg,9149
188353,188354.jpg,5520
188356,188357.jpg,8520
188370,188371.jpg,8520
188372,188373.jpg,9761
188377,188378.jpg,5281
188403,188404.jpg,5567
188411,188412.jpg,6886
188421,188422.jpg,6956
188422,188423.jpg,5563
188427,188428.jpg,8630
188446,188447.jpg,9739
188448,188449.jpg,5799
188472,188473.jpg,9761
188490,188491.jpg,8984
188491,188492.jpg,9983
188513,188514.jpg,5888
188521,188522.jpg,5281
188559,188560.jpg,6920
188568,188569.jpg,5799
188574,188575.jpg,9246
188578,188579.jpg,9102
188579,188580.jpg,9739
188590,188591.jpg,6823
188607,188608.jpg,5444
188632,188633.jpg,5328
188635,188636.jpg,8951
188655,188656.jpg,10062
188666,188667.jpg,6814
188670,188671.jpg,9149
188678,188679.jpg,5570
188679,188680.jpg,8630
188692,188693.jpg,6920
188699,188700.jpg,8984
188715,188716.jpg,10025
188730,188731.jpg,5799
188735,188736.jpg,9798
188738,188739.jpg,6958
188745,188746.jpg,6567
188754,188755.jpg,5888
188765,188766.jpg,5273
188774,188775.jpg,5888
188807,188808.jpg,6370
188823,188824.jpg,6370
188834,188835.jpg,6920
188838,188839.jpg,9761
188849,188850.jpg,9798
188854,188855.jpg,9739
188868,188869.jpg,6472
188892,188893.jpg,6814
188902,188903.jpg,8520
188907,188908.jpg,5585
188909,188910.jpg,9841
188928,188929.jpg,5799
188957,188958.jpg,5567
188972,188973.jpg,9761
188981,188982.jpg,8984
188985,188986.jpg,10062
188998,188999.jpg,5567
189005,189006.jpg,9086
189007,189008.jpg,7824
189010,189011.jpg,9246
189030,189031.jpg,9798
189037,189038.jpg,9841
189047,189048.jpg,5158
189051,189052.jpg,8951
189055,189056.jpg,5570
189073,189074.jpg,5888
189077,189078.jpg,9798
189095,189096.jpg,5273
189102,189103.jpg,9086
189116,189117.jpg,5888
189174,189175.jpg,8936
189178,189179.jpg,5273
189188,189189.jpg,9102
189198,189199.jpg,5888
189243,189244.jpg,6424
189251,189252.jpg,5273
189254,189255.jpg,6886
189256,189257.jpg,5253
189266,189267.jpg,5426
189280,189281.jpg,9841
189303,189304.jpg,9246
189312,189313.jpg,9149
189331,189332.jpg,9149
189345,189346.jpg,6472
189364,189365.jpg,5585
189374,189375.jpg,6814
189419,189420.jpg,5072
189440,189441.jpg,6920
189447,189448.jpg,9149
189448,189449.jpg,5444
189486,189487.jpg,6814
189495,189496.jpg,5223
189499,189500.jpg,9739
189515,189516.jpg,8630
189517,189518.jpg,5253
189520,189521.jpg,5520
189539,189540.jpg,5563
189592,189593.jpg,6370
189594,189595.jpg,5585
189598,189599.jpg,5570
189621,189622.jpg,5567
189628,189629.jpg,5426
189642,189643.jpg,5328
189649,189650.jpg,5281
189659,189660.jpg,8793
189661,189662.jpg,8630
189662,189663.jpg,8936
189674,189675.jpg,6567
189706,189707.jpg,9761
189721,189722.jpg,7193
189731,189732.jpg,9761
189734,189735.jpg,8793
189759,189760.jpg,7824
189761,189762.jpg,9983
189770,189771.jpg,5774
189784,189785.jpg,6494
189797,189798.jpg,7438
189800,189801.jpg,6956
189816,189817.jpg,8630
189872,189873.jpg,5354
189876,189877.jpg,5888
189882,189883.jpg,5253
189891,189892.jpg,8793
189897,189898.jpg,9102
189909,189910.jpg,6424
189960,189961.jpg,8951
189999,190000.jpg,5273
190021,190022.jpg,7824
190022,190023.jpg,5585
190024,190025.jpg,9983
190026,190027.jpg,6370
190035,190036.jpg,9246
190067,190068.jpg,5563
190070,190071.jpg,9149
190108,190109.jpg,5520
190123,190124.jpg,6424
190129,190130.jpg,10062
190149,190150.jpg,9102
190150,190151.jpg,5281
190160,190161.jpg,7824
190175,190176.jpg,7193
190185,190186.jpg,8951
190218,190219.jpg,6472
190221,190222.jpg,6823
190222,190223.jpg,5570
190237,190238.jpg,8630
190242,190243.jpg,6956
190256,190257.jpg,9102
190261,190262.jpg,6814
190271,190272.jpg,9739
190283,190284.jpg,8630
190297,190298.jpg,8630
190316,190317.jpg,5799
190318,190319.jpg,6814
190324,190325.jpg,6567
190344,190345.jpg,4996
190353,190354.jpg,5563
190363,190364.jpg,7438
190365,190366.jpg,8520
190387,190388.jpg,9841
190396,190397.jpg,5253
190402,190403.jpg,5253
190404,190405.jpg,9798
190420,190421.jpg,5253
190425,190426.jpg,8793
190439,190440.jpg,5072
190441,190442.jpg,4996
190454,190455.jpg,5328
190461,190462.jpg,5354
190476,190477.jpg,5585
190480,190481.jpg,5328
190484,190485.jpg,6886
190499,190500.jpg,10062
190589,190590.jpg,5563
190593,190594.jpg,6567
190595,190596.jpg,5072
190598,190599.jpg,6567
190626,190627.jpg,5253
190660,190661.jpg,6823
190673,190674.jpg,6370
190682,190683.jpg,7824
190690,190691.jpg,7438
190703,190704.jpg,9086
190777,190778.jpg,9086
190778,190779.jpg,8520
190784,190785.jpg,6424
190797,190798.jpg,7824
190823,190824.jpg,5799
190833,190834.jpg,5444
190834,190835.jpg,7824
190852,190853.jpg,5273
190884,190885.jpg,5570
190885,190886.jpg,8520
190892,190893.jpg,9246
190908,190909.jpg,6886
190927,190928.jpg,6370
190932,190933.jpg,5888
190946,190947.jpg,8984
190952,190953.jpg,5563
190969,190970.jpg,6958
191011,191012.jpg,5444
191015,191016.jpg,6973
191027,191028.jpg,9149
191030,191031.jpg,8520
191032,191033.jpg,5426
191052,191053.jpg,5520
191080,191081.jpg,8520
191086,191087.jpg,10025
191087,191088.jpg,5072
191089,191090.jpg,5426
191090,191091.jpg,8793
191095,191096.jpg,6823
191103,191104.jpg,6920
191112,191113.jpg,8984
191121,191122.jpg,6823
191140,191141.jpg,9086
191163,191164.jpg,9086
191172,191173.jpg,7824
191179,191180.jpg,9149
191191,191192.jpg,6814
191205,191206.jpg,8951
191263,191264.jpg,6424
191265,191266.jpg,9761
191284,191285.jpg,6973
191291,191292.jpg,5158
191292,191293.jpg,9761
191313,191314.jpg,6472
191340,191341.jpg,5281
191355,191356.jpg,7438
191356,191357.jpg,8984
191362,191363.jpg,6886
191368,191369.jpg,8520
191373,191374.jpg,7193
191380,191381.jpg,9761
191408,191409.jpg,6886
191436,191437.jpg,10062
191448,191449.jpg,5520
191449,191450.jpg,6973
191451,191452.jpg,5520
191459,191460.jpg,5585
191489,191490.jpg,5072
191491,191492.jpg,8984
191493,191494.jpg,8951
191501,191502.jpg,5426
191507,191508.jpg,8984
191508,191509.jpg,5253
191529,191530.jpg,9246
191537,191538.jpg,6424
191546,191547.jpg,5072
191555,191556.jpg,6567
191571,191572.jpg,8936
191582,191583.jpg,5888
191619,191620.jpg,8630
191620,191621.jpg,5273
191649,191650.jpg,9739
191674,191675.jpg,6823
191676,191677.jpg,5072
191718,191719.jpg,6567
191722,191723.jpg,8630
191741,191742.jpg,5567
191751,191752.jpg,9983
191771,191772.jpg,5426
191784,191785.jpg,9983
191785,191786.jpg,8936
191800,191801.jpg,5328
191809,191810.jpg,9086
191810,191811.jpg,10062
191867,191868.jpg,6472
191869,191870.jpg,7438
191893,191894.jpg,5570
191894,191895.jpg,7824
191916,191917.jpg,6886
191919,191920.jpg,5426
191930,191931.jpg,6567
191956,191957.jpg,6973
191964,191965.jpg,6472
191974,191975.jpg,5072
191976,191977.jpg,8936
191977,191978.jpg,6567
191978,191979.jpg,6956
191999,192000.jpg,9983
192001,192002.jpg,9246
192013,192014.jpg,8630
192014,192015.jpg,10025
192015,192016.jpg,6823
192037,192038.jpg,6472
192042,192043.jpg,9102
192043,192044.jpg,5520
192050,192051.jpg,5158
192054,192055.jpg,5072
192081,192082.jpg,5585
192083,192084.jpg,5567
192091,192092.jpg,6424
192099,192100.jpg,9798
192122,192123.jpg,5567
192123,192124.jpg,6814
192129,192130.jpg,9246
192145,192146.jpg,8630
192160,192161.jpg,6956
192164,192165.jpg,5253
192179,192180.jpg,5281
192195,192196.jpg,5585
192204,192205.jpg,7438
192208,192209.jpg,4996
192223,192224.jpg,5570
192224,192225.jpg,5223
192232,192233.jpg,10062
192243,192244.jpg,5520
192263,192264.jpg,9798
192287,192288.jpg,5570
192290,192291.jpg,8936
192343,192344.jpg,8951
192345,192346.jpg,5888
192351,192352.jpg,6823
192352,192353.jpg,8793
192364,192365.jpg,5281
192389,192390.jpg,5585
192409,192410.jpg,9761
192419,192420.jpg,9739
192422,192423.jpg,6886
192424,192425.jpg,5281
192439,192440.jpg,6886
192448,192449.jpg,6494
192457,192458.jpg,5799
192460,192461.jpg,5158
192475,192476.jpg,6823
192532,192533.jpg,9149
192542,192543.jpg,6920
192559,192560.jpg,9798
192562,192563.jpg,5567
192576,192577.jpg,10025
192590,192591.jpg,5158
192625,192626.jpg,7824
192634,192635.jpg,10062
192659,192660.jpg,6958
192699,192700.jpg,5444
192733,192734.jpg,9246
192736,192737.jpg,6494
192745,192746.jpg,9246
192746,192747.jpg,10062
192748,192749.jpg,5567
192759,192760.jpg,6814
192767,192768.jpg,5444
192778,192779.jpg,5563
192807,192808.jpg,8793
192829,192830.jpg,6814
192858,192859.jpg,5444
192871,192872.jpg,5158
192876,192877.jpg,5273
192877,192878.jpg,8936
192892,192893.jpg,5888
192902,192903.jpg,8984
192917,192918.jpg,6472
192922,192923.jpg,7438
192936,192937.jpg,10062
192965,192966.jpg,7438
192970,192971.jpg,5774
192985,192986.jpg,5273
192999,193000.jpg,7824
193001,193002.jpg,5354
193008,193009.jpg,4996
193014,193015.jpg,8984
193052,193053.jpg,5273
193059,193060.jpg,5567
193063,193064.jpg,5223
193071,193072.jpg,5328
193147,193148.jpg,5444
193149,193150.jpg,5563
193152,193153.jpg,5774
193154,193155.jpg,5426
193171,193172.jpg,9246
193182,193183.jpg,5354
193194,193195.jpg,9102
193210,193211.jpg,5223
193216,193217.jpg,8793
193228,193229.jpg,6886
193249,193250.jpg,5253
193268,193269.jpg,5888
193276,193277.jpg,6958
193290,193291.jpg,8936
193312,193313.jpg,7193
193315,193316.jpg,7824
193327,193328.jpg,5158
193328,193329.jpg,9102
193329,193330.jpg,10025
193332,193333.jpg,6472
193360,193361.jpg,9841
193370,193371.jpg,5563
193402,193403.jpg,6494
193404,193405.jpg,5354
193409,193410.jpg,6370
193416,193417.jpg,9798
193421,193422.jpg,5774
193427,193428.jpg,6973
193435,193436.jpg,5585
193457,193458.jpg,5253
193470,193471.jpg,6370
193471,193472.jpg,9798
193514,193515.jpg,6973
193518,193519.jpg,4996
193534,193535.jpg,5354
193560,193561.jpg,5281
193576,193577.jpg,5328
193599,193600.jpg,6973
193628,193629.jpg,6823
193634,193635.jpg,5563
193638,193639.jpg,5354
193672,193673.jpg,6424
193675,193676.jpg,4996
193696,193697.jpg,5799
193699,193700.jpg,5520
193722,193723.jpg,9149
193723,193724.jpg,7438
193754,193755.jpg,6958
193774,193775.jpg,6920
193798,193799.jpg,5570
193835,193836.jpg,5774
193845,193846.jpg,9739
193862,193863.jpg,8520
193898,193899.jpg,6958
193900,193901.jpg,8936
193908,193909.jpg,5223
193927,193928.jpg,7193
193941,193942.jpg,7438
193947,193948.jpg,9739
193970,193971.jpg,5774
193976,193977.jpg,9798
193999,194000.jpg,7193
194010,194011.jpg,5158
194018,194019.jpg,5520
194046,194047.jpg,5563
194070,194071.jpg,8936
194081,194082.jpg,5888
194086,194087.jpg,5520
194120,194121.jpg,8936
194129,194130.jpg,7193
194174,194175.jpg,9841
194179,194180.jpg,6920
194188,194189.jpg,5354
194201,194202.jpg,8951
194262,194263.jpg,5354
194276,194277.jpg,6956
194295,194296.jpg,6424
194296,194297.jpg,6814
194304,194305.jpg,7438
194336,194337.jpg,6956
194352,194353.jpg,7438
194365,194366.jpg,6370
194366,194367.jpg,9739
194376,194377.jpg,8936
194381,194382.jpg,5253
194401,194402.jpg,5281
194409,194410.jpg,6370
194411,194412.jpg,6424
194422,194423.jpg,6920
194436,194437.jpg,6494
194438,194439.jpg,8630
194454,194455.jpg,10025
194457,194458.jpg,8951
194464,194465.jpg,7438
194490,194491.jpg,5223
194502,194503.jpg,5223
194503,194504.jpg,6370
194507,194508.jpg,6567
194520,194521.jpg,6958
194541,194542.jpg,7824
194547,194548.jpg,5223
194551,194552.jpg,5444
194552,194553.jpg,5253
194553,194554.jpg,9086
194554,194555.jpg,5223
194571,194572.jpg,6886
194583,194584.jpg,9983
194600,194601.jpg,6958
194614,194615.jpg,5426
194616,194617.jpg,5328
194618,194619.jpg,5223
194636,194637.jpg,8520
194644,194645.jpg,5585
194647,194648.jpg,8630
194671,194672.jpg,5253
194672,194673.jpg,4996
194676,194677.jpg,5799
194689,194690.jpg,5273
194697,194698.jpg,5158
194771,194772.jpg,5570
194791,194792.jpg,6472
194798,194799.jpg,5520
194820,194821.jpg,6472
194861,194862.jpg,6494
194865,194866.jpg,5774
194869,194870.jpg,5354
194872,194873.jpg,5223
194895,194896.jpg,4996
194915,194916.jpg,8793
194921,194922.jpg,9798
194930,194931.jpg,5072
194959,194960.jpg,5426
194962,194963.jpg,5888
194971,194972.jpg,5570
194975,194976.jpg,9983
194982,194983.jpg,6472
194991,194992.jpg,5520
194995,194996.jpg,6958
195010,195011.jpg,8936
195011,195012.jpg,5774
195015,195016.jpg,5354
195055,195056.jpg,6424
195056,195057.jpg,5158
195057,195058.jpg,6370
195062,195063.jpg,5223
195089,195090.jpg,5520
195092,195093.jpg,5072
195097,195098.jpg,6958
195101,195102.jpg,5354
195109,195110.jpg,8951
195122,195123.jpg,5444
195124,195125.jpg,5328
195163,195164.jpg,10062
195169,195170.jpg,6424
195172,195173.jpg,9761
195175,195176.jpg,9739
195183,195184.jpg,6973
195209,195210.jpg,6886
195215,195216.jpg,7824
195226,195227.jpg,9086
195227,195228.jpg,8793
195232,195233.jpg,5281
195239,195240.jpg,9102
195257,195258.jpg,8793
195264,195265.jpg,5799
195272,195273.jpg,8984
195306,195307.jpg,8951
195315,195316.jpg,9102
195340,195341.jpg,4996
195347,195348.jpg,5281
195364,195365.jpg,5444
195365,195366.jpg,5328
195371,195372.jpg,7824
195380,195381.jpg,4996
195389,195390.jpg,5585
195400,195401.jpg,5426
195406,195407.jpg,6567
195433,195434.jpg,5281
195436,195437.jpg,6370
195440,195441.jpg,5253
195483,195484.jpg,5328
195497,195498.jpg,8520
195514,195515.jpg,5354
195527,195528.jpg,5799
195528,195529.jpg,6973
195565,195566.jpg,6494
195573,195574.jpg,9739
195574,195575.jpg,6823
195585,195586.jpg,9761
195601,195602.jpg,5520
195608,195609.jpg,6886
195610,195611.jpg,5570
195635,195636.jpg,5354
195651,195652.jpg,8951
195662,195663.jpg,6958
195668,195669.jpg,5354
195677,195678.jpg,8936
195694,195695.jpg,8936
195698,195699.jpg,9761
195750,195751.jpg,6370
195772,195773.jpg,9841
195780,195781.jpg,6823
195786,195787.jpg,5570
195829,195830.jpg,5570
195834,195835.jpg,8984
195838,195839.jpg,6370
195845,195846.jpg,6814
195855,195856.jpg,6370
195865,195866.jpg,8936
195867,195868.jpg,9983
195868,195869.jpg,6494
195887,195888.jpg,9102
195891,195892.jpg,6956
195927,195928.jpg,5799
195928,195929.jpg,6958
195983,195984.jpg,6823
195987,195988.jpg,6956
196006,196007.jpg,9841
196012,196013.jpg,5774
196043,196044.jpg,8951
196052,196053.jpg,10062
196056,196057.jpg,9841
196068,196069.jpg,10062
196081,196082.jpg,9798
196101,196102.jpg,8630
196136,196137.jpg,5444
196140,196141.jpg,6920
196171,196172.jpg,5799
196178,196179.jpg,8793
196206,196207.jpg,5585
196210,196211.jpg,5426
196211,196212.jpg,6886
196224,196225.jpg,5444
196247,196248.jpg,9086
196255,196256.jpg,6472
196295,196296.jpg,9102
196299,196300.jpg,9086
196341,196342.jpg,9761
196355,196356.jpg,8630
196358,196359.jpg,5253
196360,196361.jpg,8951
196366,196367.jpg,5253
196403,196404.jpg,5774
196419,196420.jpg,8630
196450,196451.jpg,6494
196466,196467.jpg,7438
196467,196468.jpg,7824
196476,196477.jpg,9841
196505,196506.jpg,6956
196506,196507.jpg,5072
196512,196513.jpg,6814
196515,196516.jpg,8793
196522,196523.jpg,8793
196560,196561.jpg,8793
196580,196581.jpg,5158
196593,196594.jpg,6886
196594,196595.jpg,5570
196611,196612.jpg,6424
196620,196621.jpg,6472
196625,196626.jpg,5281
196631,196632.jpg,10025
196645,196646.jpg,5426
196684,196685.jpg,9983
196692,196693.jpg,10025
196715,196716.jpg,9841
196750,196751.jpg,6886
196752,196753.jpg,8793
196755,196756.jpg,9246
196759,196760.jpg,9798
196770,196771.jpg,5273
196803,196804.jpg,5799
196815,196816.jpg,5799
196838,196839.jpg,8984
196840,196841.jpg,6494
196842,196843.jpg,5328
196856,196857.jpg,8793
196872,196873.jpg,6494
196891,196892.jpg,5354
196895,196896.jpg,6567
196896,196897.jpg,5585
196907,196908.jpg,6567
196908,196909.jpg,8951
196921,196922.jpg,5585
196933,196934.jpg,6886
196936,196937.jpg,6424
196952,196953.jpg,6823
197018,197019.jpg,5328
197026,197027.jpg,5354
197063,197064.jpg,7438
197072,197073.jpg,7193
197077,197078.jpg,5585
197087,197088.jpg,7824
197117,197118.jpg,6424
197136,197137.jpg,9149
197140,197141.jpg,5567
197143,197144.jpg,10062
197149,197150.jpg,8984
197164,197165.jpg,9798
197176,197177.jpg,9102
197177,197178.jpg,10025
197200,197201.jpg,9739
197207,197208.jpg,6370
197214,197215.jpg,10025
197278,197279.jpg,5328
197288,197289.jpg,4996
197306,197307.jpg,6494
197318,197319.jpg,5585
197323,197324.jpg,6886
197333,197334.jpg,9739
197336,197337.jpg,5567
197341,197342.jpg,6920
197342,197343.jpg,6823
197378,197379.jpg,6472
197380,197381.jpg,10025
197397,197398.jpg,8951
197406,197407.jpg,6814
197409,197410.jpg,6958
197418,197419.jpg,5444
197428,197429.jpg,6886
197461,197462.jpg,10025
197482,197483.jpg,6472
197509,197510.jpg,5253
197517,197518.jpg,5072
197525,197526.jpg,5567
197528,197529.jpg,5585
197529,197530.jpg,6472
197561,197562.jpg,7193
197585,197586.jpg,5223
197599,197600.jpg,5774
197634,197635.jpg,5223
197637,197638.jpg,8630
197642,197643.jpg,6814
197677,197678.jpg,5072
197701,197702.jpg,5567
197717,197718.jpg,10062
197735,197736.jpg,7438
197757,197758.jpg,6958
197759,197760.jpg,9086
197764,197765.jpg,9246
197773,197774.jpg,5799
197792,197793.jpg,6956
197800,197801.jpg,7438
197805,197806.jpg,5888
197806,197807.jpg,6920
197829,197830.jpg,9149
197838,197839.jpg,8936
197864,197865.jpg,7193
197885,197886.jpg,10025
197892,197893.jpg,9246
197895,197896.jpg,5774
197902,197903.jpg,5072
197920,197921.jpg,5158
197927,197928.jpg,6973
197948,197949.jpg,9983
197976,197977.jpg,5444
197985,197986.jpg,5444
197993,197994.jpg,5354
198012,198013.jpg,5273
198025,198026.jpg,7193
198026,198027.jpg,5354
198035,198036.jpg,4996
198037,198038.jpg,7438
198047,198048.jpg,6973
198058,198059.jpg,9086
198066,198067.jpg,5072
198068,198069.jpg,5273
198077,198078.jpg,9086
198097,198098.jpg,9798
198104,198105.jpg,5774
198109,198110.jpg,9841
198140,198141.jpg,6956
198154,198155.jpg,6567
198182,198183.jpg,5253
198216,198217.jpg,5563
198223,198224.jpg,6958
198228,198229.jpg,6973
198237,198238.jpg,9246
198240,198241.jpg,6920
198276,198277.jpg,7824
198311,198312.jpg,9761
198319,198320.jpg,6814
198326,198327.jpg,6494
198336,198337.jpg,5253
198350,198351.jpg,9983
198385,198386.jpg,5563
198389,198390.jpg,5570
198392,198393.jpg,9798
198395,198396.jpg,9246
198404,198405.jpg,6956
198406,198407.jpg,5253
198414,198415.jpg,9798
198427,198428.jpg,6973
198439,198440.jpg,9149
198456,198457.jpg,6472
198459,198460.jpg,6370
198481,198482.jpg,10025
198504,198505.jpg,6424
198522,198523.jpg,5273
198544,198545.jpg,6494
198560,198561.jpg,8936
198583,198584.jpg,8520
198588,198589.jpg,6424
198600,198601.jpg,5426
198611,198612.jpg,5273
198625,198626.jpg,5444
198630,198631.jpg,6494
198638,198639.jpg,9983
198649,198650.jpg,5158
198653,198654.jpg,8630
198655,198656.jpg,5444
198657,198658.jpg,5072
198661,198662.jpg,5072
198665,198666.jpg,7824
198672,198673.jpg,6958
198686,198687.jpg,8520
198699,198700.jpg,4996
198701,198702.jpg,5281
198716,198717.jpg,10025
198730,198731.jpg,9086
198732,198733.jpg,6424
198747,198748.jpg,5426
198784,198785.jpg,5888
198795,198796.jpg,6958
198808,198809.jpg,9102
198814,198815.jpg,5585
198816,198817.jpg,6956
198819,198820.jpg,8520
198829,198830.jpg,7193
198832,198833.jpg,8630
198840,198841.jpg,5426
198888,198889.jpg,6494
198896,198897.jpg,5354
198903,198904.jpg,6823
198909,198910.jpg,5567
198911,198912.jpg,9246
198916,198917.jpg,8630
198935,198936.jpg,6973
198946,198947.jpg,6424
198959,198960.jpg,5253
198966,198967.jpg,8520
198971,198972.jpg,5585
198981,198982.jpg,5799
198983,198984.jpg,8630
198994,198995.jpg,8630
199007,199008.jpg,5328
199019,199020.jpg,6370
199030,199031.jpg,9761
199033,199034.jpg,10062
199077,199078.jpg,5158
199101,199102.jpg,5072
199105,199106.jpg,6424
199114,199115.jpg,8793
199133,199134.jpg,9983
199143,199144.jpg,5223
199170,199171.jpg,5570
199176,199177.jpg,8793
199201,199202.jpg,5799
199208,199209.jpg,9761
199211,199212.jpg,6973
199225,199226.jpg,5774
199234,199235.jpg,9798
199250,199251.jpg,8951
199258,199259.jpg,6814
199267,199268.jpg,9798
199270,199271.jpg,6567
199273,199274.jpg,7824
199287,199288.jpg,5774
199329,199330.jpg,6886
199337,199338.jpg,5774
199346,199347.jpg,8936
199366,199367.jpg,5158
199367,199368.jpg,9983
199371,199372.jpg,5567
199398,199399.jpg,5774
199408,199409.jpg,6823
199410,199411.jpg,5570
199431,199432.jpg,7824
199447,199448.jpg,7193
199448,199449.jpg,5570
199455,199456.jpg,5158
199481,199482.jpg,6472
199485,199486.jpg,5253
199487,199488.jpg,9086
199490,199491.jpg,5774
199503,199504.jpg,5223
199515,199516.jpg,5799
199521,199522.jpg,9983
199531,199532.jpg,5072
199549,199550.jpg,5567
199551,199552.jpg,7193
199570,199571.jpg,5158
199588,199589.jpg,8984
199600,199601.jpg,5426
199602,199603.jpg,9761
199632,199633.jpg,6472
199636,199637.jpg,5520
199646,199647.jpg,9149
199677,199678.jpg,8951
199707,199708.jpg,9149
199712,199713.jpg,5223
199739,199740.jpg,6956
199770,199771.jpg,6472
199803,199804.jpg,9798
199809,199810.jpg,5888
199817,199818.jpg,5273
199818,199819.jpg,5888
199837,199838.jpg,5563
199840,199841.jpg,9246
199841,199842.jpg,5158
199854,199855.jpg,9841
199879,199880.jpg,5563
199906,199907.jpg,5570
199921,199922.jpg,7438
199924,199925.jpg,7438
199925,199926.jpg,6920
199937,199938.jpg,10062
199939,199940.jpg,6567
199955,199956.jpg,8936
199977,199978.jpg,6370
199982,199983.jpg,5563
200019,200020.jpg,5426
200063,200064.jpg,9841
200087,200088.jpg,5444
200100,200101.jpg,6956
200122,200123.jpg,5585
200134,200135.jpg,8793
200138,200139.jpg,8520
200146,200147.jpg,9798
200173,200174.jpg,9086
200186,200187.jpg,5585
200195,200196.jpg,9841
200199,200200.jpg,6886
200205,200206.jpg,5774
200248,200249.jpg,6424
200263,200264.jpg,6823
200269,200270.jpg,6370
200274,200275.jpg,9149
200283,200284.jpg,5774
200286,200287.jpg,5223
200302,200303.jpg,5563
200307,200308.jpg,6424
200319,200320.jpg,8630
200321,200322.jpg,10025
200330,200331.jpg,5223
200362,200363.jpg,6956
200382,200383.jpg,6958
200403,200404.jpg,9086
200407,200408.jpg,9149
200414,200415.jpg,5273
200417,200418.jpg,9841
200419,200420.jpg,8630
200423,200424.jpg,9739
200438,200439.jpg,6920
200444,200445.jpg,9149
200445,200446.jpg,9841
200457,200458.jpg,5799
200469,200470.jpg,6973
200488,200489.jpg,9761
200490,200491.jpg,8951
200492,200493.jpg,6956
200500,200501.jpg,8936
200513,200514.jpg,8984
200534,200535.jpg,10062
200541,200542.jpg,10025
200599,200600.jpg,6567
200603,200604.jpg,9841
200621,200622.jpg,9102
200732,200733.jpg,8984
200741,200742.jpg,6920
200748,200749.jpg,5072
200759,200760.jpg,5520
200775,200776.jpg,5426
200792,200793.jpg,9739
200800,200801.jpg,4996
200828,200829.jpg,5158
200829,200830.jpg,6973
200840,200841.jpg,8520
200882,200883.jpg,6823
200908,200909.jpg,5253
200911,200912.jpg,9149
200913,200914.jpg,5354
200916,200917.jpg,7193
200924,200925.jpg,6973
200939,200940.jpg,4996
200943,200944.jpg,6424
200953,200954.jpg,9086
200981,200982.jpg,6494
201014,201015.jpg,4996
201036,201037.jpg,5328
201037,201038.jpg,9086
201055,201056.jpg,8951
201073,201074.jpg,6814
201075,201076.jpg,7824
201086,201087.jpg,6886
201129,201130.jpg,4996
201134,201135.jpg,7193
201139,201140.jpg,5570
201144,201145.jpg,10025
201153,201154.jpg,5253
201158,201159.jpg,4996
201162,201163.jpg,9761
201172,201173.jpg,5328
201175,201176.jpg,9086
201178,201179.jpg,8793
201194,201195.jpg,5273
201196,201197.jpg,5563
201203,201204.jpg,5888
201206,201207.jpg,5888
201238,201239.jpg,8793
201262,201263.jpg,8793
201263,201264.jpg,8520
201281,201282.jpg,4996
201285,201286.jpg,6814
201303,201304.jpg,5281
201305,201306.jpg,5273
201310,201311.jpg,5888
201327,201328.jpg,7438
201338,201339.jpg,6567
201342,201343.jpg,5799
201345,201346.jpg,6472
201349,201350.jpg,5426
201352,201353.jpg,6958
201362,201363.jpg,5281
201387,201388.jpg,5774
201390,201391.jpg,6567
201397,201398.jpg,9739
201401,201402.jpg,5281
201403,201404.jpg,5585
201419,201420.jpg,5281
201457,201458.jpg,6567
201475,201476.jpg,6494
201487,201488.jpg,5585
201502,201503.jpg,5426
201520,201521.jpg,5158
201533,201534.jpg,8793
201545,201546.jpg,9798
201563,201564.jpg,9246
201571,201572.jpg,9983
201572,201573.jpg,5570
201580,201581.jpg,5158
201585,201586.jpg,9761
201600,201601.jpg,5281
201615,201616.jpg,5223
201633,201634.jpg,10062
201635,201636.jpg,9761
201638,201639.jpg,5158
201640,201641.jpg,6920
201645,201646.jpg,4996
201659,201660.jpg,8520
201672,201673.jpg,4996
201681,201682.jpg,5567
201698,201699.jpg,8984
201707,201708.jpg,5273
201716,201717.jpg,6956
201733,201734.jpg,7824
201740,201741.jpg,5585
201745,201746.jpg,9739
201758,201759.jpg,5328
201761,201762.jpg,9246
201767,201768.jpg,9983
201790,201791.jpg,6956
201796,201797.jpg,5273
201804,201805.jpg,9102
201810,201811.jpg,5444
201823,201824.jpg,5253
201832,201833.jpg,5273
201845,201846.jpg,9739
201847,201848.jpg,5354
201902,201903.jpg,5888
201905,201906.jpg,4996
201911,201912.jpg,5223
201916,201917.jpg,5328
201917,201918.jpg,5281
201944,201945.jpg,5774
201955,201956.jpg,9739
201963,201964.jpg,7824
201968,201969.jpg,9086
201978,201979.jpg,5281
201995,201996.jpg,6973
202015,202016.jpg,7193
202036,202037.jpg,5563
202051,202052.jpg,6814
202060,202061.jpg,9761
202073,202074.jpg,8984
202078,202079.jpg,6567
202131,202132.jpg,6814
202144,202145.jpg,5273
202162,202163.jpg,7193
202197,202198.jpg,5585
202222,202223.jpg,6823
202225,202226.jpg,6920
202231,202232.jpg,5426
202260,202261.jpg,9841
202263,202264.jpg,5426
202265,202266.jpg,10025
202267,202268.jpg,5253
202272,202273.jpg,5444
202278,202279.jpg,9841
202283,202284.jpg,8951
202284,202285.jpg,8630
202299,202300.jpg,5799
202318,202319.jpg,5520
202322,202323.jpg,8951
202327,202328.jpg,9761
202356,202357.jpg,9149
202359,202360.jpg,7193
202360,202361.jpg,5570
202375,202376.jpg,9086
202400,202401.jpg,5158
202407,202408.jpg,5328
202424,202425.jpg,5273
202435,202436.jpg,6956
202474,202475.jpg,6973
202479,202480.jpg,9246
202481,202482.jpg,9761
202488,202489.jpg,9798
202494,202495.jpg,10062
202496,202497.jpg,8984
202533,202534.jpg,7438
202544,202545.jpg,10062
202559,202560.jpg,6494
202576,202577.jpg,9246
202591,202592.jpg,7824
202593,202594.jpg,8984
202594,202595.jpg,9761
202597,202598.jpg,5570
